source_row,order_id,order_item_id,product_id,sale_date_utc,order_status,item_status,order_disposition,sale_price,product_category,normalized_order_id,normalized_order_item_id,normalized_product_id,normalized_sale_date_utc,normalized_amount_source_usd,status,reason_code,reason_explanation
2,104,140,10396,2024-01-22,Cancelled,Cancelled,EXCLUE_METIER,48.0,Intimates,104,140,10396,2024-01-22,48.00,EXCLUE PAR RÈGLE MÉTIER,CANCELLED_ORDER,Commande annulée : exclusion métier du chiffre d'affaires.
4,269,388,16581,2024-01-12,Returned,Returned,EXCLUE_METIER,39.5,Tops & Tees,269,388,16581,2024-01-12,39.50,EXCLUE PAR RÈGLE MÉTIER,RETURNED_ORDER,Commande retournée : exclusion métier du chiffre d'affaires.
5,289,413,6382,2024-01-30,Returned,Returned,EXCLUE_METIER,16.5,Shorts,289,413,6382,2024-01-30,16.50,EXCLUE PAR RÈGLE MÉTIER,RETURNED_ORDER,Commande retournée : exclusion métier du chiffre d'affaires.
6,289,414,1411,2024-01-26,Returned,Returned,EXCLUE_METIER,59.5,Sweaters,289,414,1411,2024-01-26,59.50,EXCLUE PAR RÈGLE MÉTIER,RETURNED_ORDER,Commande retournée : exclusion métier du chiffre d'affaires.
8,600,851,23779,2024-01-14,Processing,Processing,A_VERIFIER_ETAT,266.6600036621094,Outerwear & Coats,600,851,23779,2024-01-14,266.66,À VÉRIFIER,PROCESSING_ORDER,Commande encore en traitement : chiffre d'affaires à vérifier.
10,655,923,10856,2024-01-24,Processing,Processing,A_VERIFIER_ETAT,30.0,Intimates,655,923,10856,2024-01-24,30.00,À VÉRIFIER,PROCESSING_ORDER,Commande encore en traitement : chiffre d'affaires à vérifier.
13,823,1153,28809,2024-01-27,Cancelled,Cancelled,EXCLUE_METIER,24.989999771118164,Accessories,823,1153,28809,2024-01-27,24.99,EXCLUE PAR RÈGLE MÉTIER,CANCELLED_ORDER,Commande annulée : exclusion métier du chiffre d'affaires.
18,1295,1849,26918,2024-01-25,Returned,Returned,EXCLUE_METIER,47.0,Sleep & Lounge,1295,1849,26918,2024-01-25,47.00,EXCLUE PAR RÈGLE MÉTIER,RETURNED_ORDER,Commande retournée : exclusion métier du chiffre d'affaires.
20,1324,1892,16250,2024-01-03,Cancelled,Cancelled,EXCLUE_METIER,59.5,Tops & Tees,1324,1892,16250,2024-01-03,59.50,EXCLUE PAR RÈGLE MÉTIER,CANCELLED_ORDER,Commande annulée : exclusion métier du chiffre d'affaires.
21,1411,2014,21844,2024-01-15,Processing,Processing,A_VERIFIER_ETAT,59.950000762939446,Pants,1411,2014,21844,2024-01-15,59.95,À VÉRIFIER,PROCESSING_ORDER,Commande encore en traitement : chiffre d'affaires à vérifier.
31,1648,2341,19559,2024-01-13,Processing,Processing,A_VERIFIER_ETAT,168.83999633789062,Sweaters,1648,2341,19559,2024-01-13,168.84,À VÉRIFIER,PROCESSING_ORDER,Commande encore en traitement : chiffre d'affaires à vérifier.
32,1648,2342,22395,2024-01-13,Processing,Processing,A_VERIFIER_ETAT,198.0,Pants,1648,2342,22395,2024-01-13,198.00,À VÉRIFIER,PROCESSING_ORDER,Commande encore en traitement : chiffre d'affaires à vérifier.
33,1648,2343,21253,2024-01-14,Processing,Processing,A_VERIFIER_ETAT,154.0,Jeans,1648,2343,21253,2024-01-14,154.00,À VÉRIFIER,PROCESSING_ORDER,Commande encore en traitement : chiffre d'affaires à vérifier.
34,1672,2371,26261,2024-01-19,Processing,Processing,A_VERIFIER_ETAT,28.5,Underwear,1672,2371,26261,2024-01-19,28.50,À VÉRIFIER,PROCESSING_ORDER,Commande encore en traitement : chiffre d'affaires à vérifier.
35,1688,2389,10114,2024-01-19,Returned,Returned,EXCLUE_METIER,65.0,Sleep & Lounge,1688,2389,10114,2024-01-19,65.00,EXCLUE PAR RÈGLE MÉTIER,RETURNED_ORDER,Commande retournée : exclusion métier du chiffre d'affaires.
36,1688,2390,9081,2024-01-16,Returned,Returned,EXCLUE_METIER,17.950000762939453,Socks & Hosiery,1688,2390,9081,2024-01-16,17.95,EXCLUE PAR RÈGLE MÉTIER,RETURNED_ORDER,Commande retournée : exclusion métier du chiffre d'affaires.
37,1760,2489,13629,2024-01-11,Processing,Processing,A_VERIFIER_ETAT,1.5099999904632568,Accessories,1760,2489,13629,2024-01-11,1.51,À VÉRIFIER,PROCESSING_ORDER,Commande encore en traitement : chiffre d'affaires à vérifier.
39,2142,3030,26208,2024-01-17,Cancelled,Cancelled,EXCLUE_METIER,38.0,Underwear,2142,3030,26208,2024-01-17,38.00,EXCLUE PAR RÈGLE MÉTIER,CANCELLED_ORDER,Commande annulée : exclusion métier du chiffre d'affaires.
40,2142,3031,27574,2024-01-18,Cancelled,Cancelled,EXCLUE_METIER,50.0,Swim,2142,3031,27574,2024-01-18,50.00,EXCLUE PAR RÈGLE MÉTIER,CANCELLED_ORDER,Commande annulée : exclusion métier du chiffre d'affaires.
43,2215,3138,25703,2024-01-15,Processing,Processing,A_VERIFIER_ETAT,39.9900016784668,Underwear,2215,3138,25703,2024-01-15,39.99,À VÉRIFIER,PROCESSING_ORDER,Commande encore en traitement : chiffre d'affaires à vérifier.
48,2797,3977,20669,2024-01-30,Processing,Processing,A_VERIFIER_ETAT,74.0,Jeans,2797,3977,20669,2024-01-30,74.00,À VÉRIFIER,PROCESSING_ORDER,Commande encore en traitement : chiffre d'affaires à vérifier.
59,3280,4701,1921,2024-01-08,Cancelled,Cancelled,EXCLUE_METIER,34.95000076293945,Fashion Hoodies & Sweatshirts,3280,4701,1921,2024-01-08,34.95,EXCLUE PAR RÈGLE MÉTIER,CANCELLED_ORDER,Commande annulée : exclusion métier du chiffre d'affaires.
64,3455,4951,15843,2024-01-17,Returned,Returned,EXCLUE_METIER,4.380000114440918,Plus,3455,4951,15843,2024-01-17,4.38,EXCLUE PAR RÈGLE MÉTIER,RETURNED_ORDER,Commande retournée : exclusion métier du chiffre d'affaires.
65,3465,4965,25091,2024-01-24,Cancelled,Cancelled,EXCLUE_METIER,25.0,Socks,3465,4965,25091,2024-01-24,25.00,EXCLUE PAR RÈGLE MÉTIER,CANCELLED_ORDER,Commande annulée : exclusion métier du chiffre d'affaires.
67,3600,5167,15636,2024-01-30,Returned,Returned,EXCLUE_METIER,12.0,Plus,3600,5167,15636,2024-01-30,12.00,EXCLUE PAR RÈGLE MÉTIER,RETURNED_ORDER,Commande retournée : exclusion métier du chiffre d'affaires.
69,3857,5544,25684,2024-01-14,Returned,Returned,EXCLUE_METIER,22.739999771118164,Underwear,3857,5544,25684,2024-01-14,22.74,EXCLUE PAR RÈGLE MÉTIER,RETURNED_ORDER,Commande retournée : exclusion métier du chiffre d'affaires.
70,3857,5545,23240,2024-01-12,Returned,Returned,EXCLUE_METIER,40.0,Shorts,3857,5545,23240,2024-01-12,40.00,EXCLUE PAR RÈGLE MÉTIER,RETURNED_ORDER,Commande retournée : exclusion métier du chiffre d'affaires.
71,3857,5546,19353,2024-01-11,Returned,Returned,EXCLUE_METIER,39.880001068115234,Sweaters,3857,5546,19353,2024-01-11,39.88,EXCLUE PAR RÈGLE MÉTIER,RETURNED_ORDER,Commande retournée : exclusion métier du chiffre d'affaires.
72,3869,5563,12294,2024-01-05,Returned,Returned,EXCLUE_METIER,21.899999618530277,Intimates,3869,5563,12294,2024-01-05,21.90,EXCLUE PAR RÈGLE MÉTIER,RETURNED_ORDER,Commande retournée : exclusion métier du chiffre d'affaires.
73,4278,6167,5851,2024-01-13,Cancelled,Cancelled,EXCLUE_METIER,6.96999979019165,Leggings,4278,6167,5851,2024-01-13,6.97,EXCLUE PAR RÈGLE MÉTIER,CANCELLED_ORDER,Commande annulée : exclusion métier du chiffre d'affaires.
74,4285,6176,12681,2024-01-16,Returned,Returned,EXCLUE_METIER,59.950000762939446,Intimates,4285,6176,12681,2024-01-16,59.95,EXCLUE PAR RÈGLE MÉTIER,RETURNED_ORDER,Commande retournée : exclusion métier du chiffre d'affaires.
75,4285,6177,8351,2024-01-15,Returned,Returned,EXCLUE_METIER,160.0,Outerwear & Coats,4285,6177,8351,2024-01-15,160.00,EXCLUE PAR RÈGLE MÉTIER,RETURNED_ORDER,Commande retournée : exclusion métier du chiffre d'affaires.
77,4404,6361,15380,2024-01-19,Processing,Processing,A_VERIFIER_ETAT,25.0,Plus,4404,6361,15380,2024-01-19,25.00,À VÉRIFIER,PROCESSING_ORDER,Commande encore en traitement : chiffre d'affaires à vérifier.
78,4404,6362,1065,2024-01-23,Processing,Processing,A_VERIFIER_ETAT,36.9900016784668,Sweaters,4404,6362,1065,2024-01-23,36.99,À VÉRIFIER,PROCESSING_ORDER,Commande encore en traitement : chiffre d'affaires à vérifier.
80,4576,6600,14051,2024-01-13,Returned,Returned,EXCLUE_METIER,85.83000183105469,Accessories,4576,6600,14051,2024-01-13,85.83,EXCLUE PAR RÈGLE MÉTIER,RETURNED_ORDER,Commande retournée : exclusion métier du chiffre d'affaires.
81,4576,6601,11997,2024-01-17,Returned,Returned,EXCLUE_METIER,65.0,Intimates,4576,6601,11997,2024-01-17,65.00,EXCLUE PAR RÈGLE MÉTIER,RETURNED_ORDER,Commande retournée : exclusion métier du chiffre d'affaires.
82,4576,6602,15119,2024-01-17,Returned,Returned,EXCLUE_METIER,78.0,Maternity,4576,6602,15119,2024-01-17,78.00,EXCLUE PAR RÈGLE MÉTIER,RETURNED_ORDER,Commande retournée : exclusion métier du chiffre d'affaires.
83,4576,6603,4388,2024-01-15,Returned,Returned,EXCLUE_METIER,34.9900016784668,Jeans,4576,6603,4388,2024-01-15,34.99,EXCLUE PAR RÈGLE MÉTIER,RETURNED_ORDER,Commande retournée : exclusion métier du chiffre d'affaires.
84,4883,7061,9214,2024-01-26,Processing,Processing,A_VERIFIER_ETAT,11.989999771118164,Socks & Hosiery,4883,7061,9214,2024-01-26,11.99,À VÉRIFIER,PROCESSING_ORDER,Commande encore en traitement : chiffre d'affaires à vérifier.
85,4883,7062,6940,2024-01-27,Processing,Processing,A_VERIFIER_ETAT,18.0,Shorts,4883,7062,6940,2024-01-27,18.00,À VÉRIFIER,PROCESSING_ORDER,Commande encore en traitement : chiffre d'affaires à vérifier.
87,5015,7252,15910,2024-01-04,Cancelled,Cancelled,EXCLUE_METIER,18.989999771118164,Plus,5015,7252,15910,2024-01-04,18.99,EXCLUE PAR RÈGLE MÉTIER,CANCELLED_ORDER,Commande annulée : exclusion métier du chiffre d'affaires.
88,5021,7258,22904,2024-01-13,Cancelled,Cancelled,EXCLUE_METIER,48.0,Shorts,5021,7258,22904,2024-01-13,48.00,EXCLUE PAR RÈGLE MÉTIER,CANCELLED_ORDER,Commande annulée : exclusion métier du chiffre d'affaires.
89,5021,7259,20986,2024-01-15,Cancelled,Cancelled,EXCLUE_METIER,69.0,Jeans,5021,7259,20986,2024-01-15,69.00,EXCLUE PAR RÈGLE MÉTIER,CANCELLED_ORDER,Commande annulée : exclusion métier du chiffre d'affaires.
94,5281,7648,26511,2024-01-08,Processing,Processing,A_VERIFIER_ETAT,149.9499969482422,Sleep & Lounge,5281,7648,26511,2024-01-08,149.95,À VÉRIFIER,PROCESSING_ORDER,Commande encore en traitement : chiffre d'affaires à vérifier.
98,5974,8672,3334,2024-01-08,Cancelled,Cancelled,EXCLUE_METIER,33.9900016784668,Dresses,5974,8672,3334,2024-01-08,33.99,EXCLUE PAR RÈGLE MÉTIER,CANCELLED_ORDER,Commande annulée : exclusion métier du chiffre d'affaires.
99,6004,8711,16920,2024-01-22,Returned,Returned,EXCLUE_METIER,29.989999771118164,Tops & Tees,6004,8711,16920,2024-01-22,29.99,EXCLUE PAR RÈGLE MÉTIER,RETURNED_ORDER,Commande retournée : exclusion métier du chiffre d'affaires.
100,6004,8712,25256,2024-01-22,Returned,Returned,EXCLUE_METIER,6.989999771118164,Socks,6004,8712,25256,2024-01-22,6.99,EXCLUE PAR RÈGLE MÉTIER,RETURNED_ORDER,Commande retournée : exclusion métier du chiffre d'affaires.
103,6470,9363,9417,2024-01-11,Processing,Processing,A_VERIFIER_ETAT,11.989999771118164,Socks & Hosiery,6470,9363,9417,2024-01-11,11.99,À VÉRIFIER,PROCESSING_ORDER,Commande encore en traitement : chiffre d'affaires à vérifier.
104,6470,9364,13089,2024-01-12,Processing,Processing,A_VERIFIER_ETAT,38.9900016784668,Swim,6470,9364,13089,2024-01-12,38.99,À VÉRIFIER,PROCESSING_ORDER,Commande encore en traitement : chiffre d'affaires à vérifier.
105,6470,9365,2150,2024-01-13,Processing,Processing,A_VERIFIER_ETAT,119.0,Fashion Hoodies & Sweatshirts,6470,9365,2150,2024-01-13,119.00,À VÉRIFIER,PROCESSING_ORDER,Commande encore en traitement : chiffre d'affaires à vérifier.
106,6470,9366,4288,2024-01-09,Processing,Processing,A_VERIFIER_ETAT,55.9900016784668,Jeans,6470,9366,4288,2024-01-09,55.99,À VÉRIFIER,PROCESSING_ORDER,Commande encore en traitement : chiffre d'affaires à vérifier.
109,6764,9805,2335,2024-01-27,Returned,Returned,EXCLUE_METIER,14.289999961853027,Fashion Hoodies & Sweatshirts,6764,9805,2335,2024-01-27,14.29,EXCLUE PAR RÈGLE MÉTIER,RETURNED_ORDER,Commande retournée : exclusion métier du chiffre d'affaires.
110,6893,9978,3427,2024-01-29,Processing,Processing,A_VERIFIER_ETAT,46.9900016784668,Dresses,6893,9978,3427,2024-01-29,46.99,À VÉRIFIER,PROCESSING_ORDER,Commande encore en traitement : chiffre d'affaires à vérifier.
118,7123,10300,1130,2024-01-19,Returned,Returned,EXCLUE_METIER,119.98999786376952,Sweaters,7123,10300,1130,2024-01-19,119.99,EXCLUE PAR RÈGLE MÉTIER,RETURNED_ORDER,Commande retournée : exclusion métier du chiffre d'affaires.
124,7393,10680,10473,2024-01-22,Cancelled,Cancelled,EXCLUE_METIER,42.299999237060554,Intimates,7393,10680,10473,2024-01-22,42.30,EXCLUE PAR RÈGLE MÉTIER,CANCELLED_ORDER,Commande annulée : exclusion métier du chiffre d'affaires.
125,7466,10779,25339,2024-01-21,Cancelled,Cancelled,EXCLUE_METIER,22.989999771118164,Socks,7466,10779,25339,2024-01-21,22.99,EXCLUE PAR RÈGLE MÉTIER,CANCELLED_ORDER,Commande annulée : exclusion métier du chiffre d'affaires.
126,7647,11038,5696,2024-01-13,Returned,Returned,EXCLUE_METIER,43.9900016784668,Pants & Capris,7647,11038,5696,2024-01-13,43.99,EXCLUE PAR RÈGLE MÉTIER,RETURNED_ORDER,Commande retournée : exclusion métier du chiffre d'affaires.
127,8020,11595,15240,2024-01-18,Processing,Processing,A_VERIFIER_ETAT,60.0,Plus,8020,11595,15240,2024-01-18,60.00,À VÉRIFIER,PROCESSING_ORDER,Commande encore en traitement : chiffre d'affaires à vérifier.
128,8032,11610,16827,2024-01-31,Cancelled,Cancelled,EXCLUE_METIER,70.94999694824219,Tops & Tees,8032,11610,16827,2024-01-31,70.95,EXCLUE PAR RÈGLE MÉTIER,CANCELLED_ORDER,Commande annulée : exclusion métier du chiffre d'affaires.
137,8529,12349,23784,2024-01-16,Processing,Processing,A_VERIFIER_ETAT,575.0,Outerwear & Coats,8529,12349,23784,2024-01-16,575.00,À VÉRIFIER,PROCESSING_ORDER,Commande encore en traitement : chiffre d'affaires à vérifier.
140,8856,12817,13068,2024-01-19,Returned,Returned,EXCLUE_METIER,44.0,Swim,8856,12817,13068,2024-01-19,44.00,EXCLUE PAR RÈGLE MÉTIER,RETURNED_ORDER,Commande retournée : exclusion métier du chiffre d'affaires.
141,8856,12818,5976,2024-01-21,Returned,Returned,EXCLUE_METIER,30.0,Leggings,8856,12818,5976,2024-01-21,30.00,EXCLUE PAR RÈGLE MÉTIER,RETURNED_ORDER,Commande retournée : exclusion métier du chiffre d'affaires.
148,9348,13515,27264,2024-01-19,Processing,Processing,A_VERIFIER_ETAT,39.950000762939446,Sleep & Lounge,9348,13515,27264,2024-01-19,39.95,À VÉRIFIER,PROCESSING_ORDER,Commande encore en traitement : chiffre d'affaires à vérifier.
149,9348,13516,17720,2024-01-19,Processing,Processing,A_VERIFIER_ETAT,38.77000045776367,Fashion Hoodies & Sweatshirts,9348,13516,17720,2024-01-19,38.77,À VÉRIFIER,PROCESSING_ORDER,Commande encore en traitement : chiffre d'affaires à vérifier.
151,9447,13648,28865,2024-01-19,Cancelled,Cancelled,EXCLUE_METIER,24.950000762939453,Accessories,9447,13648,28865,2024-01-19,24.95,EXCLUE PAR RÈGLE MÉTIER,CANCELLED_ORDER,Commande annulée : exclusion métier du chiffre d'affaires.
154,9713,14018,3404,2024-01-03,Processing,Processing,A_VERIFIER_ETAT,97.98999786376952,Dresses,9713,14018,3404,2024-01-03,97.99,À VÉRIFIER,PROCESSING_ORDER,Commande encore en traitement : chiffre d'affaires à vérifier.
155,9718,14026,807,2024-01-08,Processing,Processing,A_VERIFIER_ETAT,89.5,Sweaters,9718,14026,807,2024-01-08,89.50,À VÉRIFIER,PROCESSING_ORDER,Commande encore en traitement : chiffre d'affaires à vérifier.
156,9718,14027,10887,2024-01-04,Processing,Processing,A_VERIFIER_ETAT,16.0,Intimates,9718,14027,10887,2024-01-04,16.00,À VÉRIFIER,PROCESSING_ORDER,Commande encore en traitement : chiffre d'affaires à vérifier.
160,10052,14510,376,2024-01-28,Processing,Processing,A_VERIFIER_ETAT,13.989999771118164,Tops & Tees,10052,14510,376,2024-01-28,13.99,À VÉRIFIER,PROCESSING_ORDER,Commande encore en traitement : chiffre d'affaires à vérifier.
161,10324,14905,15143,2024-01-05,Cancelled,Cancelled,EXCLUE_METIER,42.220001220703125,Maternity,10324,14905,15143,2024-01-05,42.22,EXCLUE PAR RÈGLE MÉTIER,CANCELLED_ORDER,Commande annulée : exclusion métier du chiffre d'affaires.
162,10324,14906,10084,2024-01-06,Cancelled,Cancelled,EXCLUE_METIER,28.0,Sleep & Lounge,10324,14906,10084,2024-01-06,28.00,EXCLUE PAR RÈGLE MÉTIER,CANCELLED_ORDER,Commande annulée : exclusion métier du chiffre d'affaires.
165,10836,15645,14408,2024-01-21,Cancelled,Cancelled,EXCLUE_METIER,29.979999542236328,Maternity,10836,15645,14408,2024-01-21,29.98,EXCLUE PAR RÈGLE MÉTIER,CANCELLED_ORDER,Commande annulée : exclusion métier du chiffre d'affaires.
169,10922,15752,11041,2024-01-19,Cancelled,Cancelled,EXCLUE_METIER,28.0,Intimates,10922,15752,11041,2024-01-19,28.00,EXCLUE PAR RÈGLE MÉTIER,CANCELLED_ORDER,Commande annulée : exclusion métier du chiffre d'affaires.
170,11074,15980,10827,2024-01-07,Cancelled,Cancelled,EXCLUE_METIER,27.450000762939453,Intimates,11074,15980,10827,2024-01-07,27.45,EXCLUE PAR RÈGLE MÉTIER,CANCELLED_ORDER,Commande annulée : exclusion métier du chiffre d'affaires.
171,11074,15981,4362,2024-01-04,Cancelled,Cancelled,EXCLUE_METIER,104.0,Jeans,11074,15981,4362,2024-01-04,104.00,EXCLUE PAR RÈGLE MÉTIER,CANCELLED_ORDER,Commande annulée : exclusion métier du chiffre d'affaires.
172,11104,16031,3973,2024-01-15,Processing,Processing,A_VERIFIER_ETAT,87.0,Dresses,11104,16031,3973,2024-01-15,87.00,À VÉRIFIER,PROCESSING_ORDER,Commande encore en traitement : chiffre d'affaires à vérifier.
177,11513,16631,6789,2024-01-25,Processing,Processing,A_VERIFIER_ETAT,44.0,Shorts,11513,16631,6789,2024-01-25,44.00,À VÉRIFIER,PROCESSING_ORDER,Commande encore en traitement : chiffre d'affaires à vérifier.
180,11538,16677,16178,2024-01-01,Processing,Processing,A_VERIFIER_ETAT,21.38999938964844,Tops & Tees,11538,16677,16178,2024-01-01,21.39,À VÉRIFIER,PROCESSING_ORDER,Commande encore en traitement : chiffre d'affaires à vérifier.
181,11538,16678,28162,2024-01-02,Processing,Processing,A_VERIFIER_ETAT,65.0,Swim,11538,16678,28162,2024-01-02,65.00,À VÉRIFIER,PROCESSING_ORDER,Commande encore en traitement : chiffre d'affaires à vérifier.
182,11769,17038,483,2024-01-09,Cancelled,Cancelled,EXCLUE_METIER,60.0,Tops & Tees,11769,17038,483,2024-01-09,60.00,EXCLUE PAR RÈGLE MÉTIER,CANCELLED_ORDER,Commande annulée : exclusion métier du chiffre d'affaires.
183,11770,17039,7392,2024-01-23,Cancelled,Cancelled,EXCLUE_METIER,14.899999618530272,Skirts,11770,17039,7392,2024-01-23,14.90,EXCLUE PAR RÈGLE MÉTIER,CANCELLED_ORDER,Commande annulée : exclusion métier du chiffre d'affaires.
184,11770,17040,70,2024-01-22,Cancelled,Cancelled,EXCLUE_METIER,99.0,Tops & Tees,11770,17040,70,2024-01-22,99.00,EXCLUE PAR RÈGLE MÉTIER,CANCELLED_ORDER,Commande annulée : exclusion métier du chiffre d'affaires.
185,11771,17041,12764,2024-01-22,Processing,Processing,A_VERIFIER_ETAT,73.0,Swim,11771,17041,12764,2024-01-22,73.00,À VÉRIFIER,PROCESSING_ORDER,Commande encore en traitement : chiffre d'affaires à vérifier.
191,12029,17419,11961,2024-01-27,Cancelled,Cancelled,EXCLUE_METIER,26.989999771118164,Intimates,12029,17419,11961,2024-01-27,26.99,EXCLUE PAR RÈGLE MÉTIER,CANCELLED_ORDER,Commande annulée : exclusion métier du chiffre d'affaires.
198,12567,18214,800,2024-01-21,Cancelled,Cancelled,EXCLUE_METIER,88.0,Sweaters,12567,18214,800,2024-01-21,88.00,EXCLUE PAR RÈGLE MÉTIER,CANCELLED_ORDER,Commande annulée : exclusion métier du chiffre d'affaires.
202,13008,18853,11923,2024-01-14,Processing,Processing,A_VERIFIER_ETAT,49.9900016784668,Intimates,13008,18853,11923,2024-01-14,49.99,À VÉRIFIER,PROCESSING_ORDER,Commande encore en traitement : chiffre d'affaires à vérifier.
203,13022,18874,7356,2024-01-24,Cancelled,Cancelled,EXCLUE_METIER,25.0,Skirts,13022,18874,7356,2024-01-24,25.00,EXCLUE PAR RÈGLE MÉTIER,CANCELLED_ORDER,Commande annulée : exclusion métier du chiffre d'affaires.
206,13120,19030,16529,2024-01-13,Returned,Returned,EXCLUE_METIER,22.0,Tops & Tees,13120,19030,16529,2024-01-13,22.00,EXCLUE PAR RÈGLE MÉTIER,RETURNED_ORDER,Commande retournée : exclusion métier du chiffre d'affaires.
207,13120,19031,17944,2024-01-14,Returned,Returned,EXCLUE_METIER,44.9900016784668,Fashion Hoodies & Sweatshirts,13120,19031,17944,2024-01-14,44.99,EXCLUE PAR RÈGLE MÉTIER,RETURNED_ORDER,Commande retournée : exclusion métier du chiffre d'affaires.
208,13120,19032,20258,2024-01-13,Returned,Returned,EXCLUE_METIER,325.0,Suits & Sport Coats,13120,19032,20258,2024-01-13,325.00,EXCLUE PAR RÈGLE MÉTIER,RETURNED_ORDER,Commande retournée : exclusion métier du chiffre d'affaires.
211,13482,19578,26689,2024-01-01,Processing,Processing,A_VERIFIER_ETAT,74.0,Sleep & Lounge,13482,19578,26689,2024-01-01,74.00,À VÉRIFIER,PROCESSING_ORDER,Commande encore en traitement : chiffre d'affaires à vérifier.
213,13630,19790,24265,2024-01-02,Cancelled,Cancelled,EXCLUE_METIER,139.99000549316406,Outerwear & Coats,13630,19790,24265,2024-01-02,139.99,EXCLUE PAR RÈGLE MÉTIER,CANCELLED_ORDER,Commande annulée : exclusion métier du chiffre d'affaires.
215,13724,19932,9650,2024-01-12,Processing,Processing,A_VERIFIER_ETAT,69.98999786376953,Sleep & Lounge,13724,19932,9650,2024-01-12,69.99,À VÉRIFIER,PROCESSING_ORDER,Commande encore en traitement : chiffre d'affaires à vérifier.
216,13836,20103,11237,2024-01-02,Cancelled,Cancelled,EXCLUE_METIER,17.489999771118164,Intimates,13836,20103,11237,2024-01-02,17.49,EXCLUE PAR RÈGLE MÉTIER,CANCELLED_ORDER,Commande annulée : exclusion métier du chiffre d'affaires.
220,13925,20230,21076,2024-01-17,Returned,Returned,EXCLUE_METIER,25.0,Jeans,13925,20230,21076,2024-01-17,25.00,EXCLUE PAR RÈGLE MÉTIER,RETURNED_ORDER,Commande retournée : exclusion métier du chiffre d'affaires.
221,13925,20231,24765,2024-01-15,Returned,Returned,EXCLUE_METIER,13.0,Socks,13925,20231,24765,2024-01-15,13.00,EXCLUE PAR RÈGLE MÉTIER,RETURNED_ORDER,Commande retournée : exclusion métier du chiffre d'affaires.
222,13925,20232,24667,2024-01-19,Returned,Returned,EXCLUE_METIER,15.0,Socks,13925,20232,24667,2024-01-19,15.00,EXCLUE PAR RÈGLE MÉTIER,RETURNED_ORDER,Commande retournée : exclusion métier du chiffre d'affaires.
223,13925,20233,23745,2024-01-17,Returned,Returned,EXCLUE_METIER,160.0,Outerwear & Coats,13925,20233,23745,2024-01-17,160.00,EXCLUE PAR RÈGLE MÉTIER,RETURNED_ORDER,Commande retournée : exclusion métier du chiffre d'affaires.
227,14312,20747,21636,2024-01-03,Returned,Returned,EXCLUE_METIER,187.6000061035156,Jeans,14312,20747,21636,2024-01-03,187.60,EXCLUE PAR RÈGLE MÉTIER,RETURNED_ORDER,Commande retournée : exclusion métier du chiffre d'affaires.
228,14468,20970,15807,2024-01-30,Returned,Returned,EXCLUE_METIER,14.0,Plus,14468,20970,15807,2024-01-30,14.00,EXCLUE PAR RÈGLE MÉTIER,RETURNED_ORDER,Commande retournée : exclusion métier du chiffre d'affaires.
229,14509,21027,1792,2024-01-03,Returned,Returned,EXCLUE_METIER,44.9900016784668,Fashion Hoodies & Sweatshirts,14509,21027,1792,2024-01-03,44.99,EXCLUE PAR RÈGLE MÉTIER,RETURNED_ORDER,Commande retournée : exclusion métier du chiffre d'affaires.
232,14535,21053,18853,2024-01-07,Cancelled,Cancelled,EXCLUE_METIER,79.98999786376953,Sweaters,14535,21053,18853,2024-01-07,79.99,EXCLUE PAR RÈGLE MÉTIER,CANCELLED_ORDER,Commande annulée : exclusion métier du chiffre d'affaires.
233,14804,21418,28250,2024-01-04,Processing,Processing,A_VERIFIER_ETAT,64.94999694824219,Swim,14804,21418,28250,2024-01-04,64.95,À VÉRIFIER,PROCESSING_ORDER,Commande encore en traitement : chiffre d'affaires à vérifier.
234,15087,21822,9862,2024-01-29,Cancelled,Cancelled,EXCLUE_METIER,24.899999618530277,Sleep & Lounge,15087,21822,9862,2024-01-29,24.90,EXCLUE PAR RÈGLE MÉTIER,CANCELLED_ORDER,Commande annulée : exclusion métier du chiffre d'affaires.
235,15087,21823,14420,2024-01-31,Cancelled,Cancelled,EXCLUE_METIER,19.979999542236328,Maternity,15087,21823,14420,2024-01-31,19.98,EXCLUE PAR RÈGLE MÉTIER,CANCELLED_ORDER,Commande annulée : exclusion métier du chiffre d'affaires.
236,15161,21936,8649,2024-01-13,Processing,Processing,A_VERIFIER_ETAT,90.0,Outerwear & Coats,15161,21936,8649,2024-01-13,90.00,À VÉRIFIER,PROCESSING_ORDER,Commande encore en traitement : chiffre d'affaires à vérifier.
239,15633,22592,412,2024-01-27,Cancelled,Cancelled,EXCLUE_METIER,71.94999694824219,Tops & Tees,15633,22592,412,2024-01-27,71.95,EXCLUE PAR RÈGLE MÉTIER,CANCELLED_ORDER,Commande annulée : exclusion métier du chiffre d'affaires.
241,15674,22657,7371,2024-01-19,Processing,Processing,A_VERIFIER_ETAT,25.0,Skirts,15674,22657,7371,2024-01-19,25.00,À VÉRIFIER,PROCESSING_ORDER,Commande encore en traitement : chiffre d'affaires à vérifier.
243,15742,22767,3739,2024-01-18,Cancelled,Cancelled,EXCLUE_METIER,48.950000762939446,Dresses,15742,22767,3739,2024-01-18,48.95,EXCLUE PAR RÈGLE MÉTIER,CANCELLED_ORDER,Commande annulée : exclusion métier du chiffre d'affaires.
244,15742,22768,1333,2024-01-20,Cancelled,Cancelled,EXCLUE_METIER,84.98999786376953,Sweaters,15742,22768,1333,2024-01-20,84.99,EXCLUE PAR RÈGLE MÉTIER,CANCELLED_ORDER,Commande annulée : exclusion métier du chiffre d'affaires.
245,15742,22769,3459,2024-01-18,Cancelled,Cancelled,EXCLUE_METIER,29.989999771118164,Dresses,15742,22769,3459,2024-01-18,29.99,EXCLUE PAR RÈGLE MÉTIER,CANCELLED_ORDER,Commande annulée : exclusion métier du chiffre d'affaires.
246,15852,22933,2291,2024-01-19,Cancelled,Cancelled,EXCLUE_METIER,27.899999618530277,Fashion Hoodies & Sweatshirts,15852,22933,2291,2024-01-19,27.90,EXCLUE PAR RÈGLE MÉTIER,CANCELLED_ORDER,Commande annulée : exclusion métier du chiffre d'affaires.
249,16075,23254,24686,2024-01-14,Processing,Processing,A_VERIFIER_ETAT,11.989999771118164,Socks,16075,23254,24686,2024-01-14,11.99,À VÉRIFIER,PROCESSING_ORDER,Commande encore en traitement : chiffre d'affaires à vérifier.
250,16075,23255,23914,2024-01-16,Processing,Processing,A_VERIFIER_ETAT,129.92999267578125,Outerwear & Coats,16075,23255,23914,2024-01-16,129.93,À VÉRIFIER,PROCESSING_ORDER,Commande encore en traitement : chiffre d'affaires à vérifier.
251,16075,23256,24049,2024-01-15,Processing,Processing,A_VERIFIER_ETAT,219.0,Outerwear & Coats,16075,23256,24049,2024-01-15,219.00,À VÉRIFIER,PROCESSING_ORDER,Commande encore en traitement : chiffre d'affaires à vérifier.
252,16088,23275,192,2024-01-02,Returned,Returned,EXCLUE_METIER,19.989999771118164,Tops & Tees,16088,23275,192,2024-01-02,19.99,EXCLUE PAR RÈGLE MÉTIER,RETURNED_ORDER,Commande retournée : exclusion métier du chiffre d'affaires.
254,16268,23518,12069,2024-01-22,Processing,Processing,A_VERIFIER_ETAT,100.0,Intimates,16268,23518,12069,2024-01-22,100.00,À VÉRIFIER,PROCESSING_ORDER,Commande encore en traitement : chiffre d'affaires à vérifier.
259,16614,24001,20663,2024-01-08,Returned,Returned,EXCLUE_METIER,42.380001068115234,Jeans,16614,24001,20663,2024-01-08,42.38,EXCLUE PAR RÈGLE MÉTIER,RETURNED_ORDER,Commande retournée : exclusion métier du chiffre d'affaires.
260,16614,24002,20899,2024-01-09,Returned,Returned,EXCLUE_METIER,54.9900016784668,Jeans,16614,24002,20899,2024-01-09,54.99,EXCLUE PAR RÈGLE MÉTIER,RETURNED_ORDER,Commande retournée : exclusion métier du chiffre d'affaires.
261,16614,24003,26300,2024-01-08,Returned,Returned,EXCLUE_METIER,22.0,Underwear,16614,24003,26300,2024-01-08,22.00,EXCLUE PAR RÈGLE MÉTIER,RETURNED_ORDER,Commande retournée : exclusion métier du chiffre d'affaires.
271,17725,25605,22271,2024-01-28,Returned,Returned,EXCLUE_METIER,59.9900016784668,Pants,17725,25605,22271,2024-01-28,59.99,EXCLUE PAR RÈGLE MÉTIER,RETURNED_ORDER,Commande retournée : exclusion métier du chiffre d'affaires.
273,17960,25933,3288,2024-01-30,Cancelled,Cancelled,EXCLUE_METIER,39.9900016784668,Dresses,17960,25933,3288,2024-01-30,39.99,EXCLUE PAR RÈGLE MÉTIER,CANCELLED_ORDER,Commande annulée : exclusion métier du chiffre d'affaires.
276,18336,26501,24676,2024-01-03,Processing,Processing,A_VERIFIER_ETAT,40.0,Socks,18336,26501,24676,2024-01-03,40.00,À VÉRIFIER,PROCESSING_ORDER,Commande encore en traitement : chiffre d'affaires à vérifier.
279,18452,26657,13860,2024-01-15,Processing,Processing,A_VERIFIER_ETAT,12.989999771118164,Accessories,18452,26657,13860,2024-01-15,12.99,À VÉRIFIER,PROCESSING_ORDER,Commande encore en traitement : chiffre d'affaires à vérifier.
283,18692,27025,12985,2024-01-12,Processing,Processing,A_VERIFIER_ETAT,59.25,Swim,18692,27025,12985,2024-01-12,59.25,À VÉRIFIER,PROCESSING_ORDER,Commande encore en traitement : chiffre d'affaires à vérifier.
286,18846,27238,26031,2024-01-03,Cancelled,Cancelled,EXCLUE_METIER,25.0,Underwear,18846,27238,26031,2024-01-03,25.00,EXCLUE PAR RÈGLE MÉTIER,CANCELLED_ORDER,Commande annulée : exclusion métier du chiffre d'affaires.
287,18846,27239,20336,2024-01-02,Cancelled,Cancelled,EXCLUE_METIER,99.94999694824217,Suits & Sport Coats,18846,27239,20336,2024-01-02,99.95,EXCLUE PAR RÈGLE MÉTIER,CANCELLED_ORDER,Commande annulée : exclusion métier du chiffre d'affaires.
288,18891,27313,22461,2024-01-22,Cancelled,Cancelled,EXCLUE_METIER,26.61000061035156,Pants,18891,27313,22461,2024-01-22,26.61,EXCLUE PAR RÈGLE MÉTIER,CANCELLED_ORDER,Commande annulée : exclusion métier du chiffre d'affaires.
289,18929,27364,2935,2024-01-03,Processing,Processing,A_VERIFIER_ETAT,11.989999771118164,Active,18929,27364,2935,2024-01-03,11.99,À VÉRIFIER,PROCESSING_ORDER,Commande encore en traitement : chiffre d'affaires à vérifier.
291,19004,27465,27395,2024-01-24,Processing,Processing,A_VERIFIER_ETAT,49.5,Swim,19004,27465,27395,2024-01-24,49.50,À VÉRIFIER,PROCESSING_ORDER,Commande encore en traitement : chiffre d'affaires à vérifier.
296,19123,27652,27798,2024-01-29,Cancelled,Cancelled,EXCLUE_METIER,53.47999954223633,Swim,19123,27652,27798,2024-01-29,53.48,EXCLUE PAR RÈGLE MÉTIER,CANCELLED_ORDER,Commande annulée : exclusion métier du chiffre d'affaires.
297,19123,27653,28012,2024-01-29,Cancelled,Cancelled,EXCLUE_METIER,18.989999771118164,Swim,19123,27653,28012,2024-01-29,18.99,EXCLUE PAR RÈGLE MÉTIER,CANCELLED_ORDER,Commande annulée : exclusion métier du chiffre d'affaires.
301,19476,28164,991,2024-01-25,Processing,Processing,A_VERIFIER_ETAT,85.0,Sweaters,19476,28164,991,2024-01-25,85.00,À VÉRIFIER,PROCESSING_ORDER,Commande encore en traitement : chiffre d'affaires à vérifier.
303,19735,28537,17931,2024-01-06,Processing,Processing,A_VERIFIER_ETAT,23.030000686645508,Fashion Hoodies & Sweatshirts,19735,28537,17931,2024-01-06,23.03,À VÉRIFIER,PROCESSING_ORDER,Commande encore en traitement : chiffre d'affaires à vérifier.
304,19735,28538,22263,2024-01-05,Processing,Processing,A_VERIFIER_ETAT,40.9900016784668,Pants,19735,28538,22263,2024-01-05,40.99,À VÉRIFIER,PROCESSING_ORDER,Commande encore en traitement : chiffre d'affaires à vérifier.
305,19735,28539,25784,2024-01-04,Processing,Processing,A_VERIFIER_ETAT,14.0,Underwear,19735,28539,25784,2024-01-04,14.00,À VÉRIFIER,PROCESSING_ORDER,Commande encore en traitement : chiffre d'affaires à vérifier.
306,19735,28540,22586,2024-01-07,Processing,Processing,A_VERIFIER_ETAT,85.68000030517578,Pants,19735,28540,22586,2024-01-07,85.68,À VÉRIFIER,PROCESSING_ORDER,Commande encore en traitement : chiffre d'affaires à vérifier.
307,19753,28565,11123,2024-01-05,Cancelled,Cancelled,EXCLUE_METIER,38.0,Intimates,19753,28565,11123,2024-01-05,38.00,EXCLUE PAR RÈGLE MÉTIER,CANCELLED_ORDER,Commande annulée : exclusion métier du chiffre d'affaires.
308,19753,28566,6874,2024-01-07,Cancelled,Cancelled,EXCLUE_METIER,80.91999816894531,Shorts,19753,28566,6874,2024-01-07,80.92,EXCLUE PAR RÈGLE MÉTIER,CANCELLED_ORDER,Commande annulée : exclusion métier du chiffre d'affaires.
309,19753,28567,7969,2024-01-05,Cancelled,Cancelled,EXCLUE_METIER,60.9900016784668,Blazers & Jackets,19753,28567,7969,2024-01-05,60.99,EXCLUE PAR RÈGLE MÉTIER,CANCELLED_ORDER,Commande annulée : exclusion métier du chiffre d'affaires.
310,19846,28702,4244,2024-01-19,Processing,Processing,A_VERIFIER_ETAT,178.0,Jeans,19846,28702,4244,2024-01-19,178.00,À VÉRIFIER,PROCESSING_ORDER,Commande encore en traitement : chiffre d'affaires à vérifier.
315,20482,29634,2699,2024-01-09,Cancelled,Cancelled,EXCLUE_METIER,13.0,Active,20482,29634,2699,2024-01-09,13.00,EXCLUE PAR RÈGLE MÉTIER,CANCELLED_ORDER,Commande annulée : exclusion métier du chiffre d'affaires.
316,20576,29768,9354,2024-01-08,Cancelled,Cancelled,EXCLUE_METIER,12.989999771118164,Socks & Hosiery,20576,29768,9354,2024-01-08,12.99,EXCLUE PAR RÈGLE MÉTIER,CANCELLED_ORDER,Commande annulée : exclusion métier du chiffre d'affaires.
319,20951,30339,11047,2024-01-25,Cancelled,Cancelled,EXCLUE_METIER,29.989999771118164,Intimates,20951,30339,11047,2024-01-25,29.99,EXCLUE PAR RÈGLE MÉTIER,CANCELLED_ORDER,Commande annulée : exclusion métier du chiffre d'affaires.
321,21148,30628,3400,2024-01-01,Processing,Processing,A_VERIFIER_ETAT,9.449999809265137,Dresses,21148,30628,3400,2024-01-01,9.45,À VÉRIFIER,PROCESSING_ORDER,Commande encore en traitement : chiffre d'affaires à vérifier.
326,21254,30789,5711,2024-01-30,Returned,Returned,EXCLUE_METIER,19.989999771118164,Leggings,21254,30789,5711,2024-01-30,19.99,EXCLUE PAR RÈGLE MÉTIER,RETURNED_ORDER,Commande retournée : exclusion métier du chiffre d'affaires.
327,21270,30815,13346,2024-01-11,Cancelled,Cancelled,EXCLUE_METIER,238.0,Swim,21270,30815,13346,2024-01-11,238.00,EXCLUE PAR RÈGLE MÉTIER,CANCELLED_ORDER,Commande annulée : exclusion métier du chiffre d'affaires.
328,21270,30816,13445,2024-01-12,Cancelled,Cancelled,EXCLUE_METIER,66.0,Swim,21270,30816,13445,2024-01-12,66.00,EXCLUE PAR RÈGLE MÉTIER,CANCELLED_ORDER,Commande annulée : exclusion métier du chiffre d'affaires.
329,21270,30817,1919,2024-01-11,Cancelled,Cancelled,EXCLUE_METIER,98.0,Fashion Hoodies & Sweatshirts,21270,30817,1919,2024-01-11,98.00,EXCLUE PAR RÈGLE MÉTIER,CANCELLED_ORDER,Commande annulée : exclusion métier du chiffre d'affaires.
331,21466,31112,28405,2024-01-11,Processing,Processing,A_VERIFIER_ETAT,16.899999618530273,Accessories,21466,31112,28405,2024-01-11,16.90,À VÉRIFIER,PROCESSING_ORDER,Commande encore en traitement : chiffre d'affaires à vérifier.
333,21719,31473,19624,2024-01-26,Returned,Returned,EXCLUE_METIER,32.9900016784668,Sweaters,21719,31473,19624,2024-01-26,32.99,EXCLUE PAR RÈGLE MÉTIER,RETURNED_ORDER,Commande retournée : exclusion métier du chiffre d'affaires.
335,21801,31584,23158,2024-01-21,Processing,Processing,A_VERIFIER_ETAT,87.5,Shorts,21801,31584,23158,2024-01-21,87.50,À VÉRIFIER,PROCESSING_ORDER,Commande encore en traitement : chiffre d'affaires à vérifier.
336,21801,31585,27083,2024-01-24,Processing,Processing,A_VERIFIER_ETAT,39.200000762939446,Sleep & Lounge,21801,31585,27083,2024-01-24,39.20,À VÉRIFIER,PROCESSING_ORDER,Commande encore en traitement : chiffre d'affaires à vérifier.
341,22029,31920,18961,2024-01-19,Returned,Returned,EXCLUE_METIER,25.0,Sweaters,22029,31920,18961,2024-01-19,25.00,EXCLUE PAR RÈGLE MÉTIER,RETURNED_ORDER,Commande retournée : exclusion métier du chiffre d'affaires.
342,22029,31921,20795,2024-01-19,Returned,Returned,EXCLUE_METIER,90.0,Jeans,22029,31921,20795,2024-01-19,90.00,EXCLUE PAR RÈGLE MÉTIER,RETURNED_ORDER,Commande retournée : exclusion métier du chiffre d'affaires.
343,22091,32004,9989,2024-01-04,Processing,Processing,A_VERIFIER_ETAT,25.0,Sleep & Lounge,22091,32004,9989,2024-01-04,25.00,À VÉRIFIER,PROCESSING_ORDER,Commande encore en traitement : chiffre d'affaires à vérifier.
344,22091,32005,6327,2024-01-02,Processing,Processing,A_VERIFIER_ETAT,29.65999984741211,Shorts,22091,32005,6327,2024-01-02,29.66,À VÉRIFIER,PROCESSING_ORDER,Commande encore en traitement : chiffre d'affaires à vérifier.
345,22136,32062,27425,2024-01-14,Cancelled,Cancelled,EXCLUE_METIER,50.0,Swim,22136,32062,27425,2024-01-14,50.00,EXCLUE PAR RÈGLE MÉTIER,CANCELLED_ORDER,Commande annulée : exclusion métier du chiffre d'affaires.
346,22136,32063,26756,2024-01-15,Cancelled,Cancelled,EXCLUE_METIER,25.0,Sleep & Lounge,22136,32063,26756,2024-01-15,25.00,EXCLUE PAR RÈGLE MÉTIER,CANCELLED_ORDER,Commande annulée : exclusion métier du chiffre d'affaires.
349,22518,32592,18764,2024-01-17,Processing,Processing,A_VERIFIER_ETAT,59.9900016784668,Active,22518,32592,18764,2024-01-17,59.99,À VÉRIFIER,PROCESSING_ORDER,Commande encore en traitement : chiffre d'affaires à vérifier.
350,22518,32593,19121,2024-01-15,Processing,Processing,A_VERIFIER_ETAT,43.9900016784668,Sweaters,22518,32593,19121,2024-01-15,43.99,À VÉRIFIER,PROCESSING_ORDER,Commande encore en traitement : chiffre d'affaires à vérifier.
351,22518,32594,19815,2024-01-16,Processing,Processing,A_VERIFIER_ETAT,149.5,Suits & Sport Coats,22518,32594,19815,2024-01-16,149.50,À VÉRIFIER,PROCESSING_ORDER,Commande encore en traitement : chiffre d'affaires à vérifier.
361,23083,33400,21160,2024-01-31,Cancelled,Cancelled,EXCLUE_METIER,56.97999954223633,Jeans,23083,33400,21160,2024-01-31,56.98,EXCLUE PAR RÈGLE MÉTIER,CANCELLED_ORDER,Commande annulée : exclusion métier du chiffre d'affaires.
362,23118,33447,1413,2024-01-16,Processing,Processing,A_VERIFIER_ETAT,78.47000122070312,Sweaters,23118,33447,1413,2024-01-16,78.47,À VÉRIFIER,PROCESSING_ORDER,Commande encore en traitement : chiffre d'affaires à vérifier.
363,23141,33479,11863,2024-01-11,Cancelled,Cancelled,EXCLUE_METIER,60.0,Intimates,23141,33479,11863,2024-01-11,60.00,EXCLUE PAR RÈGLE MÉTIER,CANCELLED_ORDER,Commande annulée : exclusion métier du chiffre d'affaires.
364,23141,33480,3720,2024-01-08,Cancelled,Cancelled,EXCLUE_METIER,45.0,Dresses,23141,33480,3720,2024-01-08,45.00,EXCLUE PAR RÈGLE MÉTIER,CANCELLED_ORDER,Commande annulée : exclusion métier du chiffre d'affaires.
365,23252,33648,26524,2024-01-19,Processing,Processing,A_VERIFIER_ETAT,39.0,Sleep & Lounge,23252,33648,26524,2024-01-19,39.00,À VÉRIFIER,PROCESSING_ORDER,Commande encore en traitement : chiffre d'affaires à vérifier.
368,23547,34076,3862,2024-01-30,Processing,Processing,A_VERIFIER_ETAT,138.0,Dresses,23547,34076,3862,2024-01-30,138.00,À VÉRIFIER,PROCESSING_ORDER,Commande encore en traitement : chiffre d'affaires à vérifier.
369,23547,34077,9113,2024-01-31,Processing,Processing,A_VERIFIER_ETAT,13.5,Socks & Hosiery,23547,34077,9113,2024-01-31,13.50,À VÉRIFIER,PROCESSING_ORDER,Commande encore en traitement : chiffre d'affaires à vérifier.
370,23601,34148,7907,2024-01-09,Returned,Returned,EXCLUE_METIER,54.41999816894531,Blazers & Jackets,23601,34148,7907,2024-01-09,54.42,EXCLUE PAR RÈGLE MÉTIER,RETURNED_ORDER,Commande retournée : exclusion métier du chiffre d'affaires.
371,23624,34180,17234,2024-01-29,Returned,Returned,EXCLUE_METIER,49.5,Fashion Hoodies & Sweatshirts,23624,34180,17234,2024-01-29,49.50,EXCLUE PAR RÈGLE MÉTIER,RETURNED_ORDER,Commande retournée : exclusion métier du chiffre d'affaires.
372,23624,34181,20657,2024-01-29,Returned,Returned,EXCLUE_METIER,32.900001525878906,Jeans,23624,34181,20657,2024-01-29,32.90,EXCLUE PAR RÈGLE MÉTIER,RETURNED_ORDER,Commande retournée : exclusion métier du chiffre d'affaires.
379,23942,34652,8870,2024-01-09,Returned,Returned,EXCLUE_METIER,18.0,Socks & Hosiery,23942,34652,8870,2024-01-09,18.00,EXCLUE PAR RÈGLE MÉTIER,RETURNED_ORDER,Commande retournée : exclusion métier du chiffre d'affaires.
381,23986,34710,7395,2024-01-13,Cancelled,Cancelled,EXCLUE_METIER,8.890000343322756,Skirts,23986,34710,7395,2024-01-13,8.89,EXCLUE PAR RÈGLE MÉTIER,CANCELLED_ORDER,Commande annulée : exclusion métier du chiffre d'affaires.
382,23986,34711,14938,2024-01-11,Cancelled,Cancelled,EXCLUE_METIER,24.979999542236328,Maternity,23986,34711,14938,2024-01-11,24.98,EXCLUE PAR RÈGLE MÉTIER,CANCELLED_ORDER,Commande annulée : exclusion métier du chiffre d'affaires.
383,23986,34712,874,2024-01-13,Cancelled,Cancelled,EXCLUE_METIER,55.0,Sweaters,23986,34712,874,2024-01-13,55.00,EXCLUE PAR RÈGLE MÉTIER,CANCELLED_ORDER,Commande annulée : exclusion métier du chiffre d'affaires.
385,24238,35118,14874,2024-01-02,Processing,Processing,A_VERIFIER_ETAT,16.979999542236328,Maternity,24238,35118,14874,2024-01-02,16.98,À VÉRIFIER,PROCESSING_ORDER,Commande encore en traitement : chiffre d'affaires à vérifier.
387,24416,35398,2553,2024-01-16,Returned,Returned,EXCLUE_METIER,10.0,Active,24416,35398,2553,2024-01-16,10.00,EXCLUE PAR RÈGLE MÉTIER,RETURNED_ORDER,Commande retournée : exclusion métier du chiffre d'affaires.
391,24581,35636,10395,2024-01-21,Cancelled,Cancelled,EXCLUE_METIER,48.0,Intimates,24581,35636,10395,2024-01-21,48.00,EXCLUE PAR RÈGLE MÉTIER,CANCELLED_ORDER,Commande annulée : exclusion métier du chiffre d'affaires.
392,24594,35654,25471,2024-01-04,Cancelled,Cancelled,EXCLUE_METIER,45.0,Underwear,24594,35654,25471,2024-01-04,45.00,EXCLUE PAR RÈGLE MÉTIER,CANCELLED_ORDER,Commande annulée : exclusion métier du chiffre d'affaires.
393,24657,35740,28870,2024-01-31,Processing,Processing,A_VERIFIER_ETAT,93.8199996948242,Accessories,24657,35740,28870,2024-01-31,93.82,À VÉRIFIER,PROCESSING_ORDER,Commande encore en traitement : chiffre d'affaires à vérifier.
396,24735,35859,9593,2024-01-05,Returned,Returned,EXCLUE_METIER,25.0,Sleep & Lounge,24735,35859,9593,2024-01-05,25.00,EXCLUE PAR RÈGLE MÉTIER,RETURNED_ORDER,Commande retournée : exclusion métier du chiffre d'affaires.
397,24735,35860,1298,2024-01-03,Returned,Returned,EXCLUE_METIER,44.0,Sweaters,24735,35860,1298,2024-01-03,44.00,EXCLUE PAR RÈGLE MÉTIER,RETURNED_ORDER,Commande retournée : exclusion métier du chiffre d'affaires.
398,24906,36126,9698,2024-01-22,Cancelled,Cancelled,EXCLUE_METIER,25.0,Sleep & Lounge,24906,36126,9698,2024-01-22,25.00,EXCLUE PAR RÈGLE MÉTIER,CANCELLED_ORDER,Commande annulée : exclusion métier du chiffre d'affaires.
399,25034,36315,3114,2024-01-28,Cancelled,Cancelled,EXCLUE_METIER,99.0,Dresses,25034,36315,3114,2024-01-28,99.00,EXCLUE PAR RÈGLE MÉTIER,CANCELLED_ORDER,Commande annulée : exclusion métier du chiffre d'affaires.
400,25034,36316,399,2024-01-27,Cancelled,Cancelled,EXCLUE_METIER,72.0,Tops & Tees,25034,36316,399,2024-01-27,72.00,EXCLUE PAR RÈGLE MÉTIER,CANCELLED_ORDER,Commande annulée : exclusion métier du chiffre d'affaires.
401,25034,36317,9820,2024-01-28,Cancelled,Cancelled,EXCLUE_METIER,24.96999931335449,Sleep & Lounge,25034,36317,9820,2024-01-28,24.97,EXCLUE PAR RÈGLE MÉTIER,CANCELLED_ORDER,Commande annulée : exclusion métier du chiffre d'affaires.
402,25034,36318,15588,2024-01-27,Cancelled,Cancelled,EXCLUE_METIER,16.0,Plus,25034,36318,15588,2024-01-27,16.00,EXCLUE PAR RÈGLE MÉTIER,CANCELLED_ORDER,Commande annulée : exclusion métier du chiffre d'affaires.
404,25237,36610,7920,2024-01-09,Processing,Processing,A_VERIFIER_ETAT,12.5600004196167,Blazers & Jackets,25237,36610,7920,2024-01-09,12.56,À VÉRIFIER,PROCESSING_ORDER,Commande encore en traitement : chiffre d'affaires à vérifier.
405,25237,36611,2386,2024-01-12,Processing,Processing,A_VERIFIER_ETAT,46.0,Fashion Hoodies & Sweatshirts,25237,36611,2386,2024-01-12,46.00,À VÉRIFIER,PROCESSING_ORDER,Commande encore en traitement : chiffre d'affaires à vérifier.
406,25396,36838,27692,2024-01-22,Processing,Processing,A_VERIFIER_ETAT,52.0,Swim,25396,36838,27692,2024-01-22,52.00,À VÉRIFIER,PROCESSING_ORDER,Commande encore en traitement : chiffre d'affaires à vérifier.
407,25396,36839,27815,2024-01-21,Processing,Processing,A_VERIFIER_ETAT,67.5,Swim,25396,36839,27815,2024-01-21,67.50,À VÉRIFIER,PROCESSING_ORDER,Commande encore en traitement : chiffre d'affaires à vérifier.
408,25396,36840,20872,2024-01-22,Processing,Processing,A_VERIFIER_ETAT,59.959999084472656,Jeans,25396,36840,20872,2024-01-22,59.96,À VÉRIFIER,PROCESSING_ORDER,Commande encore en traitement : chiffre d'affaires à vérifier.
409,25400,36848,24948,2024-01-26,Cancelled,Cancelled,EXCLUE_METIER,37.5,Socks,25400,36848,24948,2024-01-26,37.50,EXCLUE PAR RÈGLE MÉTIER,CANCELLED_ORDER,Commande annulée : exclusion métier du chiffre d'affaires.
414,25735,37363,13940,2024-01-24,Processing,Processing,A_VERIFIER_ETAT,4.150000095367432,Accessories,25735,37363,13940,2024-01-24,4.15,À VÉRIFIER,PROCESSING_ORDER,Commande encore en traitement : chiffre d'affaires à vérifier.
416,25858,37549,2244,2024-01-17,Returned,Returned,EXCLUE_METIER,36.9900016784668,Fashion Hoodies & Sweatshirts,25858,37549,2244,2024-01-17,36.99,EXCLUE PAR RÈGLE MÉTIER,RETURNED_ORDER,Commande retournée : exclusion métier du chiffre d'affaires.
423,26354,38237,6904,2024-01-29,Processing,Processing,A_VERIFIER_ETAT,58.0,Shorts,26354,38237,6904,2024-01-29,58.00,À VÉRIFIER,PROCESSING_ORDER,Commande encore en traitement : chiffre d'affaires à vérifier.
425,26404,38307,8984,2024-01-08,Processing,Processing,A_VERIFIER_ETAT,46.950000762939446,Socks & Hosiery,26404,38307,8984,2024-01-08,46.95,À VÉRIFIER,PROCESSING_ORDER,Commande encore en traitement : chiffre d'affaires à vérifier.
426,26545,38508,11902,2024-01-14,Processing,Processing,A_VERIFIER_ETAT,60.0,Intimates,26545,38508,11902,2024-01-14,60.00,À VÉRIFIER,PROCESSING_ORDER,Commande encore en traitement : chiffre d'affaires à vérifier.
427,26630,38625,19782,2024-01-23,Processing,Processing,A_VERIFIER_ETAT,69.30000305175781,Sweaters,26630,38625,19782,2024-01-23,69.30,À VÉRIFIER,PROCESSING_ORDER,Commande encore en traitement : chiffre d'affaires à vérifier.
428,26630,38626,23923,2024-01-27,Processing,Processing,A_VERIFIER_ETAT,99.98999786376952,Outerwear & Coats,26630,38626,23923,2024-01-27,99.99,À VÉRIFIER,PROCESSING_ORDER,Commande encore en traitement : chiffre d'affaires à vérifier.
429,26831,38926,2291,2024-01-25,Cancelled,Cancelled,EXCLUE_METIER,27.899999618530277,Fashion Hoodies & Sweatshirts,26831,38926,2291,2024-01-25,27.90,EXCLUE PAR RÈGLE MÉTIER,CANCELLED_ORDER,Commande annulée : exclusion métier du chiffre d'affaires.
431,26863,38967,14788,2024-01-31,Returned,Returned,EXCLUE_METIER,21.600000381469727,Maternity,26863,38967,14788,2024-01-31,21.60,EXCLUE PAR RÈGLE MÉTIER,RETURNED_ORDER,Commande retournée : exclusion métier du chiffre d'affaires.
432,26863,38968,15110,2024-01-31,Returned,Returned,EXCLUE_METIER,29.729999542236328,Maternity,26863,38968,15110,2024-01-31,29.73,EXCLUE PAR RÈGLE MÉTIER,RETURNED_ORDER,Commande retournée : exclusion métier du chiffre d'affaires.
434,26937,39069,11031,2024-01-28,Processing,Processing,A_VERIFIER_ETAT,19.0,Intimates,26937,39069,11031,2024-01-28,19.00,À VÉRIFIER,PROCESSING_ORDER,Commande encore en traitement : chiffre d'affaires à vérifier.
435,26998,39157,6283,2024-01-18,Processing,Processing,A_VERIFIER_ETAT,27.100000381469727,Shorts,26998,39157,6283,2024-01-18,27.10,À VÉRIFIER,PROCESSING_ORDER,Commande encore en traitement : chiffre d'affaires à vérifier.
436,26998,39158,2360,2024-01-19,Processing,Processing,A_VERIFIER_ETAT,8.880000114440918,Fashion Hoodies & Sweatshirts,26998,39158,2360,2024-01-19,8.88,À VÉRIFIER,PROCESSING_ORDER,Commande encore en traitement : chiffre d'affaires à vérifier.
437,26998,39159,13758,2024-01-18,Processing,Processing,A_VERIFIER_ETAT,297.95001220703125,Accessories,26998,39159,13758,2024-01-18,297.95,À VÉRIFIER,PROCESSING_ORDER,Commande encore en traitement : chiffre d'affaires à vérifier.
438,26998,39160,13526,2024-01-21,Processing,Processing,A_VERIFIER_ETAT,54.9900016784668,Swim,26998,39160,13526,2024-01-21,54.99,À VÉRIFIER,PROCESSING_ORDER,Commande encore en traitement : chiffre d'affaires à vérifier.
446,27767,40288,25827,2024-01-23,Returned,Returned,EXCLUE_METIER,16.0,Underwear,27767,40288,25827,2024-01-23,16.00,EXCLUE PAR RÈGLE MÉTIER,RETURNED_ORDER,Commande retournée : exclusion métier du chiffre d'affaires.
447,27767,40289,24071,2024-01-27,Returned,Returned,EXCLUE_METIER,479.0,Outerwear & Coats,27767,40289,24071,2024-01-27,479.00,EXCLUE PAR RÈGLE MÉTIER,RETURNED_ORDER,Commande retournée : exclusion métier du chiffre d'affaires.
449,27788,40328,23797,2024-01-29,Returned,Returned,EXCLUE_METIER,160.0,Outerwear & Coats,27788,40328,23797,2024-01-29,160.00,EXCLUE PAR RÈGLE MÉTIER,RETURNED_ORDER,Commande retournée : exclusion métier du chiffre d'affaires.
450,27946,40561,8734,2024-01-04,Processing,Processing,A_VERIFIER_ETAT,158.3300018310547,Outerwear & Coats,27946,40561,8734,2024-01-04,158.33,À VÉRIFIER,PROCESSING_ORDER,Commande encore en traitement : chiffre d'affaires à vérifier.
451,28071,40732,22068,2024-01-13,Processing,Processing,A_VERIFIER_ETAT,79.94999694824217,Pants,28071,40732,22068,2024-01-13,79.95,À VÉRIFIER,PROCESSING_ORDER,Commande encore en traitement : chiffre d'affaires à vérifier.
452,28071,40733,26868,2024-01-13,Processing,Processing,A_VERIFIER_ETAT,29.989999771118164,Sleep & Lounge,28071,40733,26868,2024-01-13,29.99,À VÉRIFIER,PROCESSING_ORDER,Commande encore en traitement : chiffre d'affaires à vérifier.
453,28138,40833,4792,2024-01-13,Processing,Processing,A_VERIFIER_ETAT,189.0,Jeans,28138,40833,4792,2024-01-13,189.00,À VÉRIFIER,PROCESSING_ORDER,Commande encore en traitement : chiffre d'affaires à vérifier.
454,28138,40834,1343,2024-01-12,Processing,Processing,A_VERIFIER_ETAT,49.9900016784668,Sweaters,28138,40834,1343,2024-01-12,49.99,À VÉRIFIER,PROCESSING_ORDER,Commande encore en traitement : chiffre d'affaires à vérifier.
461,28686,41639,3788,2024-01-09,Processing,Processing,A_VERIFIER_ETAT,46.9900016784668,Dresses,28686,41639,3788,2024-01-09,46.99,À VÉRIFIER,PROCESSING_ORDER,Commande encore en traitement : chiffre d'affaires à vérifier.
463,29046,42185,25929,2024-01-14,Processing,Processing,A_VERIFIER_ETAT,34.0,Underwear,29046,42185,25929,2024-01-14,34.00,À VÉRIFIER,PROCESSING_ORDER,Commande encore en traitement : chiffre d'affaires à vérifier.
464,29157,42365,22198,2024-01-13,Cancelled,Cancelled,EXCLUE_METIER,19.989999771118164,Pants,29157,42365,22198,2024-01-13,19.99,EXCLUE PAR RÈGLE MÉTIER,CANCELLED_ORDER,Commande annulée : exclusion métier du chiffre d'affaires.
468,29267,42534,21142,2024-01-07,Processing,Processing,A_VERIFIER_ETAT,352.0,Jeans,29267,42534,21142,2024-01-07,352.00,À VÉRIFIER,PROCESSING_ORDER,Commande encore en traitement : chiffre d'affaires à vérifier.
471,29403,42729,14043,2024-01-23,Processing,Processing,A_VERIFIER_ETAT,25.899999618530277,Accessories,29403,42729,14043,2024-01-23,25.90,À VÉRIFIER,PROCESSING_ORDER,Commande encore en traitement : chiffre d'affaires à vérifier.
476,29552,42948,10322,2024-01-18,Processing,Processing,A_VERIFIER_ETAT,17.989999771118164,Sleep & Lounge,29552,42948,10322,2024-01-18,17.99,À VÉRIFIER,PROCESSING_ORDER,Commande encore en traitement : chiffre d'affaires à vérifier.
477,29552,42949,135,2024-01-16,Processing,Processing,A_VERIFIER_ETAT,32.9900016784668,Tops & Tees,29552,42949,135,2024-01-16,32.99,À VÉRIFIER,PROCESSING_ORDER,Commande encore en traitement : chiffre d'affaires à vérifier.
478,29552,42950,11063,2024-01-17,Processing,Processing,A_VERIFIER_ETAT,29.299999237060547,Intimates,29552,42950,11063,2024-01-17,29.30,À VÉRIFIER,PROCESSING_ORDER,Commande encore en traitement : chiffre d'affaires à vérifier.
479,29552,42951,581,2024-01-14,Processing,Processing,A_VERIFIER_ETAT,41.9900016784668,Tops & Tees,29552,42951,581,2024-01-14,41.99,À VÉRIFIER,PROCESSING_ORDER,Commande encore en traitement : chiffre d'affaires à vérifier.
486,30066,43710,6668,2024-01-18,Processing,Processing,A_VERIFIER_ETAT,21.25,Shorts,30066,43710,6668,2024-01-18,21.25,À VÉRIFIER,PROCESSING_ORDER,Commande encore en traitement : chiffre d'affaires à vérifier.
487,30113,43773,26507,2024-01-28,Processing,Processing,A_VERIFIER_ETAT,45.5,Sleep & Lounge,30113,43773,26507,2024-01-28,45.50,À VÉRIFIER,PROCESSING_ORDER,Commande encore en traitement : chiffre d'affaires à vérifier.
488,30113,43774,27197,2024-01-26,Processing,Processing,A_VERIFIER_ETAT,39.0,Sleep & Lounge,30113,43774,27197,2024-01-26,39.00,À VÉRIFIER,PROCESSING_ORDER,Commande encore en traitement : chiffre d'affaires à vérifier.
492,30312,44071,2150,2024-01-24,Returned,Returned,EXCLUE_METIER,119.0,Fashion Hoodies & Sweatshirts,30312,44071,2150,2024-01-24,119.00,EXCLUE PAR RÈGLE MÉTIER,RETURNED_ORDER,Commande retournée : exclusion métier du chiffre d'affaires.
493,30312,44072,5031,2024-01-22,Returned,Returned,EXCLUE_METIER,32.900001525878906,Jeans,30312,44072,5031,2024-01-22,32.90,EXCLUE PAR RÈGLE MÉTIER,RETURNED_ORDER,Commande retournée : exclusion métier du chiffre d'affaires.
494,30336,44105,8697,2024-01-08,Processing,Processing,A_VERIFIER_ETAT,90.0,Outerwear & Coats,30336,44105,8697,2024-01-08,90.00,À VÉRIFIER,PROCESSING_ORDER,Commande encore en traitement : chiffre d'affaires à vérifier.
497,30629,44506,15927,2024-01-21,Processing,Processing,A_VERIFIER_ETAT,10.489999771118164,Plus,30629,44506,15927,2024-01-21,10.49,À VÉRIFIER,PROCESSING_ORDER,Commande encore en traitement : chiffre d'affaires à vérifier.
498,30724,44639,25541,2024-01-26,Processing,Processing,A_VERIFIER_ETAT,24.950000762939453,Underwear,30724,44639,25541,2024-01-26,24.95,À VÉRIFIER,PROCESSING_ORDER,Commande encore en traitement : chiffre d'affaires à vérifier.
499,30870,44865,22053,2024-01-24,Returned,Returned,EXCLUE_METIER,49.5,Pants,30870,44865,22053,2024-01-24,49.50,EXCLUE PAR RÈGLE MÉTIER,RETURNED_ORDER,Commande retournée : exclusion métier du chiffre d'affaires.
500,31085,45162,21429,2024-01-24,Returned,Returned,EXCLUE_METIER,109.0,Jeans,31085,45162,21429,2024-01-24,109.00,EXCLUE PAR RÈGLE MÉTIER,RETURNED_ORDER,Commande retournée : exclusion métier du chiffre d'affaires.
501,31085,45163,23757,2024-01-22,Returned,Returned,EXCLUE_METIER,109.98999786376952,Outerwear & Coats,31085,45163,23757,2024-01-22,109.99,EXCLUE PAR RÈGLE MÉTIER,RETURNED_ORDER,Commande retournée : exclusion métier du chiffre d'affaires.
502,31173,45284,2088,2024-01-02,Processing,Processing,A_VERIFIER_ETAT,129.97999572753906,Fashion Hoodies & Sweatshirts,31173,45284,2088,2024-01-02,129.98,À VÉRIFIER,PROCESSING_ORDER,Commande encore en traitement : chiffre d'affaires à vérifier.
504,31435,45662,6593,2024-01-09,Processing,Processing,A_VERIFIER_ETAT,60.0,Shorts,31435,45662,6593,2024-01-09,60.00,À VÉRIFIER,PROCESSING_ORDER,Commande encore en traitement : chiffre d'affaires à vérifier.
505,31435,45663,6268,2024-01-11,Processing,Processing,A_VERIFIER_ETAT,8.989999771118164,Leggings,31435,45663,6268,2024-01-11,8.99,À VÉRIFIER,PROCESSING_ORDER,Commande encore en traitement : chiffre d'affaires à vérifier.
506,31435,45664,10841,2024-01-10,Processing,Processing,A_VERIFIER_ETAT,13.8100004196167,Intimates,31435,45664,10841,2024-01-10,13.81,À VÉRIFIER,PROCESSING_ORDER,Commande encore en traitement : chiffre d'affaires à vérifier.
507,31435,45665,4613,2024-01-07,Processing,Processing,A_VERIFIER_ETAT,25.0,Jeans,31435,45665,4613,2024-01-07,25.00,À VÉRIFIER,PROCESSING_ORDER,Commande encore en traitement : chiffre d'affaires à vérifier.
508,31592,45879,13549,2024-01-18,Cancelled,Cancelled,EXCLUE_METIER,132.0,Swim,31592,45879,13549,2024-01-18,132.00,EXCLUE PAR RÈGLE MÉTIER,CANCELLED_ORDER,Commande annulée : exclusion métier du chiffre d'affaires.
509,31592,45880,3233,2024-01-16,Cancelled,Cancelled,EXCLUE_METIER,99.0,Dresses,31592,45880,3233,2024-01-16,99.00,EXCLUE PAR RÈGLE MÉTIER,CANCELLED_ORDER,Commande annulée : exclusion métier du chiffre d'affaires.
511,31616,45910,22815,2024-01-11,Returned,Returned,EXCLUE_METIER,31.5,Shorts,31616,45910,22815,2024-01-11,31.50,EXCLUE PAR RÈGLE MÉTIER,RETURNED_ORDER,Commande retournée : exclusion métier du chiffre d'affaires.
521,32089,46591,10535,2024-01-05,Returned,Returned,EXCLUE_METIER,17.0,Intimates,32089,46591,10535,2024-01-05,17.00,EXCLUE PAR RÈGLE MÉTIER,RETURNED_ORDER,Commande retournée : exclusion métier du chiffre d'affaires.
522,32113,46621,9389,2024-01-01,Cancelled,Cancelled,EXCLUE_METIER,10.0,Socks & Hosiery,32113,46621,9389,2024-01-01,10.00,EXCLUE PAR RÈGLE MÉTIER,CANCELLED_ORDER,Commande annulée : exclusion métier du chiffre d'affaires.
523,32149,46676,20556,2024-01-07,Processing,Processing,A_VERIFIER_ETAT,195.0,Jeans,32149,46676,20556,2024-01-07,195.00,À VÉRIFIER,PROCESSING_ORDER,Commande encore en traitement : chiffre d'affaires à vérifier.
525,32263,46832,16850,2024-01-27,Cancelled,Cancelled,EXCLUE_METIER,32.0,Tops & Tees,32263,46832,16850,2024-01-27,32.00,EXCLUE PAR RÈGLE MÉTIER,CANCELLED_ORDER,Commande annulée : exclusion métier du chiffre d'affaires.
526,32272,46844,23085,2024-01-19,Processing,Processing,A_VERIFIER_ETAT,41.25,Shorts,32272,46844,23085,2024-01-19,41.25,À VÉRIFIER,PROCESSING_ORDER,Commande encore en traitement : chiffre d'affaires à vérifier.
528,32537,47241,15189,2024-01-24,Processing,Processing,A_VERIFIER_ETAT,89.0,Maternity,32537,47241,15189,2024-01-24,89.00,À VÉRIFIER,PROCESSING_ORDER,Commande encore en traitement : chiffre d'affaires à vérifier.
529,32598,47328,22633,2024-01-17,Cancelled,Cancelled,EXCLUE_METIER,55.950000762939446,Pants,32598,47328,22633,2024-01-17,55.95,EXCLUE PAR RÈGLE MÉTIER,CANCELLED_ORDER,Commande annulée : exclusion métier du chiffre d'affaires.
530,32598,47329,26583,2024-01-19,Cancelled,Cancelled,EXCLUE_METIER,49.9900016784668,Sleep & Lounge,32598,47329,26583,2024-01-19,49.99,EXCLUE PAR RÈGLE MÉTIER,CANCELLED_ORDER,Commande annulée : exclusion métier du chiffre d'affaires.
531,32671,47426,10864,2024-01-06,Cancelled,Cancelled,EXCLUE_METIER,13.409999847412108,Intimates,32671,47426,10864,2024-01-06,13.41,EXCLUE PAR RÈGLE MÉTIER,CANCELLED_ORDER,Commande annulée : exclusion métier du chiffre d'affaires.
532,32671,47427,15148,2024-01-06,Cancelled,Cancelled,EXCLUE_METIER,24.979999542236328,Maternity,32671,47427,15148,2024-01-06,24.98,EXCLUE PAR RÈGLE MÉTIER,CANCELLED_ORDER,Commande annulée : exclusion métier du chiffre d'affaires.
534,32906,47779,3839,2024-01-25,Processing,Processing,A_VERIFIER_ETAT,78.0,Dresses,32906,47779,3839,2024-01-25,78.00,À VÉRIFIER,PROCESSING_ORDER,Commande encore en traitement : chiffre d'affaires à vérifier.
535,32906,47780,10756,2024-01-27,Processing,Processing,A_VERIFIER_ETAT,10.0,Intimates,32906,47780,10756,2024-01-27,10.00,À VÉRIFIER,PROCESSING_ORDER,Commande encore en traitement : chiffre d'affaires à vérifier.
540,33176,48144,10191,2024-01-31,Processing,Processing,A_VERIFIER_ETAT,46.0,Sleep & Lounge,33176,48144,10191,2024-01-31,46.00,À VÉRIFIER,PROCESSING_ORDER,Commande encore en traitement : chiffre d'affaires à vérifier.
546,33344,48405,21017,2024-01-26,Processing,Processing,A_VERIFIER_ETAT,88.0,Jeans,33344,48405,21017,2024-01-26,88.00,À VÉRIFIER,PROCESSING_ORDER,Commande encore en traitement : chiffre d'affaires à vérifier.
547,33344,48406,16517,2024-01-26,Processing,Processing,A_VERIFIER_ETAT,25.0,Tops & Tees,33344,48406,16517,2024-01-26,25.00,À VÉRIFIER,PROCESSING_ORDER,Commande encore en traitement : chiffre d'affaires à vérifier.
551,33595,48784,18603,2024-01-16,Processing,Processing,A_VERIFIER_ETAT,15.210000038146973,Active,33595,48784,18603,2024-01-16,15.21,À VÉRIFIER,PROCESSING_ORDER,Commande encore en traitement : chiffre d'affaires à vérifier.
552,33595,48785,27389,2024-01-15,Processing,Processing,A_VERIFIER_ETAT,33.349998474121094,Sleep & Lounge,33595,48785,27389,2024-01-15,33.35,À VÉRIFIER,PROCESSING_ORDER,Commande encore en traitement : chiffre d'affaires à vérifier.
554,33827,49118,27759,2024-01-02,Cancelled,Cancelled,EXCLUE_METIER,50.66999816894531,Swim,33827,49118,27759,2024-01-02,50.67,EXCLUE PAR RÈGLE MÉTIER,CANCELLED_ORDER,Commande annulée : exclusion métier du chiffre d'affaires.
555,33909,49219,6484,2024-01-09,Processing,Processing,A_VERIFIER_ETAT,25.0,Shorts,33909,49219,6484,2024-01-09,25.00,À VÉRIFIER,PROCESSING_ORDER,Commande encore en traitement : chiffre d'affaires à vérifier.
559,34046,49408,25776,2024-01-09,Returned,Returned,EXCLUE_METIER,25.0,Underwear,34046,49408,25776,2024-01-09,25.00,EXCLUE PAR RÈGLE MÉTIER,RETURNED_ORDER,Commande retournée : exclusion métier du chiffre d'affaires.
561,34097,49474,26,2024-01-02,Processing,Processing,A_VERIFIER_ETAT,49.5,Tops & Tees,34097,49474,26,2024-01-02,49.50,À VÉRIFIER,PROCESSING_ORDER,Commande encore en traitement : chiffre d'affaires à vérifier.
563,34396,49899,20716,2024-01-26,Processing,Processing,A_VERIFIER_ETAT,42.0,Jeans,34396,49899,20716,2024-01-26,42.00,À VÉRIFIER,PROCESSING_ORDER,Commande encore en traitement : chiffre d'affaires à vérifier.
564,34471,50000,19002,2024-01-20,Cancelled,Cancelled,EXCLUE_METIER,49.9900016784668,Sweaters,34471,50000,19002,2024-01-20,49.99,EXCLUE PAR RÈGLE MÉTIER,CANCELLED_ORDER,Commande annulée : exclusion métier du chiffre d'affaires.
565,34478,50009,11206,2024-01-11,Processing,Processing,A_VERIFIER_ETAT,38.0,Intimates,34478,50009,11206,2024-01-11,38.00,À VÉRIFIER,PROCESSING_ORDER,Commande encore en traitement : chiffre d'affaires à vérifier.
566,34523,50079,6726,2024-01-25,Returned,Returned,EXCLUE_METIER,14.949999809265137,Shorts,34523,50079,6726,2024-01-25,14.95,EXCLUE PAR RÈGLE MÉTIER,RETURNED_ORDER,Commande retournée : exclusion métier du chiffre d'affaires.
567,34523,50080,11879,2024-01-26,Returned,Returned,EXCLUE_METIER,62.0,Intimates,34523,50080,11879,2024-01-26,62.00,EXCLUE PAR RÈGLE MÉTIER,RETURNED_ORDER,Commande retournée : exclusion métier du chiffre d'affaires.
568,34541,50106,12943,2024-01-22,Processing,Processing,A_VERIFIER_ETAT,24.989999771118164,Swim,34541,50106,12943,2024-01-22,24.99,À VÉRIFIER,PROCESSING_ORDER,Commande encore en traitement : chiffre d'affaires à vérifier.
569,34541,50107,7670,2024-01-20,Processing,Processing,A_VERIFIER_ETAT,40.0,Blazers & Jackets,34541,50107,7670,2024-01-20,40.00,À VÉRIFIER,PROCESSING_ORDER,Commande encore en traitement : chiffre d'affaires à vérifier.
570,34649,50252,2927,2024-01-03,Processing,Processing,A_VERIFIER_ETAT,44.0,Active,34649,50252,2927,2024-01-03,44.00,À VÉRIFIER,PROCESSING_ORDER,Commande encore en traitement : chiffre d'affaires à vérifier.
572,34922,50624,2764,2024-01-07,Cancelled,Cancelled,EXCLUE_METIER,15.239999771118164,Active,34922,50624,2764,2024-01-07,15.24,EXCLUE PAR RÈGLE MÉTIER,CANCELLED_ORDER,Commande annulée : exclusion métier du chiffre d'affaires.
573,34922,50625,2118,2024-01-09,Cancelled,Cancelled,EXCLUE_METIER,26.290000915527344,Fashion Hoodies & Sweatshirts,34922,50625,2118,2024-01-09,26.29,EXCLUE PAR RÈGLE MÉTIER,CANCELLED_ORDER,Commande annulée : exclusion métier du chiffre d'affaires.
574,34922,50626,260,2024-01-09,Cancelled,Cancelled,EXCLUE_METIER,13.06999969482422,Tops & Tees,34922,50626,260,2024-01-09,13.07,EXCLUE PAR RÈGLE MÉTIER,CANCELLED_ORDER,Commande annulée : exclusion métier du chiffre d'affaires.
575,34922,50627,9215,2024-01-09,Cancelled,Cancelled,EXCLUE_METIER,9.989999771118164,Socks & Hosiery,34922,50627,9215,2024-01-09,9.99,EXCLUE PAR RÈGLE MÉTIER,CANCELLED_ORDER,Commande annulée : exclusion métier du chiffre d'affaires.
579,35086,50878,27653,2024-01-02,Processing,Processing,A_VERIFIER_ETAT,45.0,Swim,35086,50878,27653,2024-01-02,45.00,À VÉRIFIER,PROCESSING_ORDER,Commande encore en traitement : chiffre d'affaires à vérifier.
581,35422,51367,25909,2024-01-19,Returned,Returned,EXCLUE_METIER,24.0,Underwear,35422,51367,25909,2024-01-19,24.00,EXCLUE PAR RÈGLE MÉTIER,RETURNED_ORDER,Commande retournée : exclusion métier du chiffre d'affaires.
584,35513,51482,24540,2024-01-16,Processing,Processing,A_VERIFIER_ETAT,12.0,Socks,35513,51482,24540,2024-01-16,12.00,À VÉRIFIER,PROCESSING_ORDER,Commande encore en traitement : chiffre d'affaires à vérifier.
585,35544,51524,8255,2024-01-18,Processing,Processing,A_VERIFIER_ETAT,329.989990234375,Outerwear & Coats,35544,51524,8255,2024-01-18,329.99,À VÉRIFIER,PROCESSING_ORDER,Commande encore en traitement : chiffre d'affaires à vérifier.
586,35573,51564,2849,2024-01-18,Cancelled,Cancelled,EXCLUE_METIER,209.9900054931641,Active,35573,51564,2849,2024-01-18,209.99,EXCLUE PAR RÈGLE MÉTIER,CANCELLED_ORDER,Commande annulée : exclusion métier du chiffre d'affaires.
590,35655,51680,26110,2024-01-29,Processing,Processing,A_VERIFIER_ETAT,11.5,Underwear,35655,51680,26110,2024-01-29,11.50,À VÉRIFIER,PROCESSING_ORDER,Commande encore en traitement : chiffre d'affaires à vérifier.
594,35780,51876,26053,2024-01-17,Processing,Processing,A_VERIFIER_ETAT,25.0,Underwear,35780,51876,26053,2024-01-17,25.00,À VÉRIFIER,PROCESSING_ORDER,Commande encore en traitement : chiffre d'affaires à vérifier.
595,35797,51903,3791,2024-01-14,Processing,Processing,A_VERIFIER_ETAT,9.510000228881838,Dresses,35797,51903,3791,2024-01-14,9.51,À VÉRIFIER,PROCESSING_ORDER,Commande encore en traitement : chiffre d'affaires à vérifier.
596,35801,51907,23582,2024-01-12,Returned,Returned,EXCLUE_METIER,66.0,Shorts,35801,51907,23582,2024-01-12,66.00,EXCLUE PAR RÈGLE MÉTIER,RETURNED_ORDER,Commande retournée : exclusion métier du chiffre d'affaires.
598,36010,52205,4831,2024-01-13,Processing,Processing,A_VERIFIER_ETAT,16.989999771118164,Jeans,36010,52205,4831,2024-01-13,16.99,À VÉRIFIER,PROCESSING_ORDER,Commande encore en traitement : chiffre d'affaires à vérifier.
602,36277,52582,10344,2024-01-26,Returned,Returned,EXCLUE_METIER,11.989999771118164,Sleep & Lounge,36277,52582,10344,2024-01-26,11.99,EXCLUE PAR RÈGLE MÉTIER,RETURNED_ORDER,Commande retournée : exclusion métier du chiffre d'affaires.
603,36277,52583,15078,2024-01-27,Returned,Returned,EXCLUE_METIER,19.5,Maternity,36277,52583,15078,2024-01-27,19.50,EXCLUE PAR RÈGLE MÉTIER,RETURNED_ORDER,Commande retournée : exclusion métier du chiffre d'affaires.
604,36277,52584,9977,2024-01-28,Returned,Returned,EXCLUE_METIER,26.0,Sleep & Lounge,36277,52584,9977,2024-01-28,26.00,EXCLUE PAR RÈGLE MÉTIER,RETURNED_ORDER,Commande retournée : exclusion métier du chiffre d'affaires.
605,36277,52585,2249,2024-01-25,Returned,Returned,EXCLUE_METIER,43.31999969482422,Fashion Hoodies & Sweatshirts,36277,52585,2249,2024-01-25,43.32,EXCLUE PAR RÈGLE MÉTIER,RETURNED_ORDER,Commande retournée : exclusion métier du chiffre d'affaires.
606,36326,52662,27953,2024-01-21,Returned,Returned,EXCLUE_METIER,59.5,Swim,36326,52662,27953,2024-01-21,59.50,EXCLUE PAR RÈGLE MÉTIER,RETURNED_ORDER,Commande retournée : exclusion métier du chiffre d'affaires.
607,36345,52684,20753,2024-01-29,Processing,Processing,A_VERIFIER_ETAT,79.98999786376953,Jeans,36345,52684,20753,2024-01-29,79.99,À VÉRIFIER,PROCESSING_ORDER,Commande encore en traitement : chiffre d'affaires à vérifier.
608,36345,52685,29077,2024-01-26,Processing,Processing,A_VERIFIER_ETAT,17.989999771118164,Accessories,36345,52685,29077,2024-01-26,17.99,À VÉRIFIER,PROCESSING_ORDER,Commande encore en traitement : chiffre d'affaires à vérifier.
609,36438,52823,7755,2024-01-22,Cancelled,Cancelled,EXCLUE_METIER,44.77999877929688,Blazers & Jackets,36438,52823,7755,2024-01-22,44.78,EXCLUE PAR RÈGLE MÉTIER,CANCELLED_ORDER,Commande annulée : exclusion métier du chiffre d'affaires.
612,36587,53013,18770,2024-01-12,Processing,Processing,A_VERIFIER_ETAT,58.0,Active,36587,53013,18770,2024-01-12,58.00,À VÉRIFIER,PROCESSING_ORDER,Commande encore en traitement : chiffre d'affaires à vérifier.
613,36587,53014,24695,2024-01-14,Processing,Processing,A_VERIFIER_ETAT,22.030000686645508,Socks,36587,53014,24695,2024-01-14,22.03,À VÉRIFIER,PROCESSING_ORDER,Commande encore en traitement : chiffre d'affaires à vérifier.
614,36587,53015,26827,2024-01-14,Processing,Processing,A_VERIFIER_ETAT,36.880001068115234,Sleep & Lounge,36587,53015,26827,2024-01-14,36.88,À VÉRIFIER,PROCESSING_ORDER,Commande encore en traitement : chiffre d'affaires à vérifier.
615,36587,53016,22229,2024-01-12,Processing,Processing,A_VERIFIER_ETAT,23.63999938964844,Pants,36587,53016,22229,2024-01-12,23.64,À VÉRIFIER,PROCESSING_ORDER,Commande encore en traitement : chiffre d'affaires à vérifier.
617,36731,53219,19948,2024-01-18,Processing,Processing,A_VERIFIER_ETAT,89.98999786376953,Suits & Sport Coats,36731,53219,19948,2024-01-18,89.99,À VÉRIFIER,PROCESSING_ORDER,Commande encore en traitement : chiffre d'affaires à vérifier.
622,36992,53619,27935,2024-01-16,Returned,Returned,EXCLUE_METIER,69.98999786376953,Swim,36992,53619,27935,2024-01-16,69.99,EXCLUE PAR RÈGLE MÉTIER,RETURNED_ORDER,Commande retournée : exclusion métier du chiffre d'affaires.
627,37074,53731,6346,2024-01-10,Cancelled,Cancelled,EXCLUE_METIER,25.0,Shorts,37074,53731,6346,2024-01-10,25.00,EXCLUE PAR RÈGLE MÉTIER,CANCELLED_ORDER,Commande annulée : exclusion métier du chiffre d'affaires.
629,37206,53911,15731,2024-01-19,Returned,Returned,EXCLUE_METIER,31.40999984741211,Plus,37206,53911,15731,2024-01-19,31.41,EXCLUE PAR RÈGLE MÉTIER,RETURNED_ORDER,Commande retournée : exclusion métier du chiffre d'affaires.
630,37227,53947,24337,2024-01-01,Processing,Processing,A_VERIFIER_ETAT,449.0,Outerwear & Coats,37227,53947,24337,2024-01-01,449.00,À VÉRIFIER,PROCESSING_ORDER,Commande encore en traitement : chiffre d'affaires à vérifier.
631,37227,53949,23877,2024-01-04,Processing,Processing,A_VERIFIER_ETAT,169.99000549316406,Outerwear & Coats,37227,53949,23877,2024-01-04,169.99,À VÉRIFIER,PROCESSING_ORDER,Commande encore en traitement : chiffre d'affaires à vérifier.
632,37227,53950,18797,2024-01-03,Processing,Processing,A_VERIFIER_ETAT,115.98999786376952,Sweaters,37227,53950,18797,2024-01-03,115.99,À VÉRIFIER,PROCESSING_ORDER,Commande encore en traitement : chiffre d'affaires à vérifier.
634,37366,54145,19885,2024-01-21,Processing,Processing,A_VERIFIER_ETAT,99.5,Suits & Sport Coats,37366,54145,19885,2024-01-21,99.50,À VÉRIFIER,PROCESSING_ORDER,Commande encore en traitement : chiffre d'affaires à vérifier.
637,37594,54468,10842,2024-01-27,Returned,Returned,EXCLUE_METIER,9.5600004196167,Intimates,37594,54468,10842,2024-01-27,9.56,EXCLUE PAR RÈGLE MÉTIER,RETURNED_ORDER,Commande retournée : exclusion métier du chiffre d'affaires.
638,37742,54707,13001,2024-01-27,Processing,Processing,A_VERIFIER_ETAT,53.290000915527344,Swim,37742,54707,13001,2024-01-27,53.29,À VÉRIFIER,PROCESSING_ORDER,Commande encore en traitement : chiffre d'affaires à vérifier.
640,37919,54966,10823,2024-01-04,Cancelled,Cancelled,EXCLUE_METIER,20.0,Intimates,37919,54966,10823,2024-01-04,20.00,EXCLUE PAR RÈGLE MÉTIER,CANCELLED_ORDER,Commande annulée : exclusion métier du chiffre d'affaires.
645,38244,55468,26030,2024-01-30,Returned,Returned,EXCLUE_METIER,28.0,Underwear,38244,55468,26030,2024-01-30,28.00,EXCLUE PAR RÈGLE MÉTIER,RETURNED_ORDER,Commande retournée : exclusion métier du chiffre d'affaires.
646,38244,55469,22152,2024-01-31,Returned,Returned,EXCLUE_METIER,64.98999786376953,Pants,38244,55469,22152,2024-01-31,64.99,EXCLUE PAR RÈGLE MÉTIER,RETURNED_ORDER,Commande retournée : exclusion métier du chiffre d'affaires.
654,38828,56322,4587,2024-01-06,Processing,Processing,A_VERIFIER_ETAT,44.0,Jeans,38828,56322,4587,2024-01-06,44.00,À VÉRIFIER,PROCESSING_ORDER,Commande encore en traitement : chiffre d'affaires à vérifier.
655,38854,56360,14078,2024-01-24,Processing,Processing,A_VERIFIER_ETAT,11.899999618530272,Accessories,38854,56360,14078,2024-01-24,11.90,À VÉRIFIER,PROCESSING_ORDER,Commande encore en traitement : chiffre d'affaires à vérifier.
659,39309,57008,20101,2024-01-31,Cancelled,Cancelled,EXCLUE_METIER,350.0,Suits & Sport Coats,39309,57008,20101,2024-01-31,350.00,EXCLUE PAR RÈGLE MÉTIER,CANCELLED_ORDER,Commande annulée : exclusion métier du chiffre d'affaires.
661,39645,57499,3440,2024-01-31,Returned,Returned,EXCLUE_METIER,10.149999618530272,Dresses,39645,57499,3440,2024-01-31,10.15,EXCLUE PAR RÈGLE MÉTIER,RETURNED_ORDER,Commande retournée : exclusion métier du chiffre d'affaires.
664,39729,57618,16585,2024-01-01,Returned,Returned,EXCLUE_METIER,25.0,Tops & Tees,39729,57618,16585,2024-01-01,25.00,EXCLUE PAR RÈGLE MÉTIER,RETURNED_ORDER,Commande retournée : exclusion métier du chiffre d'affaires.
665,39794,57710,19099,2024-01-07,Processing,Processing,A_VERIFIER_ETAT,27.989999771118164,Sweaters,39794,57710,19099,2024-01-07,27.99,À VÉRIFIER,PROCESSING_ORDER,Commande encore en traitement : chiffre d'affaires à vérifier.
666,39893,57845,17528,2024-01-15,Cancelled,Cancelled,EXCLUE_METIER,49.950000762939446,Fashion Hoodies & Sweatshirts,39893,57845,17528,2024-01-15,49.95,EXCLUE PAR RÈGLE MÉTIER,CANCELLED_ORDER,Commande annulée : exclusion métier du chiffre d'affaires.
667,39998,57999,13015,2024-01-17,Cancelled,Cancelled,EXCLUE_METIER,29.40999984741211,Swim,39998,57999,13015,2024-01-17,29.41,EXCLUE PAR RÈGLE MÉTIER,CANCELLED_ORDER,Commande annulée : exclusion métier du chiffre d'affaires.
669,40031,58040,25590,2024-01-09,Cancelled,Cancelled,EXCLUE_METIER,24.0,Underwear,40031,58040,25590,2024-01-09,24.00,EXCLUE PAR RÈGLE MÉTIER,CANCELLED_ORDER,Commande annulée : exclusion métier du chiffre d'affaires.
670,40107,58144,21861,2024-01-14,Cancelled,Cancelled,EXCLUE_METIER,12.010000228881836,Pants,40107,58144,21861,2024-01-14,12.01,EXCLUE PAR RÈGLE MÉTIER,CANCELLED_ORDER,Commande annulée : exclusion métier du chiffre d'affaires.
671,40107,58145,24946,2024-01-16,Cancelled,Cancelled,EXCLUE_METIER,13.0,Socks,40107,58145,24946,2024-01-16,13.00,EXCLUE PAR RÈGLE MÉTIER,CANCELLED_ORDER,Commande annulée : exclusion métier du chiffre d'affaires.
675,40209,58289,6195,2024-01-03,Cancelled,Cancelled,EXCLUE_METIER,12.949999809265137,Leggings,40209,58289,6195,2024-01-03,12.95,EXCLUE PAR RÈGLE MÉTIER,CANCELLED_ORDER,Commande annulée : exclusion métier du chiffre d'affaires.
676,40362,58508,17786,2024-01-16,Returned,Returned,EXCLUE_METIER,49.9900016784668,Fashion Hoodies & Sweatshirts,40362,58508,17786,2024-01-16,49.99,EXCLUE PAR RÈGLE MÉTIER,RETURNED_ORDER,Commande retournée : exclusion métier du chiffre d'affaires.
677,40362,58509,25254,2024-01-18,Returned,Returned,EXCLUE_METIER,19.5,Socks,40362,58509,25254,2024-01-18,19.50,EXCLUE PAR RÈGLE MÉTIER,RETURNED_ORDER,Commande retournée : exclusion métier du chiffre d'affaires.
678,40362,58510,26692,2024-01-17,Returned,Returned,EXCLUE_METIER,44.0,Sleep & Lounge,40362,58510,26692,2024-01-17,44.00,EXCLUE PAR RÈGLE MÉTIER,RETURNED_ORDER,Commande retournée : exclusion métier du chiffre d'affaires.
679,40441,58634,23312,2024-01-09,Cancelled,Cancelled,EXCLUE_METIER,51.950000762939446,Shorts,40441,58634,23312,2024-01-09,51.95,EXCLUE PAR RÈGLE MÉTIER,CANCELLED_ORDER,Commande annulée : exclusion métier du chiffre d'affaires.
680,40441,58635,27720,2024-01-09,Cancelled,Cancelled,EXCLUE_METIER,12.899999618530272,Swim,40441,58635,27720,2024-01-09,12.90,EXCLUE PAR RÈGLE MÉTIER,CANCELLED_ORDER,Commande annulée : exclusion métier du chiffre d'affaires.
681,40441,58636,21004,2024-01-09,Cancelled,Cancelled,EXCLUE_METIER,29.989999771118164,Jeans,40441,58636,21004,2024-01-09,29.99,EXCLUE PAR RÈGLE MÉTIER,CANCELLED_ORDER,Commande annulée : exclusion métier du chiffre d'affaires.
684,40768,59117,19667,2024-01-08,Cancelled,Cancelled,EXCLUE_METIER,67.98999786376953,Sweaters,40768,59117,19667,2024-01-08,67.99,EXCLUE PAR RÈGLE MÉTIER,CANCELLED_ORDER,Commande annulée : exclusion métier du chiffre d'affaires.
685,40768,59118,28783,2024-01-08,Cancelled,Cancelled,EXCLUE_METIER,11.5,Accessories,40768,59118,28783,2024-01-08,11.50,EXCLUE PAR RÈGLE MÉTIER,CANCELLED_ORDER,Commande annulée : exclusion métier du chiffre d'affaires.
690,41108,59599,20615,2024-01-04,Returned,Returned,EXCLUE_METIER,54.180000305175774,Jeans,41108,59599,20615,2024-01-04,54.18,EXCLUE PAR RÈGLE MÉTIER,RETURNED_ORDER,Commande retournée : exclusion métier du chiffre d'affaires.
693,41153,59657,16081,2024-01-20,Returned,Returned,EXCLUE_METIER,125.0,Tops & Tees,41153,59657,16081,2024-01-20,125.00,EXCLUE PAR RÈGLE MÉTIER,RETURNED_ORDER,Commande retournée : exclusion métier du chiffre d'affaires.
694,41204,59741,20316,2024-01-20,Cancelled,Cancelled,EXCLUE_METIER,149.0,Suits & Sport Coats,41204,59741,20316,2024-01-20,149.00,EXCLUE PAR RÈGLE MÉTIER,CANCELLED_ORDER,Commande annulée : exclusion métier du chiffre d'affaires.
699,41224,59768,8165,2024-01-05,Cancelled,Cancelled,EXCLUE_METIER,139.0,Suits,41224,59768,8165,2024-01-05,139.00,EXCLUE PAR RÈGLE MÉTIER,CANCELLED_ORDER,Commande annulée : exclusion métier du chiffre d'affaires.
700,41224,59769,12349,2024-01-05,Cancelled,Cancelled,EXCLUE_METIER,51.310001373291016,Intimates,41224,59769,12349,2024-01-05,51.31,EXCLUE PAR RÈGLE MÉTIER,CANCELLED_ORDER,Commande annulée : exclusion métier du chiffre d'affaires.
702,41295,59876,17789,2024-01-21,Processing,Processing,A_VERIFIER_ETAT,55.950000762939446,Fashion Hoodies & Sweatshirts,41295,59876,17789,2024-01-21,55.95,À VÉRIFIER,PROCESSING_ORDER,Commande encore en traitement : chiffre d'affaires à vérifier.
703,41320,59915,16714,2024-01-25,Processing,Processing,A_VERIFIER_ETAT,15.949999809265137,Tops & Tees,41320,59915,16714,2024-01-25,15.95,À VÉRIFIER,PROCESSING_ORDER,Commande encore en traitement : chiffre d'affaires à vérifier.
704,41320,59916,23155,2024-01-27,Processing,Processing,A_VERIFIER_ETAT,44.9900016784668,Shorts,41320,59916,23155,2024-01-27,44.99,À VÉRIFIER,PROCESSING_ORDER,Commande encore en traitement : chiffre d'affaires à vérifier.
705,41322,59918,17020,2024-01-19,Cancelled,Cancelled,EXCLUE_METIER,54.0,Tops & Tees,41322,59918,17020,2024-01-19,54.00,EXCLUE PAR RÈGLE MÉTIER,CANCELLED_ORDER,Commande annulée : exclusion métier du chiffre d'affaires.
706,41322,59919,19851,2024-01-22,Cancelled,Cancelled,EXCLUE_METIER,179.99000549316406,Suits & Sport Coats,41322,59919,19851,2024-01-22,179.99,EXCLUE PAR RÈGLE MÉTIER,CANCELLED_ORDER,Commande annulée : exclusion métier du chiffre d'affaires.
708,41503,60178,21783,2024-01-11,Processing,Processing,A_VERIFIER_ETAT,34.9900016784668,Pants,41503,60178,21783,2024-01-11,34.99,À VÉRIFIER,PROCESSING_ORDER,Commande encore en traitement : chiffre d'affaires à vérifier.
709,41512,60189,17633,2024-01-01,Cancelled,Cancelled,EXCLUE_METIER,85.0,Fashion Hoodies & Sweatshirts,41512,60189,17633,2024-01-01,85.00,EXCLUE PAR RÈGLE MÉTIER,CANCELLED_ORDER,Commande annulée : exclusion métier du chiffre d'affaires.
711,41900,60743,25349,2024-01-23,Returned,Returned,EXCLUE_METIER,15.0,Socks,41900,60743,25349,2024-01-23,15.00,EXCLUE PAR RÈGLE MÉTIER,RETURNED_ORDER,Commande retournée : exclusion métier du chiffre d'affaires.
719,42037,60949,6439,2024-01-12,Returned,Returned,EXCLUE_METIER,24.950000762939453,Shorts,42037,60949,6439,2024-01-12,24.95,EXCLUE PAR RÈGLE MÉTIER,RETURNED_ORDER,Commande retournée : exclusion métier du chiffre d'affaires.
720,42037,60950,839,2024-01-15,Returned,Returned,EXCLUE_METIER,92.43000030517578,Sweaters,42037,60950,839,2024-01-15,92.43,EXCLUE PAR RÈGLE MÉTIER,RETURNED_ORDER,Commande retournée : exclusion métier du chiffre d'affaires.
721,42203,61186,12913,2024-01-13,Cancelled,Cancelled,EXCLUE_METIER,110.0,Swim,42203,61186,12913,2024-01-13,110.00,EXCLUE PAR RÈGLE MÉTIER,CANCELLED_ORDER,Commande annulée : exclusion métier du chiffre d'affaires.
722,42265,61290,16321,2024-01-18,Returned,Returned,EXCLUE_METIER,23.989999771118164,Tops & Tees,42265,61290,16321,2024-01-18,23.99,EXCLUE PAR RÈGLE MÉTIER,RETURNED_ORDER,Commande retournée : exclusion métier du chiffre d'affaires.
726,42769,62037,26609,2024-01-18,Cancelled,Cancelled,EXCLUE_METIER,39.0,Sleep & Lounge,42769,62037,26609,2024-01-18,39.00,EXCLUE PAR RÈGLE MÉTIER,CANCELLED_ORDER,Commande annulée : exclusion métier du chiffre d'affaires.
727,42769,62038,28125,2024-01-19,Cancelled,Cancelled,EXCLUE_METIER,52.0,Swim,42769,62038,28125,2024-01-19,52.00,EXCLUE PAR RÈGLE MÉTIER,CANCELLED_ORDER,Commande annulée : exclusion métier du chiffre d'affaires.
729,42783,62059,12659,2024-01-15,Cancelled,Cancelled,EXCLUE_METIER,3.2799999713897705,Intimates,42783,62059,12659,2024-01-15,3.28,EXCLUE PAR RÈGLE MÉTIER,CANCELLED_ORDER,Commande annulée : exclusion métier du chiffre d'affaires.
730,42900,62231,14709,2024-01-12,Processing,Processing,A_VERIFIER_ETAT,68.31999969482422,Maternity,42900,62231,14709,2024-01-12,68.32,À VÉRIFIER,PROCESSING_ORDER,Commande encore en traitement : chiffre d'affaires à vérifier.
732,42964,62333,28549,2024-01-28,Cancelled,Cancelled,EXCLUE_METIER,19.989999771118164,Accessories,42964,62333,28549,2024-01-28,19.99,EXCLUE PAR RÈGLE MÉTIER,CANCELLED_ORDER,Commande annulée : exclusion métier du chiffre d'affaires.
737,43414,62963,22407,2024-01-05,Processing,Processing,A_VERIFIER_ETAT,120.69000244140624,Pants,43414,62963,22407,2024-01-05,120.69,À VÉRIFIER,PROCESSING_ORDER,Commande encore en traitement : chiffre d'affaires à vérifier.
738,43633,63277,9393,2024-01-07,Cancelled,Cancelled,EXCLUE_METIER,15.949999809265137,Socks & Hosiery,43633,63277,9393,2024-01-07,15.95,EXCLUE PAR RÈGLE MÉTIER,CANCELLED_ORDER,Commande annulée : exclusion métier du chiffre d'affaires.
746,44075,63932,9270,2024-01-09,Returned,Returned,EXCLUE_METIER,27.0,Socks & Hosiery,44075,63932,9270,2024-01-09,27.00,EXCLUE PAR RÈGLE MÉTIER,RETURNED_ORDER,Commande retournée : exclusion métier du chiffre d'affaires.
747,44075,63933,6183,2024-01-10,Returned,Returned,EXCLUE_METIER,21.899999618530277,Leggings,44075,63933,6183,2024-01-10,21.90,EXCLUE PAR RÈGLE MÉTIER,RETURNED_ORDER,Commande retournée : exclusion métier du chiffre d'affaires.
748,44225,64138,16764,2024-01-24,Processing,Processing,A_VERIFIER_ETAT,85.0,Tops & Tees,44225,64138,16764,2024-01-24,85.00,À VÉRIFIER,PROCESSING_ORDER,Commande encore en traitement : chiffre d'affaires à vérifier.
753,44389,64367,15860,2024-01-26,Processing,Processing,A_VERIFIER_ETAT,35.2599983215332,Plus,44389,64367,15860,2024-01-26,35.26,À VÉRIFIER,PROCESSING_ORDER,Commande encore en traitement : chiffre d'affaires à vérifier.
754,44389,64368,26,2024-01-29,Processing,Processing,A_VERIFIER_ETAT,49.5,Tops & Tees,44389,64368,26,2024-01-29,49.50,À VÉRIFIER,PROCESSING_ORDER,Commande encore en traitement : chiffre d'affaires à vérifier.
763,44958,65191,6646,2024-01-23,Returned,Returned,EXCLUE_METIER,40.0,Shorts,44958,65191,6646,2024-01-23,40.00,EXCLUE PAR RÈGLE MÉTIER,RETURNED_ORDER,Commande retournée : exclusion métier du chiffre d'affaires.
764,44993,65238,5647,2024-01-18,Processing,Processing,A_VERIFIER_ETAT,119.98999786376952,Pants & Capris,44993,65238,5647,2024-01-18,119.99,À VÉRIFIER,PROCESSING_ORDER,Commande encore en traitement : chiffre d'affaires à vérifier.
765,45290,65645,22941,2024-01-25,Returned,Returned,EXCLUE_METIER,34.9900016784668,Shorts,45290,65645,22941,2024-01-25,34.99,EXCLUE PAR RÈGLE MÉTIER,RETURNED_ORDER,Commande retournée : exclusion métier du chiffre d'affaires.
769,45790,66362,19117,2024-01-27,Returned,Returned,EXCLUE_METIER,45.0,Sweaters,45790,66362,19117,2024-01-27,45.00,EXCLUE PAR RÈGLE MÉTIER,RETURNED_ORDER,Commande retournée : exclusion métier du chiffre d'affaires.
771,45928,66562,6299,2024-01-31,Returned,Returned,EXCLUE_METIER,25.0,Shorts,45928,66562,6299,2024-01-31,25.00,EXCLUE PAR RÈGLE MÉTIER,RETURNED_ORDER,Commande retournée : exclusion métier du chiffre d'affaires.
775,46439,67312,11878,2024-01-29,Returned,Returned,EXCLUE_METIER,42.0,Intimates,46439,67312,11878,2024-01-29,42.00,EXCLUE PAR RÈGLE MÉTIER,RETURNED_ORDER,Commande retournée : exclusion métier du chiffre d'affaires.
779,46647,67628,18988,2024-01-11,Returned,Returned,EXCLUE_METIER,49.02999877929688,Sweaters,46647,67628,18988,2024-01-11,49.03,EXCLUE PAR RÈGLE MÉTIER,RETURNED_ORDER,Commande retournée : exclusion métier du chiffre d'affaires.
781,46722,67736,28344,2024-01-26,Processing,Processing,A_VERIFIER_ETAT,4.079999923706056,Accessories,46722,67736,28344,2024-01-26,4.08,À VÉRIFIER,PROCESSING_ORDER,Commande encore en traitement : chiffre d'affaires à vérifier.
786,46978,68104,26995,2024-01-22,Processing,Processing,A_VERIFIER_ETAT,25.0,Sleep & Lounge,46978,68104,26995,2024-01-22,25.00,À VÉRIFIER,PROCESSING_ORDER,Commande encore en traitement : chiffre d'affaires à vérifier.
789,47211,68434,20107,2024-01-04,Cancelled,Cancelled,EXCLUE_METIER,49.950000762939446,Suits & Sport Coats,47211,68434,20107,2024-01-04,49.95,EXCLUE PAR RÈGLE MÉTIER,CANCELLED_ORDER,Commande annulée : exclusion métier du chiffre d'affaires.
790,47211,68435,24823,2024-01-03,Cancelled,Cancelled,EXCLUE_METIER,24.989999771118164,Socks,47211,68435,24823,2024-01-03,24.99,EXCLUE PAR RÈGLE MÉTIER,CANCELLED_ORDER,Commande annulée : exclusion métier du chiffre d'affaires.
792,47324,68597,22292,2024-01-21,Returned,Returned,EXCLUE_METIER,12.239999771118164,Pants,47324,68597,22292,2024-01-21,12.24,EXCLUE PAR RÈGLE MÉTIER,RETURNED_ORDER,Commande retournée : exclusion métier du chiffre d'affaires.
794,47650,69060,3458,2024-01-28,Processing,Processing,A_VERIFIER_ETAT,106.40000152587892,Dresses,47650,69060,3458,2024-01-28,106.40,À VÉRIFIER,PROCESSING_ORDER,Commande encore en traitement : chiffre d'affaires à vérifier.
795,47650,69061,3126,2024-01-31,Processing,Processing,A_VERIFIER_ETAT,130.0,Dresses,47650,69061,3126,2024-01-31,130.00,À VÉRIFIER,PROCESSING_ORDER,Commande encore en traitement : chiffre d'affaires à vérifier.
796,47650,69062,12800,2024-01-29,Processing,Processing,A_VERIFIER_ETAT,72.0,Swim,47650,69062,12800,2024-01-29,72.00,À VÉRIFIER,PROCESSING_ORDER,Commande encore en traitement : chiffre d'affaires à vérifier.
800,47765,69236,20897,2024-01-14,Cancelled,Cancelled,EXCLUE_METIER,55.0,Jeans,47765,69236,20897,2024-01-14,55.00,EXCLUE PAR RÈGLE MÉTIER,CANCELLED_ORDER,Commande annulée : exclusion métier du chiffre d'affaires.
802,47860,69373,9821,2024-01-26,Processing,Processing,A_VERIFIER_ETAT,92.0,Sleep & Lounge,47860,69373,9821,2024-01-26,92.00,À VÉRIFIER,PROCESSING_ORDER,Commande encore en traitement : chiffre d'affaires à vérifier.
804,48035,69625,21866,2024-01-30,Returned,Returned,EXCLUE_METIER,89.98999786376953,Pants,48035,69625,21866,2024-01-30,89.99,EXCLUE PAR RÈGLE MÉTIER,RETURNED_ORDER,Commande retournée : exclusion métier du chiffre d'affaires.
809,48274,69968,22625,2024-01-12,Processing,Processing,A_VERIFIER_ETAT,16.520000457763672,Pants,48274,69968,22625,2024-01-12,16.52,À VÉRIFIER,PROCESSING_ORDER,Commande encore en traitement : chiffre d'affaires à vérifier.
810,48274,69969,26945,2024-01-10,Processing,Processing,A_VERIFIER_ETAT,83.91999816894531,Sleep & Lounge,48274,69969,26945,2024-01-10,83.92,À VÉRIFIER,PROCESSING_ORDER,Commande encore en traitement : chiffre d'affaires à vérifier.
811,48401,70147,23600,2024-01-14,Processing,Processing,A_VERIFIER_ETAT,35.900001525878906,Shorts,48401,70147,23600,2024-01-14,35.90,À VÉRIFIER,PROCESSING_ORDER,Commande encore en traitement : chiffre d'affaires à vérifier.
812,48401,70148,22821,2024-01-15,Processing,Processing,A_VERIFIER_ETAT,45.02000045776367,Shorts,48401,70148,22821,2024-01-15,45.02,À VÉRIFIER,PROCESSING_ORDER,Commande encore en traitement : chiffre d'affaires à vérifier.
817,48687,70560,11897,2024-01-02,Processing,Processing,A_VERIFIER_ETAT,69.0,Intimates,48687,70560,11897,2024-01-02,69.00,À VÉRIFIER,PROCESSING_ORDER,Commande encore en traitement : chiffre d'affaires à vérifier.
818,48687,70561,6708,2024-01-05,Processing,Processing,A_VERIFIER_ETAT,24.979999542236328,Shorts,48687,70561,6708,2024-01-05,24.98,À VÉRIFIER,PROCESSING_ORDER,Commande encore en traitement : chiffre d'affaires à vérifier.
822,48917,70878,23042,2024-01-16,Processing,Processing,A_VERIFIER_ETAT,36.0,Shorts,48917,70878,23042,2024-01-16,36.00,À VÉRIFIER,PROCESSING_ORDER,Commande encore en traitement : chiffre d'affaires à vérifier.
823,48917,70879,17568,2024-01-13,Processing,Processing,A_VERIFIER_ETAT,30.0,Fashion Hoodies & Sweatshirts,48917,70879,17568,2024-01-13,30.00,À VÉRIFIER,PROCESSING_ORDER,Commande encore en traitement : chiffre d'affaires à vérifier.
824,48917,70880,23626,2024-01-15,Processing,Processing,A_VERIFIER_ETAT,88.5,Shorts,48917,70880,23626,2024-01-15,88.50,À VÉRIFIER,PROCESSING_ORDER,Commande encore en traitement : chiffre d'affaires à vérifier.
825,48917,70881,28081,2024-01-15,Processing,Processing,A_VERIFIER_ETAT,40.180000305175774,Swim,48917,70881,28081,2024-01-15,40.18,À VÉRIFIER,PROCESSING_ORDER,Commande encore en traitement : chiffre d'affaires à vérifier.
826,48932,70901,14753,2024-01-13,Cancelled,Cancelled,EXCLUE_METIER,44.97999954223633,Maternity,48932,70901,14753,2024-01-13,44.98,EXCLUE PAR RÈGLE MÉTIER,CANCELLED_ORDER,Commande annulée : exclusion métier du chiffre d'affaires.
827,48995,70999,8855,2024-01-25,Cancelled,Cancelled,EXCLUE_METIER,12.199999809265137,Socks & Hosiery,48995,70999,8855,2024-01-25,12.20,EXCLUE PAR RÈGLE MÉTIER,CANCELLED_ORDER,Commande annulée : exclusion métier du chiffre d'affaires.
828,49010,71020,19514,2024-01-31,Cancelled,Cancelled,EXCLUE_METIER,145.0,Sweaters,49010,71020,19514,2024-01-31,145.00,EXCLUE PAR RÈGLE MÉTIER,CANCELLED_ORDER,Commande annulée : exclusion métier du chiffre d'affaires.
829,49060,71096,25759,2024-01-08,Returned,Returned,EXCLUE_METIER,19.200000762939453,Underwear,49060,71096,25759,2024-01-08,19.20,EXCLUE PAR RÈGLE MÉTIER,RETURNED_ORDER,Commande retournée : exclusion métier du chiffre d'affaires.
831,49399,71584,2669,2024-01-20,Cancelled,Cancelled,EXCLUE_METIER,34.9900016784668,Active,49399,71584,2669,2024-01-20,34.99,EXCLUE PAR RÈGLE MÉTIER,CANCELLED_ORDER,Commande annulée : exclusion métier du chiffre d'affaires.
832,49403,71589,2868,2024-01-06,Returned,Returned,EXCLUE_METIER,9.489999771118164,Active,49403,71589,2868,2024-01-06,9.49,EXCLUE PAR RÈGLE MÉTIER,RETURNED_ORDER,Commande retournée : exclusion métier du chiffre d'affaires.
833,49495,71722,1406,2024-01-26,Cancelled,Cancelled,EXCLUE_METIER,75.56999969482422,Sweaters,49495,71722,1406,2024-01-26,75.57,EXCLUE PAR RÈGLE MÉTIER,CANCELLED_ORDER,Commande annulée : exclusion métier du chiffre d'affaires.
834,49495,71723,6262,2024-01-27,Cancelled,Cancelled,EXCLUE_METIER,6.710000038146973,Leggings,49495,71723,6262,2024-01-27,6.71,EXCLUE PAR RÈGLE MÉTIER,CANCELLED_ORDER,Commande annulée : exclusion métier du chiffre d'affaires.
838,49819,72198,24646,2024-01-23,Processing,Processing,A_VERIFIER_ETAT,15.0,Socks,49819,72198,24646,2024-01-23,15.00,À VÉRIFIER,PROCESSING_ORDER,Commande encore en traitement : chiffre d'affaires à vérifier.
839,49869,72269,4663,2024-01-16,Processing,Processing,A_VERIFIER_ETAT,198.0,Jeans,49869,72269,4663,2024-01-16,198.00,À VÉRIFIER,PROCESSING_ORDER,Commande encore en traitement : chiffre d'affaires à vérifier.
840,49869,72270,11602,2024-01-17,Processing,Processing,A_VERIFIER_ETAT,64.94999694824219,Intimates,49869,72270,11602,2024-01-17,64.95,À VÉRIFIER,PROCESSING_ORDER,Commande encore en traitement : chiffre d'affaires à vérifier.
841,49869,72271,4375,2024-01-16,Processing,Processing,A_VERIFIER_ETAT,25.0,Jeans,49869,72271,4375,2024-01-16,25.00,À VÉRIFIER,PROCESSING_ORDER,Commande encore en traitement : chiffre d'affaires à vérifier.
842,49869,72272,13701,2024-01-20,Processing,Processing,A_VERIFIER_ETAT,21.989999771118164,Accessories,49869,72272,13701,2024-01-20,21.99,À VÉRIFIER,PROCESSING_ORDER,Commande encore en traitement : chiffre d'affaires à vérifier.
844,50085,72599,18751,2024-01-26,Processing,Processing,A_VERIFIER_ETAT,34.95000076293945,Active,50085,72599,18751,2024-01-26,34.95,À VÉRIFIER,PROCESSING_ORDER,Commande encore en traitement : chiffre d'affaires à vérifier.
852,50382,73027,23663,2024-01-23,Cancelled,Cancelled,EXCLUE_METIER,109.98999786376952,Outerwear & Coats,50382,73027,23663,2024-01-23,109.99,EXCLUE PAR RÈGLE MÉTIER,CANCELLED_ORDER,Commande annulée : exclusion métier du chiffre d'affaires.
853,50383,73028,28760,2024-01-27,Processing,Processing,A_VERIFIER_ETAT,33.0,Accessories,50383,73028,28760,2024-01-27,33.00,À VÉRIFIER,PROCESSING_ORDER,Commande encore en traitement : chiffre d'affaires à vérifier.
854,50383,73029,23114,2024-01-29,Processing,Processing,A_VERIFIER_ETAT,36.0,Shorts,50383,73029,23114,2024-01-29,36.00,À VÉRIFIER,PROCESSING_ORDER,Commande encore en traitement : chiffre d'affaires à vérifier.
855,50383,73030,22827,2024-01-29,Processing,Processing,A_VERIFIER_ETAT,41.41999816894531,Shorts,50383,73030,22827,2024-01-29,41.42,À VÉRIFIER,PROCESSING_ORDER,Commande encore en traitement : chiffre d'affaires à vérifier.
856,50481,73153,17688,2024-01-19,Processing,Processing,A_VERIFIER_ETAT,89.5,Fashion Hoodies & Sweatshirts,50481,73153,17688,2024-01-19,89.50,À VÉRIFIER,PROCESSING_ORDER,Commande encore en traitement : chiffre d'affaires à vérifier.
858,50842,73682,24842,2024-01-21,Processing,Processing,A_VERIFIER_ETAT,13.0,Socks,50842,73682,24842,2024-01-21,13.00,À VÉRIFIER,PROCESSING_ORDER,Commande encore en traitement : chiffre d'affaires à vérifier.
859,51055,74007,20682,2024-01-24,Cancelled,Cancelled,EXCLUE_METIER,49.9900016784668,Jeans,51055,74007,20682,2024-01-24,49.99,EXCLUE PAR RÈGLE MÉTIER,CANCELLED_ORDER,Commande annulée : exclusion métier du chiffre d'affaires.
862,51339,74436,2097,2024-01-10,Processing,Processing,A_VERIFIER_ETAT,32.4900016784668,Fashion Hoodies & Sweatshirts,51339,74436,2097,2024-01-10,32.49,À VÉRIFIER,PROCESSING_ORDER,Commande encore en traitement : chiffre d'affaires à vérifier.
863,51339,74437,9268,2024-01-12,Processing,Processing,A_VERIFIER_ETAT,12.5,Socks & Hosiery,51339,74437,9268,2024-01-12,12.50,À VÉRIFIER,PROCESSING_ORDER,Commande encore en traitement : chiffre d'affaires à vérifier.
866,51920,75294,17121,2024-01-25,Returned,Returned,EXCLUE_METIER,25.0,Fashion Hoodies & Sweatshirts,51920,75294,17121,2024-01-25,25.00,EXCLUE PAR RÈGLE MÉTIER,RETURNED_ORDER,Commande retournée : exclusion métier du chiffre d'affaires.
867,51920,75295,24425,2024-01-22,Returned,Returned,EXCLUE_METIER,155.0,Outerwear & Coats,51920,75295,24425,2024-01-22,155.00,EXCLUE PAR RÈGLE MÉTIER,RETURNED_ORDER,Commande retournée : exclusion métier du chiffre d'affaires.
868,51920,75296,21275,2024-01-24,Returned,Returned,EXCLUE_METIER,42.9900016784668,Jeans,51920,75296,21275,2024-01-24,42.99,EXCLUE PAR RÈGLE MÉTIER,RETURNED_ORDER,Commande retournée : exclusion métier du chiffre d'affaires.
869,51920,75297,27635,2024-01-22,Returned,Returned,EXCLUE_METIER,16.989999771118164,Swim,51920,75297,27635,2024-01-22,16.99,EXCLUE PAR RÈGLE MÉTIER,RETURNED_ORDER,Commande retournée : exclusion métier du chiffre d'affaires.
875,52011,75432,13793,2024-01-09,Cancelled,Cancelled,EXCLUE_METIER,190.0,Accessories,52011,75432,13793,2024-01-09,190.00,EXCLUE PAR RÈGLE MÉTIER,CANCELLED_ORDER,Commande annulée : exclusion métier du chiffre d'affaires.
879,52085,75535,13750,2024-01-17,Processing,Processing,A_VERIFIER_ETAT,13.989999771118164,Accessories,52085,75535,13750,2024-01-17,13.99,À VÉRIFIER,PROCESSING_ORDER,Commande encore en traitement : chiffre d'affaires à vérifier.
880,52085,75536,9774,2024-01-16,Processing,Processing,A_VERIFIER_ETAT,54.0,Sleep & Lounge,52085,75536,9774,2024-01-16,54.00,À VÉRIFIER,PROCESSING_ORDER,Commande encore en traitement : chiffre d'affaires à vérifier.
881,52085,75537,14999,2024-01-20,Processing,Processing,A_VERIFIER_ETAT,29.979999542236328,Maternity,52085,75537,14999,2024-01-20,29.98,À VÉRIFIER,PROCESSING_ORDER,Commande encore en traitement : chiffre d'affaires à vérifier.
882,52248,75764,17083,2024-01-30,Processing,Processing,A_VERIFIER_ETAT,55.0,Fashion Hoodies & Sweatshirts,52248,75764,17083,2024-01-30,55.00,À VÉRIFIER,PROCESSING_ORDER,Commande encore en traitement : chiffre d'affaires à vérifier.
884,52428,76030,28377,2024-01-08,Cancelled,Cancelled,EXCLUE_METIER,56.950000762939446,Accessories,52428,76030,28377,2024-01-08,56.95,EXCLUE PAR RÈGLE MÉTIER,CANCELLED_ORDER,Commande annulée : exclusion métier du chiffre d'affaires.
889,52693,76418,6105,2024-01-17,Processing,Processing,A_VERIFIER_ETAT,31.989999771118164,Leggings,52693,76418,6105,2024-01-17,31.99,À VÉRIFIER,PROCESSING_ORDER,Commande encore en traitement : chiffre d'affaires à vérifier.
890,52693,76419,1245,2024-01-16,Processing,Processing,A_VERIFIER_ETAT,32.5,Sweaters,52693,76419,1245,2024-01-16,32.50,À VÉRIFIER,PROCESSING_ORDER,Commande encore en traitement : chiffre d'affaires à vérifier.
891,52693,76420,8025,2024-01-14,Processing,Processing,A_VERIFIER_ETAT,223.97000122070312,Blazers & Jackets,52693,76420,8025,2024-01-14,223.97,À VÉRIFIER,PROCESSING_ORDER,Commande encore en traitement : chiffre d'affaires à vérifier.
897,52863,76663,27973,2024-01-19,Processing,Processing,A_VERIFIER_ETAT,38.0,Swim,52863,76663,27973,2024-01-19,38.00,À VÉRIFIER,PROCESSING_ORDER,Commande encore en traitement : chiffre d'affaires à vérifier.
902,52990,76831,22065,2024-01-01,Cancelled,Cancelled,EXCLUE_METIER,74.94999694824217,Pants,52990,76831,22065,2024-01-01,74.95,EXCLUE PAR RÈGLE MÉTIER,CANCELLED_ORDER,Commande annulée : exclusion métier du chiffre d'affaires.
906,53109,76998,11253,2024-01-14,Cancelled,Cancelled,EXCLUE_METIER,98.0,Intimates,53109,76998,11253,2024-01-14,98.00,EXCLUE PAR RÈGLE MÉTIER,CANCELLED_ORDER,Commande annulée : exclusion métier du chiffre d'affaires.
907,53109,76999,5686,2024-01-17,Cancelled,Cancelled,EXCLUE_METIER,57.930000305175774,Pants & Capris,53109,76999,5686,2024-01-17,57.93,EXCLUE PAR RÈGLE MÉTIER,CANCELLED_ORDER,Commande annulée : exclusion métier du chiffre d'affaires.
914,53344,77360,27229,2024-01-13,Returned,Returned,EXCLUE_METIER,17.989999771118164,Sleep & Lounge,53344,77360,27229,2024-01-13,17.99,EXCLUE PAR RÈGLE MÉTIER,RETURNED_ORDER,Commande retournée : exclusion métier du chiffre d'affaires.
916,53450,77516,29031,2024-01-08,Processing,Processing,A_VERIFIER_ETAT,32.0,Accessories,53450,77516,29031,2024-01-08,32.00,À VÉRIFIER,PROCESSING_ORDER,Commande encore en traitement : chiffre d'affaires à vérifier.
917,53514,77610,9368,2024-01-03,Processing,Processing,A_VERIFIER_ETAT,16.0,Socks & Hosiery,53514,77610,9368,2024-01-03,16.00,À VÉRIFIER,PROCESSING_ORDER,Commande encore en traitement : chiffre d'affaires à vérifier.
922,53643,77779,16873,2024-01-04,Returned,Returned,EXCLUE_METIER,34.9900016784668,Tops & Tees,53643,77779,16873,2024-01-04,34.99,EXCLUE PAR RÈGLE MÉTIER,RETURNED_ORDER,Commande retournée : exclusion métier du chiffre d'affaires.
925,53867,78102,15233,2024-01-05,Cancelled,Cancelled,EXCLUE_METIER,36.0,Maternity,53867,78102,15233,2024-01-05,36.00,EXCLUE PAR RÈGLE MÉTIER,CANCELLED_ORDER,Commande annulée : exclusion métier du chiffre d'affaires.
926,53950,78229,1580,2024-01-22,Processing,Processing,A_VERIFIER_ETAT,39.9900016784668,Fashion Hoodies & Sweatshirts,53950,78229,1580,2024-01-22,39.99,À VÉRIFIER,PROCESSING_ORDER,Commande encore en traitement : chiffre d'affaires à vérifier.
927,53950,78230,12324,2024-01-21,Processing,Processing,A_VERIFIER_ETAT,19.989999771118164,Intimates,53950,78230,12324,2024-01-21,19.99,À VÉRIFIER,PROCESSING_ORDER,Commande encore en traitement : chiffre d'affaires à vérifier.
928,53950,78231,14014,2024-01-25,Processing,Processing,A_VERIFIER_ETAT,14.989999771118164,Accessories,53950,78231,14014,2024-01-25,14.99,À VÉRIFIER,PROCESSING_ORDER,Commande encore en traitement : chiffre d'affaires à vérifier.
933,54003,78303,27567,2024-01-07,Cancelled,Cancelled,EXCLUE_METIER,29.950000762939453,Swim,54003,78303,27567,2024-01-07,29.95,EXCLUE PAR RÈGLE MÉTIER,CANCELLED_ORDER,Commande annulée : exclusion métier du chiffre d'affaires.
934,54050,78364,19645,2024-01-03,Processing,Processing,A_VERIFIER_ETAT,48.970001220703125,Sweaters,54050,78364,19645,2024-01-03,48.97,À VÉRIFIER,PROCESSING_ORDER,Commande encore en traitement : chiffre d'affaires à vérifier.
936,54589,79126,14070,2024-01-03,Processing,Processing,A_VERIFIER_ETAT,25.0,Accessories,54589,79126,14070,2024-01-03,25.00,À VÉRIFIER,PROCESSING_ORDER,Commande encore en traitement : chiffre d'affaires à vérifier.
937,54661,79252,9628,2024-01-17,Returned,Returned,EXCLUE_METIER,21.989999771118164,Sleep & Lounge,54661,79252,9628,2024-01-17,21.99,EXCLUE PAR RÈGLE MÉTIER,RETURNED_ORDER,Commande retournée : exclusion métier du chiffre d'affaires.
938,54661,79253,7757,2024-01-16,Returned,Returned,EXCLUE_METIER,44.77999877929688,Blazers & Jackets,54661,79253,7757,2024-01-16,44.78,EXCLUE PAR RÈGLE MÉTIER,RETURNED_ORDER,Commande retournée : exclusion métier du chiffre d'affaires.
939,54772,79400,19774,2024-01-15,Cancelled,Cancelled,EXCLUE_METIER,34.95000076293945,Sweaters,54772,79400,19774,2024-01-15,34.95,EXCLUE PAR RÈGLE MÉTIER,CANCELLED_ORDER,Commande annulée : exclusion métier du chiffre d'affaires.
943,55158,79948,15280,2024-01-29,Cancelled,Cancelled,EXCLUE_METIER,25.0,Plus,55158,79948,15280,2024-01-29,25.00,EXCLUE PAR RÈGLE MÉTIER,CANCELLED_ORDER,Commande annulée : exclusion métier du chiffre d'affaires.
944,55158,79949,4855,2024-01-30,Cancelled,Cancelled,EXCLUE_METIER,154.0,Jeans,55158,79949,4855,2024-01-30,154.00,EXCLUE PAR RÈGLE MÉTIER,CANCELLED_ORDER,Commande annulée : exclusion métier du chiffre d'affaires.
945,55158,79950,11369,2024-01-31,Cancelled,Cancelled,EXCLUE_METIER,12.989999771118164,Intimates,55158,79950,11369,2024-01-31,12.99,EXCLUE PAR RÈGLE MÉTIER,CANCELLED_ORDER,Commande annulée : exclusion métier du chiffre d'affaires.
946,55158,79951,6359,2024-01-28,Cancelled,Cancelled,EXCLUE_METIER,25.0,Shorts,55158,79951,6359,2024-01-28,25.00,EXCLUE PAR RÈGLE MÉTIER,CANCELLED_ORDER,Commande annulée : exclusion métier du chiffre d'affaires.
950,55552,80509,17376,2024-01-01,Cancelled,Cancelled,EXCLUE_METIER,25.0,Fashion Hoodies & Sweatshirts,55552,80509,17376,2024-01-01,25.00,EXCLUE PAR RÈGLE MÉTIER,CANCELLED_ORDER,Commande annulée : exclusion métier du chiffre d'affaires.
957,55729,80772,19891,2024-01-01,Returned,Returned,EXCLUE_METIER,99.98999786376952,Suits & Sport Coats,55729,80772,19891,2024-01-01,99.99,EXCLUE PAR RÈGLE MÉTIER,RETURNED_ORDER,Commande retournée : exclusion métier du chiffre d'affaires.
958,55798,80883,37,2024-01-26,Processing,Processing,A_VERIFIER_ETAT,79.98999786376953,Tops & Tees,55798,80883,37,2024-01-26,79.99,À VÉRIFIER,PROCESSING_ORDER,Commande encore en traitement : chiffre d'affaires à vérifier.
959,55798,80884,8549,2024-01-26,Processing,Processing,A_VERIFIER_ETAT,39.5,Outerwear & Coats,55798,80884,8549,2024-01-26,39.50,À VÉRIFIER,PROCESSING_ORDER,Commande encore en traitement : chiffre d'affaires à vérifier.
960,55798,80885,12479,2024-01-28,Processing,Processing,A_VERIFIER_ETAT,36.950000762939446,Intimates,55798,80885,12479,2024-01-28,36.95,À VÉRIFIER,PROCESSING_ORDER,Commande encore en traitement : chiffre d'affaires à vérifier.
961,55798,80886,6087,2024-01-25,Processing,Processing,A_VERIFIER_ETAT,31.989999771118164,Leggings,55798,80886,6087,2024-01-25,31.99,À VÉRIFIER,PROCESSING_ORDER,Commande encore en traitement : chiffre d'affaires à vérifier.
965,55825,80924,21212,2024-01-01,Processing,Processing,A_VERIFIER_ETAT,50.0,Jeans,55825,80924,21212,2024-01-01,50.00,À VÉRIFIER,PROCESSING_ORDER,Commande encore en traitement : chiffre d'affaires à vérifier.
966,55825,80925,27565,2024-01-04,Processing,Processing,A_VERIFIER_ETAT,65.0,Swim,55825,80925,27565,2024-01-04,65.00,À VÉRIFIER,PROCESSING_ORDER,Commande encore en traitement : chiffre d'affaires à vérifier.
967,55825,80926,27955,2024-01-04,Processing,Processing,A_VERIFIER_ETAT,30.799999237060547,Swim,55825,80926,27955,2024-01-04,30.80,À VÉRIFIER,PROCESSING_ORDER,Commande encore en traitement : chiffre d'affaires à vérifier.
968,55971,81144,3401,2024-01-09,Returned,Returned,EXCLUE_METIER,121.0,Dresses,55971,81144,3401,2024-01-09,121.00,EXCLUE PAR RÈGLE MÉTIER,RETURNED_ORDER,Commande retournée : exclusion métier du chiffre d'affaires.
971,56111,81357,2183,2024-01-31,Returned,Returned,EXCLUE_METIER,44.950000762939446,Fashion Hoodies & Sweatshirts,56111,81357,2183,2024-01-31,44.95,EXCLUE PAR RÈGLE MÉTIER,RETURNED_ORDER,Commande retournée : exclusion métier du chiffre d'affaires.
972,56169,81439,16058,2024-01-29,Processing,Processing,A_VERIFIER_ETAT,125.0,Tops & Tees,56169,81439,16058,2024-01-29,125.00,À VÉRIFIER,PROCESSING_ORDER,Commande encore en traitement : chiffre d'affaires à vérifier.
989,57467,83343,176,2024-01-15,Returned,Returned,EXCLUE_METIER,11.489999771118164,Tops & Tees,57467,83343,176,2024-01-15,11.49,EXCLUE PAR RÈGLE MÉTIER,RETURNED_ORDER,Commande retournée : exclusion métier du chiffre d'affaires.
990,57567,83494,23357,2024-01-22,Processing,Processing,A_VERIFIER_ETAT,29.96999931335449,Shorts,57567,83494,23357,2024-01-22,29.97,À VÉRIFIER,PROCESSING_ORDER,Commande encore en traitement : chiffre d'affaires à vérifier.
991,57682,83651,409,2024-01-17,Processing,Processing,A_VERIFIER_ETAT,24.950000762939453,Tops & Tees,57682,83651,409,2024-01-17,24.95,À VÉRIFIER,PROCESSING_ORDER,Commande encore en traitement : chiffre d'affaires à vérifier.
992,57682,83652,10646,2024-01-16,Processing,Processing,A_VERIFIER_ETAT,31.989999771118164,Intimates,57682,83652,10646,2024-01-16,31.99,À VÉRIFIER,PROCESSING_ORDER,Commande encore en traitement : chiffre d'affaires à vérifier.
993,57682,83653,8042,2024-01-16,Processing,Processing,A_VERIFIER_ETAT,94.0,Clothing Sets,57682,83653,8042,2024-01-16,94.00,À VÉRIFIER,PROCESSING_ORDER,Commande encore en traitement : chiffre d'affaires à vérifier.
994,57887,83953,23764,2024-01-02,Cancelled,Cancelled,EXCLUE_METIER,48.0,Outerwear & Coats,57887,83953,23764,2024-01-02,48.00,EXCLUE PAR RÈGLE MÉTIER,CANCELLED_ORDER,Commande annulée : exclusion métier du chiffre d'affaires.
998,58542,84894,1817,2024-01-16,Processing,Processing,A_VERIFIER_ETAT,19.309999465942383,Fashion Hoodies & Sweatshirts,58542,84894,1817,2024-01-16,19.31,À VÉRIFIER,PROCESSING_ORDER,Commande encore en traitement : chiffre d'affaires à vérifier.
1004,58849,85323,18103,2024-01-26,Processing,Processing,A_VERIFIER_ETAT,24.0,Active,58849,85323,18103,2024-01-26,24.00,À VÉRIFIER,PROCESSING_ORDER,Commande encore en traitement : chiffre d'affaires à vérifier.
1005,58885,85367,12278,2024-01-24,Cancelled,Cancelled,EXCLUE_METIER,8.949999809265137,Intimates,58885,85367,12278,2024-01-24,8.95,EXCLUE PAR RÈGLE MÉTIER,CANCELLED_ORDER,Commande annulée : exclusion métier du chiffre d'affaires.
1006,58885,85368,5244,2024-01-23,Cancelled,Cancelled,EXCLUE_METIER,69.0,Pants & Capris,58885,85368,5244,2024-01-23,69.00,EXCLUE PAR RÈGLE MÉTIER,CANCELLED_ORDER,Commande annulée : exclusion métier du chiffre d'affaires.
1007,58885,85369,3461,2024-01-25,Cancelled,Cancelled,EXCLUE_METIER,12.609999656677246,Dresses,58885,85369,3461,2024-01-25,12.61,EXCLUE PAR RÈGLE MÉTIER,CANCELLED_ORDER,Commande annulée : exclusion métier du chiffre d'affaires.
1010,59016,85579,15107,2024-01-17,Cancelled,Cancelled,EXCLUE_METIER,79.5,Maternity,59016,85579,15107,2024-01-17,79.50,EXCLUE PAR RÈGLE MÉTIER,CANCELLED_ORDER,Commande annulée : exclusion métier du chiffre d'affaires.
1012,59189,85810,18306,2024-01-12,Processing,Processing,A_VERIFIER_ETAT,69.5,Active,59189,85810,18306,2024-01-12,69.50,À VÉRIFIER,PROCESSING_ORDER,Commande encore en traitement : chiffre d'affaires à vérifier.
1020,59966,86928,26175,2024-01-03,Processing,Processing,A_VERIFIER_ETAT,16.989999771118164,Underwear,59966,86928,26175,2024-01-03,16.99,À VÉRIFIER,PROCESSING_ORDER,Commande encore en traitement : chiffre d'affaires à vérifier.
1021,60075,87112,18254,2024-01-03,Processing,Processing,A_VERIFIER_ETAT,17.0,Active,60075,87112,18254,2024-01-03,17.00,À VÉRIFIER,PROCESSING_ORDER,Commande encore en traitement : chiffre d'affaires à vérifier.
1022,60075,87113,16581,2024-01-03,Processing,Processing,A_VERIFIER_ETAT,39.5,Tops & Tees,60075,87113,16581,2024-01-03,39.50,À VÉRIFIER,PROCESSING_ORDER,Commande encore en traitement : chiffre d'affaires à vérifier.
1028,60346,87534,4455,2024-01-13,Cancelled,Cancelled,EXCLUE_METIER,34.5,Jeans,60346,87534,4455,2024-01-13,34.50,EXCLUE PAR RÈGLE MÉTIER,CANCELLED_ORDER,Commande annulée : exclusion métier du chiffre d'affaires.
1029,60407,87622,16422,2024-01-05,Processing,Processing,A_VERIFIER_ETAT,25.0,Tops & Tees,60407,87622,16422,2024-01-05,25.00,À VÉRIFIER,PROCESSING_ORDER,Commande encore en traitement : chiffre d'affaires à vérifier.
1031,60576,87860,20477,2024-01-02,Processing,Processing,A_VERIFIER_ETAT,37.900001525878906,Suits & Sport Coats,60576,87860,20477,2024-01-02,37.90,À VÉRIFIER,PROCESSING_ORDER,Commande encore en traitement : chiffre d'affaires à vérifier.
1033,60635,87942,23603,2024-01-21,Processing,Processing,A_VERIFIER_ETAT,20.989999771118164,Shorts,60635,87942,23603,2024-01-21,20.99,À VÉRIFIER,PROCESSING_ORDER,Commande encore en traitement : chiffre d'affaires à vérifier.
1038,61073,88563,28735,2024-01-07,Processing,Processing,A_VERIFIER_ETAT,54.0,Accessories,61073,88563,28735,2024-01-07,54.00,À VÉRIFIER,PROCESSING_ORDER,Commande encore en traitement : chiffre d'affaires à vérifier.
1039,61173,88712,19142,2024-01-08,Cancelled,Cancelled,EXCLUE_METIER,21.8700008392334,Sweaters,61173,88712,19142,2024-01-08,21.87,EXCLUE PAR RÈGLE MÉTIER,CANCELLED_ORDER,Commande annulée : exclusion métier du chiffre d'affaires.
1040,61175,88714,19371,2024-01-08,Processing,Processing,A_VERIFIER_ETAT,83.75,Sweaters,61175,88714,19371,2024-01-08,83.75,À VÉRIFIER,PROCESSING_ORDER,Commande encore en traitement : chiffre d'affaires à vérifier.
1050,61653,89423,18044,2024-01-09,Cancelled,Cancelled,EXCLUE_METIER,103.9499969482422,Fashion Hoodies & Sweatshirts,61653,89423,18044,2024-01-09,103.95,EXCLUE PAR RÈGLE MÉTIER,CANCELLED_ORDER,Commande annulée : exclusion métier du chiffre d'affaires.
1051,61731,89537,13958,2024-01-27,Returned,Returned,EXCLUE_METIER,35.84000015258789,Accessories,61731,89537,13958,2024-01-27,35.84,EXCLUE PAR RÈGLE MÉTIER,RETURNED_ORDER,Commande retournée : exclusion métier du chiffre d'affaires.
1052,61731,89538,13249,2024-01-26,Returned,Returned,EXCLUE_METIER,38.0,Swim,61731,89538,13249,2024-01-26,38.00,EXCLUE PAR RÈGLE MÉTIER,RETURNED_ORDER,Commande retournée : exclusion métier du chiffre d'affaires.
1055,61992,89938,1796,2024-01-16,Processing,Processing,A_VERIFIER_ETAT,65.5,Fashion Hoodies & Sweatshirts,61992,89938,1796,2024-01-16,65.50,À VÉRIFIER,PROCESSING_ORDER,Commande encore en traitement : chiffre d'affaires à vérifier.
1056,62117,90114,11766,2024-01-29,Processing,Processing,A_VERIFIER_ETAT,21.950000762939453,Intimates,62117,90114,11766,2024-01-29,21.95,À VÉRIFIER,PROCESSING_ORDER,Commande encore en traitement : chiffre d'affaires à vérifier.
1057,62137,90150,27298,2024-01-27,Returned,Returned,EXCLUE_METIER,100.0,Sleep & Lounge,62137,90150,27298,2024-01-27,100.00,EXCLUE PAR RÈGLE MÉTIER,RETURNED_ORDER,Commande retournée : exclusion métier du chiffre d'affaires.
1059,62280,90366,3228,2024-01-25,Returned,Returned,EXCLUE_METIER,142.99000549316406,Dresses,62280,90366,3228,2024-01-25,142.99,EXCLUE PAR RÈGLE MÉTIER,RETURNED_ORDER,Commande retournée : exclusion métier du chiffre d'affaires.
1065,62554,90762,23353,2024-01-02,Processing,Processing,A_VERIFIER_ETAT,59.5,Shorts,62554,90762,23353,2024-01-02,59.50,À VÉRIFIER,PROCESSING_ORDER,Commande encore en traitement : chiffre d'affaires à vérifier.
1066,62554,90763,27278,2024-01-04,Processing,Processing,A_VERIFIER_ETAT,50.18999862670898,Sleep & Lounge,62554,90763,27278,2024-01-04,50.19,À VÉRIFIER,PROCESSING_ORDER,Commande encore en traitement : chiffre d'affaires à vérifier.
1067,62554,90764,24374,2024-01-03,Processing,Processing,A_VERIFIER_ETAT,114.98999786376952,Outerwear & Coats,62554,90764,24374,2024-01-03,114.99,À VÉRIFIER,PROCESSING_ORDER,Commande encore en traitement : chiffre d'affaires à vérifier.
1068,62554,90765,23583,2024-01-03,Processing,Processing,A_VERIFIER_ETAT,54.5,Shorts,62554,90765,23583,2024-01-03,54.50,À VÉRIFIER,PROCESSING_ORDER,Commande encore en traitement : chiffre d'affaires à vérifier.
1070,62592,90812,23383,2024-01-16,Processing,Processing,A_VERIFIER_ETAT,25.0,Shorts,62592,90812,23383,2024-01-16,25.00,À VÉRIFIER,PROCESSING_ORDER,Commande encore en traitement : chiffre d'affaires à vérifier.
1077,63000,91398,24452,2024-01-04,Processing,Processing,A_VERIFIER_ETAT,129.99000549316406,Outerwear & Coats,63000,91398,24452,2024-01-04,129.99,À VÉRIFIER,PROCESSING_ORDER,Commande encore en traitement : chiffre d'affaires à vérifier.
1081,63775,92521,17558,2024-01-24,Cancelled,Cancelled,EXCLUE_METIER,115.0,Fashion Hoodies & Sweatshirts,63775,92521,17558,2024-01-24,115.00,EXCLUE PAR RÈGLE MÉTIER,CANCELLED_ORDER,Commande annulée : exclusion métier du chiffre d'affaires.
1087,64453,93498,306,2024-01-21,Processing,Processing,A_VERIFIER_ETAT,45.9900016784668,Tops & Tees,64453,93498,306,2024-01-21,45.99,À VÉRIFIER,PROCESSING_ORDER,Commande encore en traitement : chiffre d'affaires à vérifier.
1089,64470,93518,7161,2024-01-04,Processing,Processing,A_VERIFIER_ETAT,64.0,Skirts,64470,93518,7161,2024-01-04,64.00,À VÉRIFIER,PROCESSING_ORDER,Commande encore en traitement : chiffre d'affaires à vérifier.
1091,64544,93634,8302,2024-01-01,Cancelled,Cancelled,EXCLUE_METIER,139.9499969482422,Outerwear & Coats,64544,93634,8302,2024-01-01,139.95,EXCLUE PAR RÈGLE MÉTIER,CANCELLED_ORDER,Commande annulée : exclusion métier du chiffre d'affaires.
1092,64544,93635,12669,2024-01-05,Cancelled,Cancelled,EXCLUE_METIER,12.0,Intimates,64544,93635,12669,2024-01-05,12.00,EXCLUE PAR RÈGLE MÉTIER,CANCELLED_ORDER,Commande annulée : exclusion métier du chiffre d'affaires.
1093,64783,93996,20865,2024-01-14,Processing,Processing,A_VERIFIER_ETAT,73.9800033569336,Jeans,64783,93996,20865,2024-01-14,73.98,À VÉRIFIER,PROCESSING_ORDER,Commande encore en traitement : chiffre d'affaires à vérifier.
1094,64798,94014,8160,2024-01-07,Cancelled,Cancelled,EXCLUE_METIER,25.989999771118164,Suits,64798,94014,8160,2024-01-07,25.99,EXCLUE PAR RÈGLE MÉTIER,CANCELLED_ORDER,Commande annulée : exclusion métier du chiffre d'affaires.
1099,65177,94569,13207,2024-01-08,Processing,Processing,A_VERIFIER_ETAT,46.0,Swim,65177,94569,13207,2024-01-08,46.00,À VÉRIFIER,PROCESSING_ORDER,Commande encore en traitement : chiffre d'affaires à vérifier.
1108,65693,95314,16383,2024-01-13,Processing,Processing,A_VERIFIER_ETAT,74.93000030517578,Tops & Tees,65693,95314,16383,2024-01-13,74.93,À VÉRIFIER,PROCESSING_ORDER,Commande encore en traitement : chiffre d'affaires à vérifier.
1109,65714,95352,25947,2024-01-17,Cancelled,Cancelled,EXCLUE_METIER,19.989999771118164,Underwear,65714,95352,25947,2024-01-17,19.99,EXCLUE PAR RÈGLE MÉTIER,CANCELLED_ORDER,Commande annulée : exclusion métier du chiffre d'affaires.
1111,65818,95491,10023,2024-01-21,Processing,Processing,A_VERIFIER_ETAT,136.0,Sleep & Lounge,65818,95491,10023,2024-01-21,136.00,À VÉRIFIER,PROCESSING_ORDER,Commande encore en traitement : chiffre d'affaires à vérifier.
1112,65959,95697,28586,2024-01-21,Processing,Processing,A_VERIFIER_ETAT,69.23999786376953,Accessories,65959,95697,28586,2024-01-21,69.24,À VÉRIFIER,PROCESSING_ORDER,Commande encore en traitement : chiffre d'affaires à vérifier.
1113,66132,95956,25441,2024-01-17,Processing,Processing,A_VERIFIER_ETAT,46.619998931884766,Underwear,66132,95956,25441,2024-01-17,46.62,À VÉRIFIER,PROCESSING_ORDER,Commande encore en traitement : chiffre d'affaires à vérifier.
1117,66829,96974,5475,2024-01-27,Cancelled,Cancelled,EXCLUE_METIER,27.989999771118164,Pants & Capris,66829,96974,5475,2024-01-27,27.99,EXCLUE PAR RÈGLE MÉTIER,CANCELLED_ORDER,Commande annulée : exclusion métier du chiffre d'affaires.
1128,67646,98162,7789,2024-01-06,Processing,Processing,A_VERIFIER_ETAT,132.5,Blazers & Jackets,67646,98162,7789,2024-01-06,132.50,À VÉRIFIER,PROCESSING_ORDER,Commande encore en traitement : chiffre d'affaires à vérifier.
1146,68576,99540,24869,2024-01-21,Processing,Processing,A_VERIFIER_ETAT,24.0,Socks,68576,99540,24869,2024-01-21,24.00,À VÉRIFIER,PROCESSING_ORDER,Commande encore en traitement : chiffre d'affaires à vérifier.
1147,68576,99541,19036,2024-01-20,Processing,Processing,A_VERIFIER_ETAT,120.0,Sweaters,68576,99541,19036,2024-01-20,120.00,À VÉRIFIER,PROCESSING_ORDER,Commande encore en traitement : chiffre d'affaires à vérifier.
1148,68606,99593,25728,2024-01-24,Processing,Processing,A_VERIFIER_ETAT,18.5,Underwear,68606,99593,25728,2024-01-24,18.50,À VÉRIFIER,PROCESSING_ORDER,Commande encore en traitement : chiffre d'affaires à vérifier.
1151,68665,99675,12949,2024-01-25,Cancelled,Cancelled,EXCLUE_METIER,99.0,Swim,68665,99675,12949,2024-01-25,99.00,EXCLUE PAR RÈGLE MÉTIER,CANCELLED_ORDER,Commande annulée : exclusion métier du chiffre d'affaires.
1153,68856,99950,5087,2024-01-15,Cancelled,Cancelled,EXCLUE_METIER,58.5,Jeans,68856,99950,5087,2024-01-15,58.50,EXCLUE PAR RÈGLE MÉTIER,CANCELLED_ORDER,Commande annulée : exclusion métier du chiffre d'affaires.
1161,69542,100943,20847,2024-01-28,Processing,Processing,A_VERIFIER_ETAT,99.0,Jeans,69542,100943,20847,2024-01-28,99.00,À VÉRIFIER,PROCESSING_ORDER,Commande encore en traitement : chiffre d'affaires à vérifier.
1163,70237,101960,19646,2024-01-30,Processing,Processing,A_VERIFIER_ETAT,125.0,Sweaters,70237,101960,19646,2024-01-30,125.00,À VÉRIFIER,PROCESSING_ORDER,Commande encore en traitement : chiffre d'affaires à vérifier.
1165,70346,102107,17098,2024-01-30,Processing,Processing,A_VERIFIER_ETAT,39.9900016784668,Fashion Hoodies & Sweatshirts,70346,102107,17098,2024-01-30,39.99,À VÉRIFIER,PROCESSING_ORDER,Commande encore en traitement : chiffre d'affaires à vérifier.
1166,70504,102345,19965,2024-01-04,Processing,Processing,A_VERIFIER_ETAT,81.98999786376953,Suits & Sport Coats,70504,102345,19965,2024-01-04,81.99,À VÉRIFIER,PROCESSING_ORDER,Commande encore en traitement : chiffre d'affaires à vérifier.
1167,70504,102346,29045,2024-01-05,Processing,Processing,A_VERIFIER_ETAT,15.949999809265137,Accessories,70504,102346,29045,2024-01-05,15.95,À VÉRIFIER,PROCESSING_ORDER,Commande encore en traitement : chiffre d'affaires à vérifier.
1170,71063,103153,12689,2024-01-21,Processing,Processing,A_VERIFIER_ETAT,3.670000076293945,Intimates,71063,103153,12689,2024-01-21,3.67,À VÉRIFIER,PROCESSING_ORDER,Commande encore en traitement : chiffre d'affaires à vérifier.
1174,71263,103440,15138,2024-01-08,Returned,Returned,EXCLUE_METIER,28.899999618530277,Maternity,71263,103440,15138,2024-01-08,28.90,EXCLUE PAR RÈGLE MÉTIER,RETURNED_ORDER,Commande retournée : exclusion métier du chiffre d'affaires.
1179,71428,103665,18100,2024-01-23,Returned,Returned,EXCLUE_METIER,119.9499969482422,Active,71428,103665,18100,2024-01-23,119.95,EXCLUE PAR RÈGLE MÉTIER,RETURNED_ORDER,Commande retournée : exclusion métier du chiffre d'affaires.
1180,71439,103678,8090,2024-01-29,Processing,Processing,A_VERIFIER_ETAT,133.3699951171875,Suits,71439,103678,8090,2024-01-29,133.37,À VÉRIFIER,PROCESSING_ORDER,Commande encore en traitement : chiffre d'affaires à vérifier.
1192,72370,105012,18521,2024-01-14,Processing,Processing,A_VERIFIER_ETAT,44.9900016784668,Active,72370,105012,18521,2024-01-14,44.99,À VÉRIFIER,PROCESSING_ORDER,Commande encore en traitement : chiffre d'affaires à vérifier.
1196,72800,105656,12649,2024-01-09,Returned,Returned,EXCLUE_METIER,10.0,Intimates,72800,105656,12649,2024-01-09,10.00,EXCLUE PAR RÈGLE MÉTIER,RETURNED_ORDER,Commande retournée : exclusion métier du chiffre d'affaires.
1197,72812,105673,13828,2024-01-11,Cancelled,Cancelled,EXCLUE_METIER,8.989999771118164,Accessories,72812,105673,13828,2024-01-11,8.99,EXCLUE PAR RÈGLE MÉTIER,CANCELLED_ORDER,Commande annulée : exclusion métier du chiffre d'affaires.
1198,72812,105674,9208,2024-01-08,Cancelled,Cancelled,EXCLUE_METIER,76.0,Socks & Hosiery,72812,105674,9208,2024-01-08,76.00,EXCLUE PAR RÈGLE MÉTIER,CANCELLED_ORDER,Commande annulée : exclusion métier du chiffre d'affaires.
1201,72941,105852,24236,2024-01-27,Processing,Processing,A_VERIFIER_ETAT,168.0,Outerwear & Coats,72941,105852,24236,2024-01-27,168.00,À VÉRIFIER,PROCESSING_ORDER,Commande encore en traitement : chiffre d'affaires à vérifier.
1202,72941,105853,27037,2024-01-24,Processing,Processing,A_VERIFIER_ETAT,23.1200008392334,Sleep & Lounge,72941,105853,27037,2024-01-24,23.12,À VÉRIFIER,PROCESSING_ORDER,Commande encore en traitement : chiffre d'affaires à vérifier.
1203,72970,105891,1713,2024-01-29,Cancelled,Cancelled,EXCLUE_METIER,46.9900016784668,Fashion Hoodies & Sweatshirts,72970,105891,1713,2024-01-29,46.99,EXCLUE PAR RÈGLE MÉTIER,CANCELLED_ORDER,Commande annulée : exclusion métier du chiffre d'affaires.
1204,73105,106107,16535,2024-01-26,Returned,Returned,EXCLUE_METIER,45.5,Tops & Tees,73105,106107,16535,2024-01-26,45.50,EXCLUE PAR RÈGLE MÉTIER,RETURNED_ORDER,Commande retournée : exclusion métier du chiffre d'affaires.
1205,73105,106108,21747,2024-01-25,Returned,Returned,EXCLUE_METIER,34.9900016784668,Pants,73105,106108,21747,2024-01-25,34.99,EXCLUE PAR RÈGLE MÉTIER,RETURNED_ORDER,Commande retournée : exclusion métier du chiffre d'affaires.
1209,73225,106293,16748,2024-01-04,Returned,Returned,EXCLUE_METIER,18.979999542236328,Tops & Tees,73225,106293,16748,2024-01-04,18.98,EXCLUE PAR RÈGLE MÉTIER,RETURNED_ORDER,Commande retournée : exclusion métier du chiffre d'affaires.
1211,73280,106366,18194,2024-01-27,Processing,Processing,A_VERIFIER_ETAT,23.229999542236328,Active,73280,106366,18194,2024-01-27,23.23,À VÉRIFIER,PROCESSING_ORDER,Commande encore en traitement : chiffre d'affaires à vérifier.
1212,73296,106393,19068,2024-01-17,Cancelled,Cancelled,EXCLUE_METIER,109.0,Sweaters,73296,106393,19068,2024-01-17,109.00,EXCLUE PAR RÈGLE MÉTIER,CANCELLED_ORDER,Commande annulée : exclusion métier du chiffre d'affaires.
1213,73296,106394,16405,2024-01-19,Cancelled,Cancelled,EXCLUE_METIER,22.049999237060547,Tops & Tees,73296,106394,16405,2024-01-19,22.05,EXCLUE PAR RÈGLE MÉTIER,CANCELLED_ORDER,Commande annulée : exclusion métier du chiffre d'affaires.
1214,73296,106395,16281,2024-01-20,Cancelled,Cancelled,EXCLUE_METIER,21.690000534057617,Tops & Tees,73296,106395,16281,2024-01-20,21.69,EXCLUE PAR RÈGLE MÉTIER,CANCELLED_ORDER,Commande annulée : exclusion métier du chiffre d'affaires.
1216,73361,106480,24726,2024-01-11,Returned,Returned,EXCLUE_METIER,18.0,Socks,73361,106480,24726,2024-01-11,18.00,EXCLUE PAR RÈGLE MÉTIER,RETURNED_ORDER,Commande retournée : exclusion métier du chiffre d'affaires.
1217,73373,106498,10751,2024-01-08,Returned,Returned,EXCLUE_METIER,14.119999885559082,Intimates,73373,106498,10751,2024-01-08,14.12,EXCLUE PAR RÈGLE MÉTIER,RETURNED_ORDER,Commande retournée : exclusion métier du chiffre d'affaires.
1220,73605,106849,23077,2024-01-29,Returned,Returned,EXCLUE_METIER,44.5,Shorts,73605,106849,23077,2024-01-29,44.50,EXCLUE PAR RÈGLE MÉTIER,RETURNED_ORDER,Commande retournée : exclusion métier du chiffre d'affaires.
1221,73650,106907,2761,2024-01-13,Cancelled,Cancelled,EXCLUE_METIER,42.0,Active,73650,106907,2761,2024-01-13,42.00,EXCLUE PAR RÈGLE MÉTIER,CANCELLED_ORDER,Commande annulée : exclusion métier du chiffre d'affaires.
1222,73650,106908,11325,2024-01-12,Cancelled,Cancelled,EXCLUE_METIER,40.0,Intimates,73650,106908,11325,2024-01-12,40.00,EXCLUE PAR RÈGLE MÉTIER,CANCELLED_ORDER,Commande annulée : exclusion métier du chiffre d'affaires.
1230,73869,107212,25524,2024-01-07,Processing,Processing,A_VERIFIER_ETAT,41.9900016784668,Underwear,73869,107212,25524,2024-01-07,41.99,À VÉRIFIER,PROCESSING_ORDER,Commande encore en traitement : chiffre d'affaires à vérifier.
1231,73888,107234,26945,2024-01-06,Processing,Processing,A_VERIFIER_ETAT,83.91999816894531,Sleep & Lounge,73888,107234,26945,2024-01-06,83.92,À VÉRIFIER,PROCESSING_ORDER,Commande encore en traitement : chiffre d'affaires à vérifier.
1233,73952,107322,4848,2024-01-07,Cancelled,Cancelled,EXCLUE_METIER,110.0,Jeans,73952,107322,4848,2024-01-07,110.00,EXCLUE PAR RÈGLE MÉTIER,CANCELLED_ORDER,Commande annulée : exclusion métier du chiffre d'affaires.
1234,74034,107434,27292,2024-01-20,Cancelled,Cancelled,EXCLUE_METIER,89.5999984741211,Sleep & Lounge,74034,107434,27292,2024-01-20,89.60,EXCLUE PAR RÈGLE MÉTIER,CANCELLED_ORDER,Commande annulée : exclusion métier du chiffre d'affaires.
1235,74099,107533,10619,2024-01-15,Cancelled,Cancelled,EXCLUE_METIER,60.0,Intimates,74099,107533,10619,2024-01-15,60.00,EXCLUE PAR RÈGLE MÉTIER,CANCELLED_ORDER,Commande annulée : exclusion métier du chiffre d'affaires.
1236,74287,107796,105,2024-01-01,Processing,Processing,A_VERIFIER_ETAT,26.989999771118164,Tops & Tees,74287,107796,105,2024-01-01,26.99,À VÉRIFIER,PROCESSING_ORDER,Commande encore en traitement : chiffre d'affaires à vérifier.
1237,74395,107953,14898,2024-01-30,Cancelled,Cancelled,EXCLUE_METIER,58.0,Maternity,74395,107953,14898,2024-01-30,58.00,EXCLUE PAR RÈGLE MÉTIER,CANCELLED_ORDER,Commande annulée : exclusion métier du chiffre d'affaires.
1238,74395,107954,3176,2024-01-30,Cancelled,Cancelled,EXCLUE_METIER,158.0,Dresses,74395,107954,3176,2024-01-30,158.00,EXCLUE PAR RÈGLE MÉTIER,CANCELLED_ORDER,Commande annulée : exclusion métier du chiffre d'affaires.
1242,74660,108327,23464,2024-01-23,Processing,Processing,A_VERIFIER_ETAT,12.550000190734863,Shorts,74660,108327,23464,2024-01-23,12.55,À VÉRIFIER,PROCESSING_ORDER,Commande encore en traitement : chiffre d'affaires à vérifier.
1244,74776,108485,15464,2024-01-02,Processing,Processing,A_VERIFIER_ETAT,29.989999771118164,Plus,74776,108485,15464,2024-01-02,29.99,À VÉRIFIER,PROCESSING_ORDER,Commande encore en traitement : chiffre d'affaires à vérifier.
1245,74776,108486,12504,2024-01-01,Processing,Processing,A_VERIFIER_ETAT,67.0,Intimates,74776,108486,12504,2024-01-01,67.00,À VÉRIFIER,PROCESSING_ORDER,Commande encore en traitement : chiffre d'affaires à vérifier.
1247,74838,108577,26402,2024-01-19,Processing,Processing,A_VERIFIER_ETAT,36.0,Underwear,74838,108577,26402,2024-01-19,36.00,À VÉRIFIER,PROCESSING_ORDER,Commande encore en traitement : chiffre d'affaires à vérifier.
1248,75124,108978,11657,2024-01-21,Processing,Processing,A_VERIFIER_ETAT,17.979999542236328,Intimates,75124,108978,11657,2024-01-21,17.98,À VÉRIFIER,PROCESSING_ORDER,Commande encore en traitement : chiffre d'affaires à vérifier.
1249,75147,109010,27185,2024-01-31,Cancelled,Cancelled,EXCLUE_METIER,25.0,Sleep & Lounge,75147,109010,27185,2024-01-31,25.00,EXCLUE PAR RÈGLE MÉTIER,CANCELLED_ORDER,Commande annulée : exclusion métier du chiffre d'affaires.
1250,75157,109024,14104,2024-01-22,Processing,Processing,A_VERIFIER_ETAT,63.950000762939446,Accessories,75157,109024,14104,2024-01-22,63.95,À VÉRIFIER,PROCESSING_ORDER,Commande encore en traitement : chiffre d'affaires à vérifier.
1251,75157,109025,105,2024-01-24,Processing,Processing,A_VERIFIER_ETAT,26.989999771118164,Tops & Tees,75157,109025,105,2024-01-24,26.99,À VÉRIFIER,PROCESSING_ORDER,Commande encore en traitement : chiffre d'affaires à vérifier.
1254,75447,109468,8519,2024-01-19,Returned,Returned,EXCLUE_METIER,99.98999786376952,Outerwear & Coats,75447,109468,8519,2024-01-19,99.99,EXCLUE PAR RÈGLE MÉTIER,RETURNED_ORDER,Commande retournée : exclusion métier du chiffre d'affaires.
1255,75689,109837,14641,2024-01-02,Processing,Processing,A_VERIFIER_ETAT,22.0,Maternity,75689,109837,14641,2024-01-02,22.00,À VÉRIFIER,PROCESSING_ORDER,Commande encore en traitement : chiffre d'affaires à vérifier.
1257,75737,109904,19676,2024-01-10,Processing,Processing,A_VERIFIER_ETAT,149.0,Sweaters,75737,109904,19676,2024-01-10,149.00,À VÉRIFIER,PROCESSING_ORDER,Commande encore en traitement : chiffre d'affaires à vérifier.
1260,76032,110340,3149,2024-01-21,Returned,Returned,EXCLUE_METIER,163.0,Dresses,76032,110340,3149,2024-01-21,163.00,EXCLUE PAR RÈGLE MÉTIER,RETURNED_ORDER,Commande retournée : exclusion métier du chiffre d'affaires.
1261,76051,110364,3563,2024-01-28,Processing,Processing,A_VERIFIER_ETAT,134.0,Dresses,76051,110364,3563,2024-01-28,134.00,À VÉRIFIER,PROCESSING_ORDER,Commande encore en traitement : chiffre d'affaires à vérifier.
1262,76051,110365,14794,2024-01-29,Processing,Processing,A_VERIFIER_ETAT,65.0,Maternity,76051,110365,14794,2024-01-29,65.00,À VÉRIFIER,PROCESSING_ORDER,Commande encore en traitement : chiffre d'affaires à vérifier.
1263,76051,110366,8875,2024-01-27,Processing,Processing,A_VERIFIER_ETAT,14.989999771118164,Socks & Hosiery,76051,110366,8875,2024-01-27,14.99,À VÉRIFIER,PROCESSING_ORDER,Commande encore en traitement : chiffre d'affaires à vérifier.
1268,76920,111635,13217,2024-01-15,Processing,Processing,A_VERIFIER_ETAT,40.9900016784668,Swim,76920,111635,13217,2024-01-15,40.99,À VÉRIFIER,PROCESSING_ORDER,Commande encore en traitement : chiffre d'affaires à vérifier.
1269,76920,111636,568,2024-01-16,Processing,Processing,A_VERIFIER_ETAT,112.45999908447266,Tops & Tees,76920,111636,568,2024-01-16,112.46,À VÉRIFIER,PROCESSING_ORDER,Commande encore en traitement : chiffre d'affaires à vérifier.
1270,77096,111909,3235,2024-01-04,Returned,Returned,EXCLUE_METIER,98.0,Dresses,77096,111909,3235,2024-01-04,98.00,EXCLUE PAR RÈGLE MÉTIER,RETURNED_ORDER,Commande retournée : exclusion métier du chiffre d'affaires.
1271,77159,111991,11654,2024-01-12,Returned,Returned,EXCLUE_METIER,38.0,Intimates,77159,111991,11654,2024-01-12,38.00,EXCLUE PAR RÈGLE MÉTIER,RETURNED_ORDER,Commande retournée : exclusion métier du chiffre d'affaires.
1276,77393,112303,6212,2024-01-27,Cancelled,Cancelled,EXCLUE_METIER,9.949999809265137,Leggings,77393,112303,6212,2024-01-27,9.95,EXCLUE PAR RÈGLE MÉTIER,CANCELLED_ORDER,Commande annulée : exclusion métier du chiffre d'affaires.
1277,77393,112304,15351,2024-01-25,Cancelled,Cancelled,EXCLUE_METIER,75.06999969482422,Plus,77393,112304,15351,2024-01-25,75.07,EXCLUE PAR RÈGLE MÉTIER,CANCELLED_ORDER,Commande annulée : exclusion métier du chiffre d'affaires.
1279,77494,112447,19866,2024-01-22,Cancelled,Cancelled,EXCLUE_METIER,264.0,Suits & Sport Coats,77494,112447,19866,2024-01-22,264.00,EXCLUE PAR RÈGLE MÉTIER,CANCELLED_ORDER,Commande annulée : exclusion métier du chiffre d'affaires.
1283,77544,112518,19965,2024-01-23,Cancelled,Cancelled,EXCLUE_METIER,81.98999786376953,Suits & Sport Coats,77544,112518,19965,2024-01-23,81.99,EXCLUE PAR RÈGLE MÉTIER,CANCELLED_ORDER,Commande annulée : exclusion métier du chiffre d'affaires.
1284,77566,112556,4493,2024-01-02,Cancelled,Cancelled,EXCLUE_METIER,46.0,Jeans,77566,112556,4493,2024-01-02,46.00,EXCLUE PAR RÈGLE MÉTIER,CANCELLED_ORDER,Commande annulée : exclusion métier du chiffre d'affaires.
1286,77978,113159,17567,2024-01-19,Processing,Processing,A_VERIFIER_ETAT,19.979999542236328,Fashion Hoodies & Sweatshirts,77978,113159,17567,2024-01-19,19.98,À VÉRIFIER,PROCESSING_ORDER,Commande encore en traitement : chiffre d'affaires à vérifier.
1288,78055,113273,22737,2024-01-04,Processing,Processing,A_VERIFIER_ETAT,125.0,Shorts,78055,113273,22737,2024-01-04,125.00,À VÉRIFIER,PROCESSING_ORDER,Commande encore en traitement : chiffre d'affaires à vérifier.
1289,78055,113274,20573,2024-01-04,Processing,Processing,A_VERIFIER_ETAT,50.150001525878906,Jeans,78055,113274,20573,2024-01-04,50.15,À VÉRIFIER,PROCESSING_ORDER,Commande encore en traitement : chiffre d'affaires à vérifier.
1291,78240,113552,6322,2024-01-25,Cancelled,Cancelled,EXCLUE_METIER,21.5,Shorts,78240,113552,6322,2024-01-25,21.50,EXCLUE PAR RÈGLE MÉTIER,CANCELLED_ORDER,Commande annulée : exclusion métier du chiffre d'affaires.
1292,78240,113553,15598,2024-01-28,Cancelled,Cancelled,EXCLUE_METIER,6.789999961853027,Plus,78240,113553,15598,2024-01-28,6.79,EXCLUE PAR RÈGLE MÉTIER,CANCELLED_ORDER,Commande annulée : exclusion métier du chiffre d'affaires.
1293,78240,113554,7348,2024-01-27,Cancelled,Cancelled,EXCLUE_METIER,33.88999938964844,Skirts,78240,113554,7348,2024-01-27,33.89,EXCLUE PAR RÈGLE MÉTIER,CANCELLED_ORDER,Commande annulée : exclusion métier du chiffre d'affaires.
1298,78680,114187,11915,2024-01-17,Processing,Processing,A_VERIFIER_ETAT,59.0,Intimates,78680,114187,11915,2024-01-17,59.00,À VÉRIFIER,PROCESSING_ORDER,Commande encore en traitement : chiffre d'affaires à vérifier.
1299,78680,114188,8239,2024-01-14,Processing,Processing,A_VERIFIER_ETAT,127.51000213623048,Suits,78680,114188,8239,2024-01-14,127.51,À VÉRIFIER,PROCESSING_ORDER,Commande encore en traitement : chiffre d'affaires à vérifier.
1300,78680,114189,14059,2024-01-15,Processing,Processing,A_VERIFIER_ETAT,80.6500015258789,Accessories,78680,114189,14059,2024-01-15,80.65,À VÉRIFIER,PROCESSING_ORDER,Commande encore en traitement : chiffre d'affaires à vérifier.
1301,78680,114190,2595,2024-01-14,Processing,Processing,A_VERIFIER_ETAT,22.0,Active,78680,114190,2595,2024-01-14,22.00,À VÉRIFIER,PROCESSING_ORDER,Commande encore en traitement : chiffre d'affaires à vérifier.
1304,78755,114301,5606,2024-01-15,Processing,Processing,A_VERIFIER_ETAT,32.0,Pants & Capris,78755,114301,5606,2024-01-15,32.00,À VÉRIFIER,PROCESSING_ORDER,Commande encore en traitement : chiffre d'affaires à vérifier.
1306,78914,114509,17813,2024-01-27,Processing,Processing,A_VERIFIER_ETAT,35.959999084472656,Fashion Hoodies & Sweatshirts,78914,114509,17813,2024-01-27,35.96,À VÉRIFIER,PROCESSING_ORDER,Commande encore en traitement : chiffre d'affaires à vérifier.
1307,78914,114510,23899,2024-01-26,Processing,Processing,A_VERIFIER_ETAT,99.5,Outerwear & Coats,78914,114510,23899,2024-01-26,99.50,À VÉRIFIER,PROCESSING_ORDER,Commande encore en traitement : chiffre d'affaires à vérifier.
1318,80086,116215,20971,2024-01-14,Cancelled,Cancelled,EXCLUE_METIER,49.9900016784668,Jeans,80086,116215,20971,2024-01-14,49.99,EXCLUE PAR RÈGLE MÉTIER,CANCELLED_ORDER,Commande annulée : exclusion métier du chiffre d'affaires.
1319,80086,116216,28134,2024-01-12,Cancelled,Cancelled,EXCLUE_METIER,59.5,Swim,80086,116216,28134,2024-01-12,59.50,EXCLUE PAR RÈGLE MÉTIER,CANCELLED_ORDER,Commande annulée : exclusion métier du chiffre d'affaires.
1322,80302,116527,25788,2024-01-21,Returned,Returned,EXCLUE_METIER,26.0,Underwear,80302,116527,25788,2024-01-21,26.00,EXCLUE PAR RÈGLE MÉTIER,RETURNED_ORDER,Commande retournée : exclusion métier du chiffre d'affaires.
1323,80302,116528,18455,2024-01-18,Returned,Returned,EXCLUE_METIER,32.95000076293945,Active,80302,116528,18455,2024-01-18,32.95,EXCLUE PAR RÈGLE MÉTIER,RETURNED_ORDER,Commande retournée : exclusion métier du chiffre d'affaires.
1324,80302,116529,19765,2024-01-22,Returned,Returned,EXCLUE_METIER,78.75,Sweaters,80302,116529,19765,2024-01-22,78.75,EXCLUE PAR RÈGLE MÉTIER,RETURNED_ORDER,Commande retournée : exclusion métier du chiffre d'affaires.
1330,80481,116800,17769,2024-01-07,Cancelled,Cancelled,EXCLUE_METIER,49.950000762939446,Fashion Hoodies & Sweatshirts,80481,116800,17769,2024-01-07,49.95,EXCLUE PAR RÈGLE MÉTIER,CANCELLED_ORDER,Commande annulée : exclusion métier du chiffre d'affaires.
1331,80481,116801,20084,2024-01-09,Cancelled,Cancelled,EXCLUE_METIER,19.989999771118164,Suits & Sport Coats,80481,116801,20084,2024-01-09,19.99,EXCLUE PAR RÈGLE MÉTIER,CANCELLED_ORDER,Commande annulée : exclusion métier du chiffre d'affaires.
1333,80626,117035,11680,2024-01-30,Processing,Processing,A_VERIFIER_ETAT,50.0,Intimates,80626,117035,11680,2024-01-30,50.00,À VÉRIFIER,PROCESSING_ORDER,Commande encore en traitement : chiffre d'affaires à vérifier.
1334,80626,117036,13144,2024-01-30,Processing,Processing,A_VERIFIER_ETAT,92.61000061035155,Swim,80626,117036,13144,2024-01-30,92.61,À VÉRIFIER,PROCESSING_ORDER,Commande encore en traitement : chiffre d'affaires à vérifier.
1336,80777,117254,17125,2024-01-27,Returned,Returned,EXCLUE_METIER,43.180000305175774,Fashion Hoodies & Sweatshirts,80777,117254,17125,2024-01-27,43.18,EXCLUE PAR RÈGLE MÉTIER,RETURNED_ORDER,Commande retournée : exclusion métier du chiffre d'affaires.
1339,80928,117475,17930,2024-01-27,Cancelled,Cancelled,EXCLUE_METIER,71.98999786376953,Fashion Hoodies & Sweatshirts,80928,117475,17930,2024-01-27,71.99,EXCLUE PAR RÈGLE MÉTIER,CANCELLED_ORDER,Commande annulée : exclusion métier du chiffre d'affaires.
1340,80928,117476,26152,2024-01-28,Cancelled,Cancelled,EXCLUE_METIER,23.0,Underwear,80928,117476,26152,2024-01-28,23.00,EXCLUE PAR RÈGLE MÉTIER,CANCELLED_ORDER,Commande annulée : exclusion métier du chiffre d'affaires.
1341,81049,117656,3793,2024-01-06,Cancelled,Cancelled,EXCLUE_METIER,248.0,Dresses,81049,117656,3793,2024-01-06,248.00,EXCLUE PAR RÈGLE MÉTIER,CANCELLED_ORDER,Commande annulée : exclusion métier du chiffre d'affaires.
1346,81314,118040,12885,2024-01-26,Processing,Processing,A_VERIFIER_ETAT,29.950000762939453,Swim,81314,118040,12885,2024-01-26,29.95,À VÉRIFIER,PROCESSING_ORDER,Commande encore en traitement : chiffre d'affaires à vérifier.
1354,81854,118811,5508,2024-01-30,Cancelled,Cancelled,EXCLUE_METIER,9.970000267028809,Pants & Capris,81854,118811,5508,2024-01-30,9.97,EXCLUE PAR RÈGLE MÉTIER,CANCELLED_ORDER,Commande annulée : exclusion métier du chiffre d'affaires.
1356,82189,119269,16569,2024-01-09,Cancelled,Cancelled,EXCLUE_METIER,29.989999771118164,Tops & Tees,82189,119269,16569,2024-01-09,29.99,EXCLUE PAR RÈGLE MÉTIER,CANCELLED_ORDER,Commande annulée : exclusion métier du chiffre d'affaires.
1357,82366,119508,26088,2024-01-25,Processing,Processing,A_VERIFIER_ETAT,29.0,Underwear,82366,119508,26088,2024-01-25,29.00,À VÉRIFIER,PROCESSING_ORDER,Commande encore en traitement : chiffre d'affaires à vérifier.
1358,82366,119509,17164,2024-01-27,Processing,Processing,A_VERIFIER_ETAT,44.9900016784668,Fashion Hoodies & Sweatshirts,82366,119509,17164,2024-01-27,44.99,À VÉRIFIER,PROCESSING_ORDER,Commande encore en traitement : chiffre d'affaires à vérifier.
1362,82562,119783,1718,2024-01-01,Processing,Processing,A_VERIFIER_ETAT,38.0,Fashion Hoodies & Sweatshirts,82562,119783,1718,2024-01-01,38.00,À VÉRIFIER,PROCESSING_ORDER,Commande encore en traitement : chiffre d'affaires à vérifier.
1363,82594,119830,16230,2024-01-14,Cancelled,Cancelled,EXCLUE_METIER,49.950000762939446,Tops & Tees,82594,119830,16230,2024-01-14,49.95,EXCLUE PAR RÈGLE MÉTIER,CANCELLED_ORDER,Commande annulée : exclusion métier du chiffre d'affaires.
1364,82594,119831,27649,2024-01-15,Cancelled,Cancelled,EXCLUE_METIER,62.0,Swim,82594,119831,27649,2024-01-15,62.00,EXCLUE PAR RÈGLE MÉTIER,CANCELLED_ORDER,Commande annulée : exclusion métier du chiffre d'affaires.
1366,82657,119915,53,2024-01-14,Cancelled,Cancelled,EXCLUE_METIER,64.0,Tops & Tees,82657,119915,53,2024-01-14,64.00,EXCLUE PAR RÈGLE MÉTIER,CANCELLED_ORDER,Commande annulée : exclusion métier du chiffre d'affaires.
1367,82942,120331,23932,2024-01-12,Processing,Processing,A_VERIFIER_ETAT,399.0,Outerwear & Coats,82942,120331,23932,2024-01-12,399.00,À VÉRIFIER,PROCESSING_ORDER,Commande encore en traitement : chiffre d'affaires à vérifier.
1368,82950,120340,8631,2024-01-23,Processing,Processing,A_VERIFIER_ETAT,180.0,Outerwear & Coats,82950,120340,8631,2024-01-23,180.00,À VÉRIFIER,PROCESSING_ORDER,Commande encore en traitement : chiffre d'affaires à vérifier.
1369,82950,120341,9341,2024-01-23,Processing,Processing,A_VERIFIER_ETAT,12.989999771118164,Socks & Hosiery,82950,120341,9341,2024-01-23,12.99,À VÉRIFIER,PROCESSING_ORDER,Commande encore en traitement : chiffre d'affaires à vérifier.
1372,83229,120763,12236,2024-01-21,Processing,Processing,A_VERIFIER_ETAT,84.98999786376953,Intimates,83229,120763,12236,2024-01-21,84.99,À VÉRIFIER,PROCESSING_ORDER,Commande encore en traitement : chiffre d'affaires à vérifier.
1380,83378,120996,9209,2024-01-07,Cancelled,Cancelled,EXCLUE_METIER,10.0,Socks & Hosiery,83378,120996,9209,2024-01-07,10.00,EXCLUE PAR RÈGLE MÉTIER,CANCELLED_ORDER,Commande annulée : exclusion métier du chiffre d'affaires.
1394,84061,121968,12462,2024-01-08,Cancelled,Cancelled,EXCLUE_METIER,29.950000762939453,Intimates,84061,121968,12462,2024-01-08,29.95,EXCLUE PAR RÈGLE MÉTIER,CANCELLED_ORDER,Commande annulée : exclusion métier du chiffre d'affaires.
1395,84088,122009,13249,2024-01-10,Processing,Processing,A_VERIFIER_ETAT,38.0,Swim,84088,122009,13249,2024-01-10,38.00,À VÉRIFIER,PROCESSING_ORDER,Commande encore en traitement : chiffre d'affaires à vérifier.
1400,84269,122276,21778,2024-01-19,Processing,Processing,A_VERIFIER_ETAT,46.9900016784668,Pants,84269,122276,21778,2024-01-19,46.99,À VÉRIFIER,PROCESSING_ORDER,Commande encore en traitement : chiffre d'affaires à vérifier.
1401,84269,122277,19071,2024-01-19,Processing,Processing,A_VERIFIER_ETAT,81.2699966430664,Sweaters,84269,122277,19071,2024-01-19,81.27,À VÉRIFIER,PROCESSING_ORDER,Commande encore en traitement : chiffre d'affaires à vérifier.
1402,84277,122287,5846,2024-01-22,Returned,Returned,EXCLUE_METIER,14.899999618530272,Leggings,84277,122287,5846,2024-01-22,14.90,EXCLUE PAR RÈGLE MÉTIER,RETURNED_ORDER,Commande retournée : exclusion métier du chiffre d'affaires.
1404,84519,122644,22768,2024-01-04,Cancelled,Cancelled,EXCLUE_METIER,38.0,Shorts,84519,122644,22768,2024-01-04,38.00,EXCLUE PAR RÈGLE MÉTIER,CANCELLED_ORDER,Commande annulée : exclusion métier du chiffre d'affaires.
1405,84519,122645,28609,2024-01-03,Cancelled,Cancelled,EXCLUE_METIER,31.979999542236328,Accessories,84519,122645,28609,2024-01-03,31.98,EXCLUE PAR RÈGLE MÉTIER,CANCELLED_ORDER,Commande annulée : exclusion métier du chiffre d'affaires.
1406,84519,122646,17072,2024-01-05,Cancelled,Cancelled,EXCLUE_METIER,49.0,Fashion Hoodies & Sweatshirts,84519,122646,17072,2024-01-05,49.00,EXCLUE PAR RÈGLE MÉTIER,CANCELLED_ORDER,Commande annulée : exclusion métier du chiffre d'affaires.
1407,84543,122683,15513,2024-01-29,Cancelled,Cancelled,EXCLUE_METIER,47.9900016784668,Plus,84543,122683,15513,2024-01-29,47.99,EXCLUE PAR RÈGLE MÉTIER,CANCELLED_ORDER,Commande annulée : exclusion métier du chiffre d'affaires.
1413,84655,122843,8480,2024-01-07,Processing,Processing,A_VERIFIER_ETAT,159.9499969482422,Outerwear & Coats,84655,122843,8480,2024-01-07,159.95,À VÉRIFIER,PROCESSING_ORDER,Commande encore en traitement : chiffre d'affaires à vérifier.
1414,84655,122844,12479,2024-01-05,Processing,Processing,A_VERIFIER_ETAT,36.950000762939446,Intimates,84655,122844,12479,2024-01-05,36.95,À VÉRIFIER,PROCESSING_ORDER,Commande encore en traitement : chiffre d'affaires à vérifier.
1415,84655,122845,9374,2024-01-08,Processing,Processing,A_VERIFIER_ETAT,15.539999961853027,Socks & Hosiery,84655,122845,9374,2024-01-08,15.54,À VÉRIFIER,PROCESSING_ORDER,Commande encore en traitement : chiffre d'affaires à vérifier.
1416,84655,122846,4500,2024-01-08,Processing,Processing,A_VERIFIER_ETAT,167.0,Jeans,84655,122846,4500,2024-01-08,167.00,À VÉRIFIER,PROCESSING_ORDER,Commande encore en traitement : chiffre d'affaires à vérifier.
1417,84675,122876,13353,2024-01-31,Processing,Processing,A_VERIFIER_ETAT,98.0,Swim,84675,122876,13353,2024-01-31,98.00,À VÉRIFIER,PROCESSING_ORDER,Commande encore en traitement : chiffre d'affaires à vérifier.
1418,84707,122919,16919,2024-01-30,Cancelled,Cancelled,EXCLUE_METIER,125.0,Tops & Tees,84707,122919,16919,2024-01-30,125.00,EXCLUE PAR RÈGLE MÉTIER,CANCELLED_ORDER,Commande annulée : exclusion métier du chiffre d'affaires.
1419,84785,123029,16272,2024-01-13,Cancelled,Cancelled,EXCLUE_METIER,48.9900016784668,Tops & Tees,84785,123029,16272,2024-01-13,48.99,EXCLUE PAR RÈGLE MÉTIER,CANCELLED_ORDER,Commande annulée : exclusion métier du chiffre d'affaires.
1420,84785,123030,20080,2024-01-13,Cancelled,Cancelled,EXCLUE_METIER,199.9900054931641,Suits & Sport Coats,84785,123030,20080,2024-01-13,199.99,EXCLUE PAR RÈGLE MÉTIER,CANCELLED_ORDER,Commande annulée : exclusion métier du chiffre d'affaires.
1421,84785,123031,23021,2024-01-14,Cancelled,Cancelled,EXCLUE_METIER,89.0,Shorts,84785,123031,23021,2024-01-14,89.00,EXCLUE PAR RÈGLE MÉTIER,CANCELLED_ORDER,Commande annulée : exclusion métier du chiffre d'affaires.
1422,84898,123200,13097,2024-01-07,Cancelled,Cancelled,EXCLUE_METIER,80.0,Swim,84898,123200,13097,2024-01-07,80.00,EXCLUE PAR RÈGLE MÉTIER,CANCELLED_ORDER,Commande annulée : exclusion métier du chiffre d'affaires.
1423,85071,123438,10111,2024-01-19,Cancelled,Cancelled,EXCLUE_METIER,39.950000762939446,Sleep & Lounge,85071,123438,10111,2024-01-19,39.95,EXCLUE PAR RÈGLE MÉTIER,CANCELLED_ORDER,Commande annulée : exclusion métier du chiffre d'affaires.
1424,85231,123667,18431,2024-01-09,Returned,Returned,EXCLUE_METIER,25.0,Active,85231,123667,18431,2024-01-09,25.00,EXCLUE PAR RÈGLE MÉTIER,RETURNED_ORDER,Commande retournée : exclusion métier du chiffre d'affaires.
1425,85231,123668,23470,2024-01-09,Returned,Returned,EXCLUE_METIER,69.5,Shorts,85231,123668,23470,2024-01-09,69.50,EXCLUE PAR RÈGLE MÉTIER,RETURNED_ORDER,Commande retournée : exclusion métier du chiffre d'affaires.
1426,85399,123905,380,2024-01-31,Cancelled,Cancelled,EXCLUE_METIER,22.989999771118164,Tops & Tees,85399,123905,380,2024-01-31,22.99,EXCLUE PAR RÈGLE MÉTIER,CANCELLED_ORDER,Commande annulée : exclusion métier du chiffre d'affaires.
1427,85577,124172,11127,2024-01-16,Processing,Processing,A_VERIFIER_ETAT,35.0,Intimates,85577,124172,11127,2024-01-16,35.00,À VÉRIFIER,PROCESSING_ORDER,Commande encore en traitement : chiffre d'affaires à vérifier.
1428,85582,124179,13938,2024-01-13,Cancelled,Cancelled,EXCLUE_METIER,49.9900016784668,Accessories,85582,124179,13938,2024-01-13,49.99,EXCLUE PAR RÈGLE MÉTIER,CANCELLED_ORDER,Commande annulée : exclusion métier du chiffre d'affaires.
1429,85582,124180,5045,2024-01-14,Cancelled,Cancelled,EXCLUE_METIER,198.0,Jeans,85582,124180,5045,2024-01-14,198.00,EXCLUE PAR RÈGLE MÉTIER,CANCELLED_ORDER,Commande annulée : exclusion métier du chiffre d'affaires.
1430,85659,124284,13070,2024-01-19,Processing,Processing,A_VERIFIER_ETAT,29.0,Swim,85659,124284,13070,2024-01-19,29.00,À VÉRIFIER,PROCESSING_ORDER,Commande encore en traitement : chiffre d'affaires à vérifier.
1432,86013,124776,3250,2024-01-17,Cancelled,Cancelled,EXCLUE_METIER,138.0,Dresses,86013,124776,3250,2024-01-17,138.00,EXCLUE PAR RÈGLE MÉTIER,CANCELLED_ORDER,Commande annulée : exclusion métier du chiffre d'affaires.
1433,86087,124871,19266,2024-01-04,Processing,Processing,A_VERIFIER_ETAT,132.3000030517578,Sweaters,86087,124871,19266,2024-01-04,132.30,À VÉRIFIER,PROCESSING_ORDER,Commande encore en traitement : chiffre d'affaires à vérifier.
1434,86244,125095,9318,2024-01-19,Processing,Processing,A_VERIFIER_ETAT,6.989999771118164,Socks & Hosiery,86244,125095,9318,2024-01-19,6.99,À VÉRIFIER,PROCESSING_ORDER,Commande encore en traitement : chiffre d'affaires à vérifier.
1435,86338,125233,12929,2024-01-20,Cancelled,Cancelled,EXCLUE_METIER,128.0,Swim,86338,125233,12929,2024-01-20,128.00,EXCLUE PAR RÈGLE MÉTIER,CANCELLED_ORDER,Commande annulée : exclusion métier du chiffre d'affaires.
1436,86338,125234,1679,2024-01-22,Cancelled,Cancelled,EXCLUE_METIER,59.5,Fashion Hoodies & Sweatshirts,86338,125234,1679,2024-01-22,59.50,EXCLUE PAR RÈGLE MÉTIER,CANCELLED_ORDER,Commande annulée : exclusion métier du chiffre d'affaires.
1437,86362,125274,2893,2024-01-14,Returned,Returned,EXCLUE_METIER,25.0,Active,86362,125274,2893,2024-01-14,25.00,EXCLUE PAR RÈGLE MÉTIER,RETURNED_ORDER,Commande retournée : exclusion métier du chiffre d'affaires.
1441,86508,125495,26531,2024-01-30,Processing,Processing,A_VERIFIER_ETAT,28.0,Sleep & Lounge,86508,125495,26531,2024-01-30,28.00,À VÉRIFIER,PROCESSING_ORDER,Commande encore en traitement : chiffre d'affaires à vérifier.
1445,86539,125539,14498,2024-01-14,Processing,Processing,A_VERIFIER_ETAT,28.989999771118164,Maternity,86539,125539,14498,2024-01-14,28.99,À VÉRIFIER,PROCESSING_ORDER,Commande encore en traitement : chiffre d'affaires à vérifier.
1446,86630,125670,7624,2024-01-30,Processing,Processing,A_VERIFIER_ETAT,98.66000366210936,Blazers & Jackets,86630,125670,7624,2024-01-30,98.66,À VÉRIFIER,PROCESSING_ORDER,Commande encore en traitement : chiffre d'affaires à vérifier.
1447,86685,125746,1024,2024-01-04,Processing,Processing,A_VERIFIER_ETAT,150.0,Sweaters,86685,125746,1024,2024-01-04,150.00,À VÉRIFIER,PROCESSING_ORDER,Commande encore en traitement : chiffre d'affaires à vérifier.
1448,86706,125775,5034,2024-01-08,Returned,Returned,EXCLUE_METIER,34.900001525878906,Jeans,86706,125775,5034,2024-01-08,34.90,EXCLUE PAR RÈGLE MÉTIER,RETURNED_ORDER,Commande retournée : exclusion métier du chiffre d'affaires.
1450,86915,126080,19492,2024-01-05,Processing,Processing,A_VERIFIER_ETAT,39.9900016784668,Sweaters,86915,126080,19492,2024-01-05,39.99,À VÉRIFIER,PROCESSING_ORDER,Commande encore en traitement : chiffre d'affaires à vérifier.
1451,86952,126141,27579,2024-01-23,Processing,Processing,A_VERIFIER_ETAT,35.0,Swim,86952,126141,27579,2024-01-23,35.00,À VÉRIFIER,PROCESSING_ORDER,Commande encore en traitement : chiffre d'affaires à vérifier.
1459,87289,126631,11559,2024-01-29,Processing,Processing,A_VERIFIER_ETAT,11.989999771118164,Intimates,87289,126631,11559,2024-01-29,11.99,À VÉRIFIER,PROCESSING_ORDER,Commande encore en traitement : chiffre d'affaires à vérifier.
1460,87502,126926,23487,2024-01-05,Returned,Returned,EXCLUE_METIER,55.0,Shorts,87502,126926,23487,2024-01-05,55.00,EXCLUE PAR RÈGLE MÉTIER,RETURNED_ORDER,Commande retournée : exclusion métier du chiffre d'affaires.
1461,87568,127017,27738,2024-01-24,Processing,Processing,A_VERIFIER_ETAT,55.0,Swim,87568,127017,27738,2024-01-24,55.00,À VÉRIFIER,PROCESSING_ORDER,Commande encore en traitement : chiffre d'affaires à vérifier.
1462,87568,127018,29075,2024-01-24,Processing,Processing,A_VERIFIER_ETAT,12.390000343322754,Accessories,87568,127018,29075,2024-01-24,12.39,À VÉRIFIER,PROCESSING_ORDER,Commande encore en traitement : chiffre d'affaires à vérifier.
1464,87614,127079,9382,2024-01-08,Processing,Processing,A_VERIFIER_ETAT,12.590000152587892,Socks & Hosiery,87614,127079,9382,2024-01-08,12.59,À VÉRIFIER,PROCESSING_ORDER,Commande encore en traitement : chiffre d'affaires à vérifier.
1465,87614,127080,4317,2024-01-07,Processing,Processing,A_VERIFIER_ETAT,24.989999771118164,Jeans,87614,127080,4317,2024-01-07,24.99,À VÉRIFIER,PROCESSING_ORDER,Commande encore en traitement : chiffre d'affaires à vérifier.
1466,87763,127303,3650,2024-01-02,Cancelled,Cancelled,EXCLUE_METIER,59.700000762939446,Dresses,87763,127303,3650,2024-01-02,59.70,EXCLUE PAR RÈGLE MÉTIER,CANCELLED_ORDER,Commande annulée : exclusion métier du chiffre d'affaires.
1475,88639,128595,19699,2024-01-21,Processing,Processing,A_VERIFIER_ETAT,52.0,Sweaters,88639,128595,19699,2024-01-21,52.00,À VÉRIFIER,PROCESSING_ORDER,Commande encore en traitement : chiffre d'affaires à vérifier.
1476,88664,128636,1488,2024-01-03,Cancelled,Cancelled,EXCLUE_METIER,24.989999771118164,Sweaters,88664,128636,1488,2024-01-03,24.99,EXCLUE PAR RÈGLE MÉTIER,CANCELLED_ORDER,Commande annulée : exclusion métier du chiffre d'affaires.
1479,88889,128943,19426,2024-01-31,Returned,Returned,EXCLUE_METIER,52.0,Sweaters,88889,128943,19426,2024-01-31,52.00,EXCLUE PAR RÈGLE MÉTIER,RETURNED_ORDER,Commande retournée : exclusion métier du chiffre d'affaires.
1480,88957,129037,12381,2024-01-30,Processing,Processing,A_VERIFIER_ETAT,38.950000762939446,Intimates,88957,129037,12381,2024-01-30,38.95,À VÉRIFIER,PROCESSING_ORDER,Commande encore en traitement : chiffre d'affaires à vérifier.
1481,88967,129053,14177,2024-01-25,Processing,Processing,A_VERIFIER_ETAT,29.899999618530277,Accessories,88967,129053,14177,2024-01-25,29.90,À VÉRIFIER,PROCESSING_ORDER,Commande encore en traitement : chiffre d'affaires à vérifier.
1483,89100,129249,16810,2024-01-20,Returned,Returned,EXCLUE_METIER,25.0,Tops & Tees,89100,129249,16810,2024-01-20,25.00,EXCLUE PAR RÈGLE MÉTIER,RETURNED_ORDER,Commande retournée : exclusion métier du chiffre d'affaires.
1484,89368,129646,1297,2024-01-11,Processing,Processing,A_VERIFIER_ETAT,86.61000061035155,Sweaters,89368,129646,1297,2024-01-11,86.61,À VÉRIFIER,PROCESSING_ORDER,Commande encore en traitement : chiffre d'affaires à vérifier.
1485,89368,129647,4248,2024-01-11,Processing,Processing,A_VERIFIER_ETAT,89.5,Jeans,89368,129647,4248,2024-01-11,89.50,À VÉRIFIER,PROCESSING_ORDER,Commande encore en traitement : chiffre d'affaires à vérifier.
1489,89630,130021,5600,2024-01-16,Processing,Processing,A_VERIFIER_ETAT,41.959999084472656,Pants & Capris,89630,130021,5600,2024-01-16,41.96,À VÉRIFIER,PROCESSING_ORDER,Commande encore en traitement : chiffre d'affaires à vérifier.
1495,89797,130267,28042,2024-01-24,Processing,Processing,A_VERIFIER_ETAT,65.0,Swim,89797,130267,28042,2024-01-24,65.00,À VÉRIFIER,PROCESSING_ORDER,Commande encore en traitement : chiffre d'affaires à vérifier.
1496,89830,130312,24609,2024-01-24,Processing,Processing,A_VERIFIER_ETAT,12.739999771118164,Socks,89830,130312,24609,2024-01-24,12.74,À VÉRIFIER,PROCESSING_ORDER,Commande encore en traitement : chiffre d'affaires à vérifier.
1497,89830,130313,24720,2024-01-26,Processing,Processing,A_VERIFIER_ETAT,10.0,Socks,89830,130313,24720,2024-01-26,10.00,À VÉRIFIER,PROCESSING_ORDER,Commande encore en traitement : chiffre d'affaires à vérifier.
1498,89837,130323,18324,2024-01-21,Processing,Processing,A_VERIFIER_ETAT,48.0,Active,89837,130323,18324,2024-01-21,48.00,À VÉRIFIER,PROCESSING_ORDER,Commande encore en traitement : chiffre d'affaires à vérifier.
1501,89954,130503,3138,2024-01-14,Returned,Returned,EXCLUE_METIER,140.0,Dresses,89954,130503,3138,2024-01-14,140.00,EXCLUE PAR RÈGLE MÉTIER,RETURNED_ORDER,Commande retournée : exclusion métier du chiffre d'affaires.
1502,89958,130507,20887,2024-01-20,Processing,Processing,A_VERIFIER_ETAT,169.0,Jeans,89958,130507,20887,2024-01-20,169.00,À VÉRIFIER,PROCESSING_ORDER,Commande encore en traitement : chiffre d'affaires à vérifier.
1504,90044,130634,17982,2024-01-01,Cancelled,Cancelled,EXCLUE_METIER,40.880001068115234,Fashion Hoodies & Sweatshirts,90044,130634,17982,2024-01-01,40.88,EXCLUE PAR RÈGLE MÉTIER,CANCELLED_ORDER,Commande annulée : exclusion métier du chiffre d'affaires.
1506,90163,130807,27688,2024-01-29,Returned,Returned,EXCLUE_METIER,60.0,Swim,90163,130807,27688,2024-01-29,60.00,EXCLUE PAR RÈGLE MÉTIER,RETURNED_ORDER,Commande retournée : exclusion métier du chiffre d'affaires.
1507,90163,130808,28055,2024-01-27,Returned,Returned,EXCLUE_METIER,59.0,Swim,90163,130808,28055,2024-01-27,59.00,EXCLUE PAR RÈGLE MÉTIER,RETURNED_ORDER,Commande retournée : exclusion métier du chiffre d'affaires.
1510,90197,130857,19265,2024-01-24,Processing,Processing,A_VERIFIER_ETAT,148.0,Sweaters,90197,130857,19265,2024-01-24,148.00,À VÉRIFIER,PROCESSING_ORDER,Commande encore en traitement : chiffre d'affaires à vérifier.
1515,90583,131432,15990,2024-01-29,Processing,Processing,A_VERIFIER_ETAT,32.0,Tops & Tees,90583,131432,15990,2024-01-29,32.00,À VÉRIFIER,PROCESSING_ORDER,Commande encore en traitement : chiffre d'affaires à vérifier.
1516,90605,131464,25103,2024-01-05,Processing,Processing,A_VERIFIER_ETAT,44.950000762939446,Socks,90605,131464,25103,2024-01-05,44.95,À VÉRIFIER,PROCESSING_ORDER,Commande encore en traitement : chiffre d'affaires à vérifier.
1517,90605,131465,20709,2024-01-02,Processing,Processing,A_VERIFIER_ETAT,53.0,Jeans,90605,131465,20709,2024-01-02,53.00,À VÉRIFIER,PROCESSING_ORDER,Commande encore en traitement : chiffre d'affaires à vérifier.
1518,90674,131573,10380,2024-01-10,Returned,Returned,EXCLUE_METIER,31.950000762939453,Intimates,90674,131573,10380,2024-01-10,31.95,EXCLUE PAR RÈGLE MÉTIER,RETURNED_ORDER,Commande retournée : exclusion métier du chiffre d'affaires.
1519,90722,131644,9299,2024-01-15,Returned,Returned,EXCLUE_METIER,6.5,Socks & Hosiery,90722,131644,9299,2024-01-15,6.50,EXCLUE PAR RÈGLE MÉTIER,RETURNED_ORDER,Commande retournée : exclusion métier du chiffre d'affaires.
1520,90755,131689,7444,2024-01-24,Processing,Processing,A_VERIFIER_ETAT,99.98999786376952,Skirts,90755,131689,7444,2024-01-24,99.99,À VÉRIFIER,PROCESSING_ORDER,Commande encore en traitement : chiffre d'affaires à vérifier.
1521,90781,131718,24918,2024-01-25,Processing,Processing,A_VERIFIER_ETAT,12.210000038146973,Socks,90781,131718,24918,2024-01-25,12.21,À VÉRIFIER,PROCESSING_ORDER,Commande encore en traitement : chiffre d'affaires à vérifier.
1522,90787,131732,10142,2024-01-09,Processing,Processing,A_VERIFIER_ETAT,39.950000762939446,Sleep & Lounge,90787,131732,10142,2024-01-09,39.95,À VÉRIFIER,PROCESSING_ORDER,Commande encore en traitement : chiffre d'affaires à vérifier.
1523,90787,131733,14297,2024-01-12,Processing,Processing,A_VERIFIER_ETAT,143.49000549316406,Accessories,90787,131733,14297,2024-01-12,143.49,À VÉRIFIER,PROCESSING_ORDER,Commande encore en traitement : chiffre d'affaires à vérifier.
1524,90810,131767,27554,2024-01-25,Returned,Returned,EXCLUE_METIER,52.0,Swim,90810,131767,27554,2024-01-25,52.00,EXCLUE PAR RÈGLE MÉTIER,RETURNED_ORDER,Commande retournée : exclusion métier du chiffre d'affaires.
1525,90810,131768,16404,2024-01-23,Returned,Returned,EXCLUE_METIER,25.0,Tops & Tees,90810,131768,16404,2024-01-23,25.00,EXCLUE PAR RÈGLE MÉTIER,RETURNED_ORDER,Commande retournée : exclusion métier du chiffre d'affaires.
1526,90830,131796,7801,2024-01-21,Returned,Returned,EXCLUE_METIER,398.0,Blazers & Jackets,90830,131796,7801,2024-01-21,398.00,EXCLUE PAR RÈGLE MÉTIER,RETURNED_ORDER,Commande retournée : exclusion métier du chiffre d'affaires.
1529,91194,132298,9824,2024-01-03,Processing,Processing,A_VERIFIER_ETAT,54.9900016784668,Sleep & Lounge,91194,132298,9824,2024-01-03,54.99,À VÉRIFIER,PROCESSING_ORDER,Commande encore en traitement : chiffre d'affaires à vérifier.
1533,91335,132507,7032,2024-01-07,Processing,Processing,A_VERIFIER_ETAT,28.5,Shorts,91335,132507,7032,2024-01-07,28.50,À VÉRIFIER,PROCESSING_ORDER,Commande encore en traitement : chiffre d'affaires à vérifier.
1534,91489,132735,16234,2024-01-30,Processing,Processing,A_VERIFIER_ETAT,29.989999771118164,Tops & Tees,91489,132735,16234,2024-01-30,29.99,À VÉRIFIER,PROCESSING_ORDER,Commande encore en traitement : chiffre d'affaires à vérifier.
1535,91489,132736,19949,2024-01-27,Processing,Processing,A_VERIFIER_ETAT,129.99000549316406,Suits & Sport Coats,91489,132736,19949,2024-01-27,129.99,À VÉRIFIER,PROCESSING_ORDER,Commande encore en traitement : chiffre d'affaires à vérifier.
1537,91653,132982,4217,2024-01-08,Processing,Processing,A_VERIFIER_ETAT,69.0,Jeans,91653,132982,4217,2024-01-08,69.00,À VÉRIFIER,PROCESSING_ORDER,Commande encore en traitement : chiffre d'affaires à vérifier.
1538,91785,133162,620,2024-01-08,Cancelled,Cancelled,EXCLUE_METIER,25.0,Tops & Tees,91785,133162,620,2024-01-08,25.00,EXCLUE PAR RÈGLE MÉTIER,CANCELLED_ORDER,Commande annulée : exclusion métier du chiffre d'affaires.
1539,91785,133163,5962,2024-01-11,Cancelled,Cancelled,EXCLUE_METIER,27.950000762939453,Leggings,91785,133163,5962,2024-01-11,27.95,EXCLUE PAR RÈGLE MÉTIER,CANCELLED_ORDER,Commande annulée : exclusion métier du chiffre d'affaires.
1540,91785,133164,10664,2024-01-11,Cancelled,Cancelled,EXCLUE_METIER,35.0,Intimates,91785,133164,10664,2024-01-11,35.00,EXCLUE PAR RÈGLE MÉTIER,CANCELLED_ORDER,Commande annulée : exclusion métier du chiffre d'affaires.
1541,91830,133230,1789,2024-01-01,Processing,Processing,A_VERIFIER_ETAT,18.6299991607666,Fashion Hoodies & Sweatshirts,91830,133230,1789,2024-01-01,18.63,À VÉRIFIER,PROCESSING_ORDER,Commande encore en traitement : chiffre d'affaires à vérifier.
1542,91835,133238,21554,2024-01-07,Cancelled,Cancelled,EXCLUE_METIER,89.98999786376953,Jeans,91835,133238,21554,2024-01-07,89.99,EXCLUE PAR RÈGLE MÉTIER,CANCELLED_ORDER,Commande annulée : exclusion métier du chiffre d'affaires.
1543,91857,133270,21716,2024-01-30,Returned,Returned,EXCLUE_METIER,41.83000183105469,Pants,91857,133270,21716,2024-01-30,41.83,EXCLUE PAR RÈGLE MÉTIER,RETURNED_ORDER,Commande retournée : exclusion métier du chiffre d'affaires.
1547,92084,133587,11008,2024-01-03,Cancelled,Cancelled,EXCLUE_METIER,10.5,Intimates,92084,133587,11008,2024-01-03,10.50,EXCLUE PAR RÈGLE MÉTIER,CANCELLED_ORDER,Commande annulée : exclusion métier du chiffre d'affaires.
1548,92085,133588,24069,2024-01-15,Processing,Processing,A_VERIFIER_ETAT,284.75,Outerwear & Coats,92085,133588,24069,2024-01-15,284.75,À VÉRIFIER,PROCESSING_ORDER,Commande encore en traitement : chiffre d'affaires à vérifier.
1552,92279,133870,10016,2024-01-21,Returned,Returned,EXCLUE_METIER,7.989999771118163,Sleep & Lounge,92279,133870,10016,2024-01-21,7.99,EXCLUE PAR RÈGLE MÉTIER,RETURNED_ORDER,Commande retournée : exclusion métier du chiffre d'affaires.
1553,92435,134091,2274,2024-01-10,Processing,Processing,A_VERIFIER_ETAT,32.16999816894531,Fashion Hoodies & Sweatshirts,92435,134091,2274,2024-01-10,32.17,À VÉRIFIER,PROCESSING_ORDER,Commande encore en traitement : chiffre d'affaires à vérifier.
1554,92435,134092,14355,2024-01-11,Processing,Processing,A_VERIFIER_ETAT,18.0,Maternity,92435,134092,14355,2024-01-11,18.00,À VÉRIFIER,PROCESSING_ORDER,Commande encore en traitement : chiffre d'affaires à vérifier.
1555,92435,134093,7785,2024-01-12,Processing,Processing,A_VERIFIER_ETAT,89.0,Blazers & Jackets,92435,134093,7785,2024-01-12,89.00,À VÉRIFIER,PROCESSING_ORDER,Commande encore en traitement : chiffre d'affaires à vérifier.
1556,92445,134104,17931,2024-01-08,Returned,Returned,EXCLUE_METIER,23.030000686645508,Fashion Hoodies & Sweatshirts,92445,134104,17931,2024-01-08,23.03,EXCLUE PAR RÈGLE MÉTIER,RETURNED_ORDER,Commande retournée : exclusion métier du chiffre d'affaires.
1562,92612,134349,21754,2024-01-06,Cancelled,Cancelled,EXCLUE_METIER,36.9900016784668,Pants,92612,134349,21754,2024-01-06,36.99,EXCLUE PAR RÈGLE MÉTIER,CANCELLED_ORDER,Commande annulée : exclusion métier du chiffre d'affaires.
1563,92612,134350,27042,2024-01-09,Cancelled,Cancelled,EXCLUE_METIER,49.950000762939446,Sleep & Lounge,92612,134350,27042,2024-01-09,49.95,EXCLUE PAR RÈGLE MÉTIER,CANCELLED_ORDER,Commande annulée : exclusion métier du chiffre d'affaires.
1564,92612,134351,26908,2024-01-05,Cancelled,Cancelled,EXCLUE_METIER,41.060001373291016,Sleep & Lounge,92612,134351,26908,2024-01-05,41.06,EXCLUE PAR RÈGLE MÉTIER,CANCELLED_ORDER,Commande annulée : exclusion métier du chiffre d'affaires.
1565,92612,134352,26913,2024-01-07,Cancelled,Cancelled,EXCLUE_METIER,59.9900016784668,Sleep & Lounge,92612,134352,26913,2024-01-07,59.99,EXCLUE PAR RÈGLE MÉTIER,CANCELLED_ORDER,Commande annulée : exclusion métier du chiffre d'affaires.
1568,92933,134806,20589,2024-01-30,Returned,Returned,EXCLUE_METIER,43.5099983215332,Jeans,92933,134806,20589,2024-01-30,43.51,EXCLUE PAR RÈGLE MÉTIER,RETURNED_ORDER,Commande retournée : exclusion métier du chiffre d'affaires.
1569,93200,135203,5478,2024-01-11,Processing,Processing,A_VERIFIER_ETAT,78.45999908447266,Pants & Capris,93200,135203,5478,2024-01-11,78.46,À VÉRIFIER,PROCESSING_ORDER,Commande encore en traitement : chiffre d'affaires à vérifier.
1574,93515,135660,4691,2024-01-12,Cancelled,Cancelled,EXCLUE_METIER,135.25999450683594,Jeans,93515,135660,4691,2024-01-12,135.26,EXCLUE PAR RÈGLE MÉTIER,CANCELLED_ORDER,Commande annulée : exclusion métier du chiffre d'affaires.
1576,93736,135997,15883,2024-01-15,Cancelled,Cancelled,EXCLUE_METIER,39.950000762939446,Plus,93736,135997,15883,2024-01-15,39.95,EXCLUE PAR RÈGLE MÉTIER,CANCELLED_ORDER,Commande annulée : exclusion métier du chiffre d'affaires.
1577,93751,136017,24201,2024-01-29,Cancelled,Cancelled,EXCLUE_METIER,903.0,Outerwear & Coats,93751,136017,24201,2024-01-29,903.00,EXCLUE PAR RÈGLE MÉTIER,CANCELLED_ORDER,Commande annulée : exclusion métier du chiffre d'affaires.
1580,93924,136259,17891,2024-01-15,Processing,Processing,A_VERIFIER_ETAT,60.950000762939446,Fashion Hoodies & Sweatshirts,93924,136259,17891,2024-01-15,60.95,À VÉRIFIER,PROCESSING_ORDER,Commande encore en traitement : chiffre d'affaires à vérifier.
1581,93924,136260,18478,2024-01-16,Processing,Processing,A_VERIFIER_ETAT,75.0,Active,93924,136260,18478,2024-01-16,75.00,À VÉRIFIER,PROCESSING_ORDER,Commande encore en traitement : chiffre d'affaires à vérifier.
1582,94115,136537,49,2024-01-14,Cancelled,Cancelled,EXCLUE_METIER,59.0,Tops & Tees,94115,136537,49,2024-01-14,59.00,EXCLUE PAR RÈGLE MÉTIER,CANCELLED_ORDER,Commande annulée : exclusion métier du chiffre d'affaires.
1583,94150,136587,4285,2024-01-04,Returned,Returned,EXCLUE_METIER,120.0,Jeans,94150,136587,4285,2024-01-04,120.00,EXCLUE PAR RÈGLE MÉTIER,RETURNED_ORDER,Commande retournée : exclusion métier du chiffre d'affaires.
1587,94559,137184,16129,2024-01-09,Returned,Returned,EXCLUE_METIER,22.0,Tops & Tees,94559,137184,16129,2024-01-09,22.00,EXCLUE PAR RÈGLE MÉTIER,RETURNED_ORDER,Commande retournée : exclusion métier du chiffre d'affaires.
1588,94559,137185,20257,2024-01-07,Returned,Returned,EXCLUE_METIER,199.9900054931641,Suits & Sport Coats,94559,137185,20257,2024-01-07,199.99,EXCLUE PAR RÈGLE MÉTIER,RETURNED_ORDER,Commande retournée : exclusion métier du chiffre d'affaires.
1589,94559,137186,19252,2024-01-05,Returned,Returned,EXCLUE_METIER,42.0,Sweaters,94559,137186,19252,2024-01-05,42.00,EXCLUE PAR RÈGLE MÉTIER,RETURNED_ORDER,Commande retournée : exclusion métier du chiffre d'affaires.
1595,95266,138196,21275,2024-01-24,Cancelled,Cancelled,EXCLUE_METIER,42.9900016784668,Jeans,95266,138196,21275,2024-01-24,42.99,EXCLUE PAR RÈGLE MÉTIER,CANCELLED_ORDER,Commande annulée : exclusion métier du chiffre d'affaires.
1598,95401,138394,24341,2024-01-14,Processing,Processing,A_VERIFIER_ETAT,950.0,Outerwear & Coats,95401,138394,24341,2024-01-14,950.00,À VÉRIFIER,PROCESSING_ORDER,Commande encore en traitement : chiffre d'affaires à vérifier.
1599,95499,138530,5175,2024-01-21,Cancelled,Cancelled,EXCLUE_METIER,119.0,Pants & Capris,95499,138530,5175,2024-01-21,119.00,EXCLUE PAR RÈGLE MÉTIER,CANCELLED_ORDER,Commande annulée : exclusion métier du chiffre d'affaires.
1600,95566,138631,16417,2024-01-12,Cancelled,Cancelled,EXCLUE_METIER,29.989999771118164,Tops & Tees,95566,138631,16417,2024-01-12,29.99,EXCLUE PAR RÈGLE MÉTIER,CANCELLED_ORDER,Commande annulée : exclusion métier du chiffre d'affaires.
1604,95985,139259,24051,2024-01-12,Processing,Processing,A_VERIFIER_ETAT,169.99000549316406,Outerwear & Coats,95985,139259,24051,2024-01-12,169.99,À VÉRIFIER,PROCESSING_ORDER,Commande encore en traitement : chiffre d'affaires à vérifier.
1605,95999,139274,16519,2024-01-20,Returned,Returned,EXCLUE_METIER,119.0,Tops & Tees,95999,139274,16519,2024-01-20,119.00,EXCLUE PAR RÈGLE MÉTIER,RETURNED_ORDER,Commande retournée : exclusion métier du chiffre d'affaires.
1606,95999,139275,28305,2024-01-23,Returned,Returned,EXCLUE_METIER,75.11000061035155,Accessories,95999,139275,28305,2024-01-23,75.11,EXCLUE PAR RÈGLE MÉTIER,RETURNED_ORDER,Commande retournée : exclusion métier du chiffre d'affaires.
1607,96012,139302,29038,2024-01-30,Cancelled,Cancelled,EXCLUE_METIER,35.0,Accessories,96012,139302,29038,2024-01-30,35.00,EXCLUE PAR RÈGLE MÉTIER,CANCELLED_ORDER,Commande annulée : exclusion métier du chiffre d'affaires.
1608,96119,139451,6942,2024-01-15,Cancelled,Cancelled,EXCLUE_METIER,44.0,Shorts,96119,139451,6942,2024-01-15,44.00,EXCLUE PAR RÈGLE MÉTIER,CANCELLED_ORDER,Commande annulée : exclusion métier du chiffre d'affaires.
1612,96326,139750,27782,2024-01-29,Processing,Processing,A_VERIFIER_ETAT,37.950000762939446,Swim,96326,139750,27782,2024-01-29,37.95,À VÉRIFIER,PROCESSING_ORDER,Commande encore en traitement : chiffre d'affaires à vérifier.
1613,96326,139751,28114,2024-01-30,Processing,Processing,A_VERIFIER_ETAT,24.96999931335449,Swim,96326,139751,28114,2024-01-30,24.97,À VÉRIFIER,PROCESSING_ORDER,Commande encore en traitement : chiffre d'affaires à vérifier.
1614,96352,139791,17804,2024-01-01,Processing,Processing,A_VERIFIER_ETAT,99.0,Fashion Hoodies & Sweatshirts,96352,139791,17804,2024-01-01,99.00,À VÉRIFIER,PROCESSING_ORDER,Commande encore en traitement : chiffre d'affaires à vérifier.
1617,96605,140171,4375,2024-01-11,Returned,Returned,EXCLUE_METIER,25.0,Jeans,96605,140171,4375,2024-01-11,25.00,EXCLUE PAR RÈGLE MÉTIER,RETURNED_ORDER,Commande retournée : exclusion métier du chiffre d'affaires.
1618,96605,140172,11160,2024-01-13,Returned,Returned,EXCLUE_METIER,27.090000152587887,Intimates,96605,140172,11160,2024-01-13,27.09,EXCLUE PAR RÈGLE MÉTIER,RETURNED_ORDER,Commande retournée : exclusion métier du chiffre d'affaires.
1619,96711,140328,2762,2024-01-09,Processing,Processing,A_VERIFIER_ETAT,59.950000762939446,Active,96711,140328,2762,2024-01-09,59.95,À VÉRIFIER,PROCESSING_ORDER,Commande encore en traitement : chiffre d'affaires à vérifier.
1624,96905,140635,14010,2024-01-22,Returned,Returned,EXCLUE_METIER,16.75,Accessories,96905,140635,14010,2024-01-22,16.75,EXCLUE PAR RÈGLE MÉTIER,RETURNED_ORDER,Commande retournée : exclusion métier du chiffre d'affaires.
1625,96905,140636,7438,2024-01-22,Returned,Returned,EXCLUE_METIER,17.989999771118164,Skirts,96905,140636,7438,2024-01-22,17.99,EXCLUE PAR RÈGLE MÉTIER,RETURNED_ORDER,Commande retournée : exclusion métier du chiffre d'affaires.
1630,97311,141213,1005,2024-01-15,Processing,Processing,A_VERIFIER_ETAT,9.449999809265137,Sweaters,97311,141213,1005,2024-01-15,9.45,À VÉRIFIER,PROCESSING_ORDER,Commande encore en traitement : chiffre d'affaires à vérifier.
1639,97694,141774,21195,2024-01-29,Cancelled,Cancelled,EXCLUE_METIER,60.0,Jeans,97694,141774,21195,2024-01-29,60.00,EXCLUE PAR RÈGLE MÉTIER,CANCELLED_ORDER,Commande annulée : exclusion métier du chiffre d'affaires.
1640,97694,141775,22149,2024-01-29,Cancelled,Cancelled,EXCLUE_METIER,55.0,Pants,97694,141775,22149,2024-01-29,55.00,EXCLUE PAR RÈGLE MÉTIER,CANCELLED_ORDER,Commande annulée : exclusion métier du chiffre d'affaires.
1641,97728,141825,26928,2024-01-27,Cancelled,Cancelled,EXCLUE_METIER,18.5,Sleep & Lounge,97728,141825,26928,2024-01-27,18.50,EXCLUE PAR RÈGLE MÉTIER,CANCELLED_ORDER,Commande annulée : exclusion métier du chiffre d'affaires.
1642,97755,141870,26944,2024-01-28,Processing,Processing,A_VERIFIER_ETAT,55.93999862670898,Sleep & Lounge,97755,141870,26944,2024-01-28,55.94,À VÉRIFIER,PROCESSING_ORDER,Commande encore en traitement : chiffre d'affaires à vérifier.
1643,97943,142128,1988,2024-01-29,Processing,Processing,A_VERIFIER_ETAT,23.6299991607666,Fashion Hoodies & Sweatshirts,97943,142128,1988,2024-01-29,23.63,À VÉRIFIER,PROCESSING_ORDER,Commande encore en traitement : chiffre d'affaires à vérifier.
1644,97985,142198,1357,2024-01-24,Processing,Processing,A_VERIFIER_ETAT,329.0,Sweaters,97985,142198,1357,2024-01-24,329.00,À VÉRIFIER,PROCESSING_ORDER,Commande encore en traitement : chiffre d'affaires à vérifier.
1645,97985,142199,9174,2024-01-20,Processing,Processing,A_VERIFIER_ETAT,9.989999771118164,Socks & Hosiery,97985,142199,9174,2024-01-20,9.99,À VÉRIFIER,PROCESSING_ORDER,Commande encore en traitement : chiffre d'affaires à vérifier.
1646,97985,142200,8876,2024-01-20,Processing,Processing,A_VERIFIER_ETAT,6.989999771118164,Socks & Hosiery,97985,142200,8876,2024-01-20,6.99,À VÉRIFIER,PROCESSING_ORDER,Commande encore en traitement : chiffre d'affaires à vérifier.
1647,97985,142201,6418,2024-01-22,Processing,Processing,A_VERIFIER_ETAT,19.899999618530277,Shorts,97985,142201,6418,2024-01-22,19.90,À VÉRIFIER,PROCESSING_ORDER,Commande encore en traitement : chiffre d'affaires à vérifier.
1649,98156,142454,1170,2024-01-16,Processing,Processing,A_VERIFIER_ETAT,24.950000762939453,Sweaters,98156,142454,1170,2024-01-16,24.95,À VÉRIFIER,PROCESSING_ORDER,Commande encore en traitement : chiffre d'affaires à vérifier.
1651,98533,143005,26156,2024-01-14,Returned,Returned,EXCLUE_METIER,25.0,Underwear,98533,143005,26156,2024-01-14,25.00,EXCLUE PAR RÈGLE MÉTIER,RETURNED_ORDER,Commande retournée : exclusion métier du chiffre d'affaires.
1652,98533,143006,25515,2024-01-10,Returned,Returned,EXCLUE_METIER,54.9900016784668,Underwear,98533,143006,25515,2024-01-10,54.99,EXCLUE PAR RÈGLE MÉTIER,RETURNED_ORDER,Commande retournée : exclusion métier du chiffre d'affaires.
1653,98661,143187,1526,2024-01-07,Returned,Returned,EXCLUE_METIER,53.970001220703125,Fashion Hoodies & Sweatshirts,98661,143187,1526,2024-01-07,53.97,EXCLUE PAR RÈGLE MÉTIER,RETURNED_ORDER,Commande retournée : exclusion métier du chiffre d'affaires.
1656,98754,143317,26581,2024-01-24,Processing,Processing,A_VERIFIER_ETAT,25.0,Sleep & Lounge,98754,143317,26581,2024-01-24,25.00,À VÉRIFIER,PROCESSING_ORDER,Commande encore en traitement : chiffre d'affaires à vérifier.
1658,98887,143505,5234,2024-01-02,Cancelled,Cancelled,EXCLUE_METIER,87.0,Pants & Capris,98887,143505,5234,2024-01-02,87.00,EXCLUE PAR RÈGLE MÉTIER,CANCELLED_ORDER,Commande annulée : exclusion métier du chiffre d'affaires.
1663,99346,144165,14920,2024-01-13,Cancelled,Cancelled,EXCLUE_METIER,198.0,Maternity,99346,144165,14920,2024-01-13,198.00,EXCLUE PAR RÈGLE MÉTIER,CANCELLED_ORDER,Commande annulée : exclusion métier du chiffre d'affaires.
1665,99483,144352,25571,2024-01-31,Cancelled,Cancelled,EXCLUE_METIER,48.0,Underwear,99483,144352,25571,2024-01-31,48.00,EXCLUE PAR RÈGLE MÉTIER,CANCELLED_ORDER,Commande annulée : exclusion métier du chiffre d'affaires.
1671,99822,144855,20170,2024-01-16,Processing,Processing,A_VERIFIER_ETAT,259.989990234375,Suits & Sport Coats,99822,144855,20170,2024-01-16,259.99,À VÉRIFIER,PROCESSING_ORDER,Commande encore en traitement : chiffre d'affaires à vérifier.
1675,99832,144868,23686,2024-01-13,Cancelled,Cancelled,EXCLUE_METIER,99.98999786376952,Outerwear & Coats,99832,144868,23686,2024-01-13,99.99,EXCLUE PAR RÈGLE MÉTIER,CANCELLED_ORDER,Commande annulée : exclusion métier du chiffre d'affaires.
1676,99943,145035,14757,2024-01-31,Cancelled,Cancelled,EXCLUE_METIER,48.0,Maternity,99943,145035,14757,2024-01-31,48.00,EXCLUE PAR RÈGLE MÉTIER,CANCELLED_ORDER,Commande annulée : exclusion métier du chiffre d'affaires.
1680,100283,145532,21589,2024-01-12,Processing,Processing,A_VERIFIER_ETAT,51.0,Jeans,100283,145532,21589,2024-01-12,51.00,À VÉRIFIER,PROCESSING_ORDER,Commande encore en traitement : chiffre d'affaires à vérifier.
1689,100534,145910,11811,2024-01-24,Cancelled,Cancelled,EXCLUE_METIER,70.0,Intimates,100534,145910,11811,2024-01-24,70.00,EXCLUE PAR RÈGLE MÉTIER,CANCELLED_ORDER,Commande annulée : exclusion métier du chiffre d'affaires.
1690,100547,145931,902,2024-01-08,Processing,Processing,A_VERIFIER_ETAT,99.0,Sweaters,100547,145931,902,2024-01-08,99.00,À VÉRIFIER,PROCESSING_ORDER,Commande encore en traitement : chiffre d'affaires à vérifier.
1697,100827,146354,11034,2024-01-08,Cancelled,Cancelled,EXCLUE_METIER,15.0,Intimates,100827,146354,11034,2024-01-08,15.00,EXCLUE PAR RÈGLE MÉTIER,CANCELLED_ORDER,Commande annulée : exclusion métier du chiffre d'affaires.
1698,100887,146446,22779,2024-01-19,Processing,Processing,A_VERIFIER_ETAT,64.94999694824219,Shorts,100887,146446,22779,2024-01-19,64.95,À VÉRIFIER,PROCESSING_ORDER,Commande encore en traitement : chiffre d'affaires à vérifier.
1700,101029,146643,17237,2024-01-25,Processing,Processing,A_VERIFIER_ETAT,49.5,Fashion Hoodies & Sweatshirts,101029,146643,17237,2024-01-25,49.50,À VÉRIFIER,PROCESSING_ORDER,Commande encore en traitement : chiffre d'affaires à vérifier.
1704,101225,146922,6817,2024-01-13,Returned,Returned,EXCLUE_METIER,19.989999771118164,Shorts,101225,146922,6817,2024-01-13,19.99,EXCLUE PAR RÈGLE MÉTIER,RETURNED_ORDER,Commande retournée : exclusion métier du chiffre d'affaires.
1705,101246,146952,5292,2024-01-14,Cancelled,Cancelled,EXCLUE_METIER,32.79999923706055,Pants & Capris,101246,146952,5292,2024-01-14,32.80,EXCLUE PAR RÈGLE MÉTIER,CANCELLED_ORDER,Commande annulée : exclusion métier du chiffre d'affaires.
1707,101524,147367,25901,2024-01-05,Processing,Processing,A_VERIFIER_ETAT,24.5,Underwear,101524,147367,25901,2024-01-05,24.50,À VÉRIFIER,PROCESSING_ORDER,Commande encore en traitement : chiffre d'affaires à vérifier.
1719,102248,148414,16055,2024-01-09,Returned,Returned,EXCLUE_METIER,128.0,Tops & Tees,102248,148414,16055,2024-01-09,128.00,EXCLUE PAR RÈGLE MÉTIER,RETURNED_ORDER,Commande retournée : exclusion métier du chiffre d'affaires.
1721,102378,148605,6251,2024-01-17,Processing,Processing,A_VERIFIER_ETAT,94.52999877929688,Leggings,102378,148605,6251,2024-01-17,94.53,À VÉRIFIER,PROCESSING_ORDER,Commande encore en traitement : chiffre d'affaires à vérifier.
1722,102378,148606,4853,2024-01-20,Processing,Processing,A_VERIFIER_ETAT,84.97000122070312,Jeans,102378,148606,4853,2024-01-20,84.97,À VÉRIFIER,PROCESSING_ORDER,Commande encore en traitement : chiffre d'affaires à vérifier.
1725,102725,149120,22877,2024-01-01,Processing,Processing,A_VERIFIER_ETAT,59.5,Shorts,102725,149120,22877,2024-01-01,59.50,À VÉRIFIER,PROCESSING_ORDER,Commande encore en traitement : chiffre d'affaires à vérifier.
1726,102728,149123,6509,2024-01-13,Returned,Returned,EXCLUE_METIER,10.0,Shorts,102728,149123,6509,2024-01-13,10.00,EXCLUE PAR RÈGLE MÉTIER,RETURNED_ORDER,Commande retournée : exclusion métier du chiffre d'affaires.
1728,102886,149365,22632,2024-01-06,Processing,Processing,A_VERIFIER_ETAT,15.859999656677246,Pants,102886,149365,22632,2024-01-06,15.86,À VÉRIFIER,PROCESSING_ORDER,Commande encore en traitement : chiffre d'affaires à vérifier.
1729,102886,149366,21086,2024-01-02,Processing,Processing,A_VERIFIER_ETAT,79.5,Jeans,102886,149366,21086,2024-01-02,79.50,À VÉRIFIER,PROCESSING_ORDER,Commande encore en traitement : chiffre d'affaires à vérifier.
1730,102886,149367,18801,2024-01-06,Processing,Processing,A_VERIFIER_ETAT,115.98999786376952,Sweaters,102886,149367,18801,2024-01-06,115.99,À VÉRIFIER,PROCESSING_ORDER,Commande encore en traitement : chiffre d'affaires à vérifier.
1734,102959,149470,3417,2024-01-27,Processing,Processing,A_VERIFIER_ETAT,10.909999847412108,Dresses,102959,149470,3417,2024-01-27,10.91,À VÉRIFIER,PROCESSING_ORDER,Commande encore en traitement : chiffre d'affaires à vérifier.
1735,102969,149483,26694,2024-01-07,Processing,Processing,A_VERIFIER_ETAT,26.0,Sleep & Lounge,102969,149483,26694,2024-01-07,26.00,À VÉRIFIER,PROCESSING_ORDER,Commande encore en traitement : chiffre d'affaires à vérifier.
1740,103002,149531,15284,2024-01-21,Returned,Returned,EXCLUE_METIER,50.0,Plus,103002,149531,15284,2024-01-21,50.00,EXCLUE PAR RÈGLE MÉTIER,RETURNED_ORDER,Commande retournée : exclusion métier du chiffre d'affaires.
1744,103606,150388,23019,2024-01-05,Processing,Processing,A_VERIFIER_ETAT,68.0,Shorts,103606,150388,23019,2024-01-05,68.00,À VÉRIFIER,PROCESSING_ORDER,Commande encore en traitement : chiffre d'affaires à vérifier.
1745,103794,150663,233,2024-01-05,Returned,Returned,EXCLUE_METIER,27.950000762939453,Tops & Tees,103794,150663,233,2024-01-05,27.95,EXCLUE PAR RÈGLE MÉTIER,RETURNED_ORDER,Commande retournée : exclusion métier du chiffre d'affaires.
1746,103794,150664,11153,2024-01-04,Returned,Returned,EXCLUE_METIER,28.0,Intimates,103794,150664,11153,2024-01-04,28.00,EXCLUE PAR RÈGLE MÉTIER,RETURNED_ORDER,Commande retournée : exclusion métier du chiffre d'affaires.
1747,103844,150747,27851,2024-01-18,Processing,Processing,A_VERIFIER_ETAT,69.5,Swim,103844,150747,27851,2024-01-18,69.50,À VÉRIFIER,PROCESSING_ORDER,Commande encore en traitement : chiffre d'affaires à vérifier.
1748,103844,150748,22278,2024-01-18,Processing,Processing,A_VERIFIER_ETAT,117.98999786376952,Pants,103844,150748,22278,2024-01-18,117.99,À VÉRIFIER,PROCESSING_ORDER,Commande encore en traitement : chiffre d'affaires à vérifier.
1749,103868,150781,25650,2024-01-18,Cancelled,Cancelled,EXCLUE_METIER,25.0,Underwear,103868,150781,25650,2024-01-18,25.00,EXCLUE PAR RÈGLE MÉTIER,CANCELLED_ORDER,Commande annulée : exclusion métier du chiffre d'affaires.
1750,104183,151244,16008,2024-01-12,Returned,Returned,EXCLUE_METIER,178.0,Tops & Tees,104183,151244,16008,2024-01-12,178.00,EXCLUE PAR RÈGLE MÉTIER,RETURNED_ORDER,Commande retournée : exclusion métier du chiffre d'affaires.
1758,104683,151964,21228,2024-01-01,Processing,Processing,A_VERIFIER_ETAT,98.0,Jeans,104683,151964,21228,2024-01-01,98.00,À VÉRIFIER,PROCESSING_ORDER,Commande encore en traitement : chiffre d'affaires à vérifier.
1759,104683,151965,26724,2024-01-04,Processing,Processing,A_VERIFIER_ETAT,52.5,Sleep & Lounge,104683,151965,26724,2024-01-04,52.50,À VÉRIFIER,PROCESSING_ORDER,Commande encore en traitement : chiffre d'affaires à vérifier.
1760,104721,152017,1542,2024-01-04,Returned,Returned,EXCLUE_METIER,56.91999816894531,Fashion Hoodies & Sweatshirts,104721,152017,1542,2024-01-04,56.92,EXCLUE PAR RÈGLE MÉTIER,RETURNED_ORDER,Commande retournée : exclusion métier du chiffre d'affaires.
1761,104721,152018,9841,2024-01-06,Returned,Returned,EXCLUE_METIER,16.989999771118164,Sleep & Lounge,104721,152018,9841,2024-01-06,16.99,EXCLUE PAR RÈGLE MÉTIER,RETURNED_ORDER,Commande retournée : exclusion métier du chiffre d'affaires.
1763,104738,152039,22124,2024-01-12,Returned,Returned,EXCLUE_METIER,44.900001525878906,Pants,104738,152039,22124,2024-01-12,44.90,EXCLUE PAR RÈGLE MÉTIER,RETURNED_ORDER,Commande retournée : exclusion métier du chiffre d'affaires.
1764,104738,152040,26841,2024-01-13,Returned,Returned,EXCLUE_METIER,25.0,Sleep & Lounge,104738,152040,26841,2024-01-13,25.00,EXCLUE PAR RÈGLE MÉTIER,RETURNED_ORDER,Commande retournée : exclusion métier du chiffre d'affaires.
1773,105313,152878,15003,2024-01-18,Processing,Processing,A_VERIFIER_ETAT,13.949999809265137,Maternity,105313,152878,15003,2024-01-18,13.95,À VÉRIFIER,PROCESSING_ORDER,Commande encore en traitement : chiffre d'affaires à vérifier.
1774,105332,152913,18465,2024-01-20,Processing,Processing,A_VERIFIER_ETAT,60.0,Active,105332,152913,18465,2024-01-20,60.00,À VÉRIFIER,PROCESSING_ORDER,Commande encore en traitement : chiffre d'affaires à vérifier.
1776,105644,153387,6446,2024-01-04,Processing,Processing,A_VERIFIER_ETAT,6.980000019073486,Shorts,105644,153387,6446,2024-01-04,6.98,À VÉRIFIER,PROCESSING_ORDER,Commande encore en traitement : chiffre d'affaires à vérifier.
1777,105680,153445,19193,2024-01-13,Processing,Processing,A_VERIFIER_ETAT,100.0,Sweaters,105680,153445,19193,2024-01-13,100.00,À VÉRIFIER,PROCESSING_ORDER,Commande encore en traitement : chiffre d'affaires à vérifier.
1782,105803,153626,8798,2024-01-15,Returned,Returned,EXCLUE_METIER,110.0,Outerwear & Coats,105803,153626,8798,2024-01-15,110.00,EXCLUE PAR RÈGLE MÉTIER,RETURNED_ORDER,Commande retournée : exclusion métier du chiffre d'affaires.
1783,105803,153627,4525,2024-01-17,Returned,Returned,EXCLUE_METIER,36.9900016784668,Jeans,105803,153627,4525,2024-01-17,36.99,EXCLUE PAR RÈGLE MÉTIER,RETURNED_ORDER,Commande retournée : exclusion métier du chiffre d'affaires.
1784,105803,153628,7109,2024-01-18,Returned,Returned,EXCLUE_METIER,34.9900016784668,Skirts,105803,153628,7109,2024-01-18,34.99,EXCLUE PAR RÈGLE MÉTIER,RETURNED_ORDER,Commande retournée : exclusion métier du chiffre d'affaires.
1786,105927,153824,23725,2024-01-01,Returned,Returned,EXCLUE_METIER,80.98999786376953,Outerwear & Coats,105927,153824,23725,2024-01-01,80.99,EXCLUE PAR RÈGLE MÉTIER,RETURNED_ORDER,Commande retournée : exclusion métier du chiffre d'affaires.
1788,106011,153942,18806,2024-01-24,Returned,Returned,EXCLUE_METIER,65.0,Sweaters,106011,153942,18806,2024-01-24,65.00,EXCLUE PAR RÈGLE MÉTIER,RETURNED_ORDER,Commande retournée : exclusion métier du chiffre d'affaires.
1789,106011,153943,26885,2024-01-24,Returned,Returned,EXCLUE_METIER,19.989999771118164,Sleep & Lounge,106011,153943,26885,2024-01-24,19.99,EXCLUE PAR RÈGLE MÉTIER,RETURNED_ORDER,Commande retournée : exclusion métier du chiffre d'affaires.
1790,106011,153944,28902,2024-01-21,Returned,Returned,EXCLUE_METIER,31.950000762939453,Accessories,106011,153944,28902,2024-01-21,31.95,EXCLUE PAR RÈGLE MÉTIER,RETURNED_ORDER,Commande retournée : exclusion métier du chiffre d'affaires.
1791,106011,153945,22022,2024-01-21,Returned,Returned,EXCLUE_METIER,29.950000762939453,Pants,106011,153945,22022,2024-01-21,29.95,EXCLUE PAR RÈGLE MÉTIER,RETURNED_ORDER,Commande retournée : exclusion métier du chiffre d'affaires.
1801,106240,154288,26901,2024-01-08,Processing,Processing,A_VERIFIER_ETAT,399.9500122070313,Sleep & Lounge,106240,154288,26901,2024-01-08,399.95,À VÉRIFIER,PROCESSING_ORDER,Commande encore en traitement : chiffre d'affaires à vérifier.
1802,106240,154289,28305,2024-01-08,Processing,Processing,A_VERIFIER_ETAT,75.11000061035155,Accessories,106240,154289,28305,2024-01-08,75.11,À VÉRIFIER,PROCESSING_ORDER,Commande encore en traitement : chiffre d'affaires à vérifier.
1805,106263,154318,20303,2024-01-04,Processing,Processing,A_VERIFIER_ETAT,149.99000549316406,Suits & Sport Coats,106263,154318,20303,2024-01-04,149.99,À VÉRIFIER,PROCESSING_ORDER,Commande encore en traitement : chiffre d'affaires à vérifier.
1807,106366,154466,3542,2024-01-17,Processing,Processing,A_VERIFIER_ETAT,10.619999885559082,Dresses,106366,154466,3542,2024-01-17,10.62,À VÉRIFIER,PROCESSING_ORDER,Commande encore en traitement : chiffre d'affaires à vérifier.
1808,106380,154484,15025,2024-01-19,Cancelled,Cancelled,EXCLUE_METIER,54.0,Maternity,106380,154484,15025,2024-01-19,54.00,EXCLUE PAR RÈGLE MÉTIER,CANCELLED_ORDER,Commande annulée : exclusion métier du chiffre d'affaires.
1809,106380,154485,12475,2024-01-19,Cancelled,Cancelled,EXCLUE_METIER,40.9900016784668,Intimates,106380,154485,12475,2024-01-19,40.99,EXCLUE PAR RÈGLE MÉTIER,CANCELLED_ORDER,Commande annulée : exclusion métier du chiffre d'affaires.
1811,106556,154737,25743,2024-01-31,Processing,Processing,A_VERIFIER_ETAT,39.9900016784668,Underwear,106556,154737,25743,2024-01-31,39.99,À VÉRIFIER,PROCESSING_ORDER,Commande encore en traitement : chiffre d'affaires à vérifier.
1814,106662,154890,26375,2024-01-16,Cancelled,Cancelled,EXCLUE_METIER,28.0,Underwear,106662,154890,26375,2024-01-16,28.00,EXCLUE PAR RÈGLE MÉTIER,CANCELLED_ORDER,Commande annulée : exclusion métier du chiffre d'affaires.
1815,106662,154891,18403,2024-01-17,Cancelled,Cancelled,EXCLUE_METIER,62.0,Active,106662,154891,18403,2024-01-17,62.00,EXCLUE PAR RÈGLE MÉTIER,CANCELLED_ORDER,Commande annulée : exclusion métier du chiffre d'affaires.
1816,106759,155022,14303,2024-01-29,Returned,Returned,EXCLUE_METIER,19.989999771118164,Accessories,106759,155022,14303,2024-01-29,19.99,EXCLUE PAR RÈGLE MÉTIER,RETURNED_ORDER,Commande retournée : exclusion métier du chiffre d'affaires.
1817,106759,155023,12365,2024-01-29,Returned,Returned,EXCLUE_METIER,41.950000762939446,Intimates,106759,155023,12365,2024-01-29,41.95,EXCLUE PAR RÈGLE MÉTIER,RETURNED_ORDER,Commande retournée : exclusion métier du chiffre d'affaires.
1818,106908,155232,2787,2024-01-04,Cancelled,Cancelled,EXCLUE_METIER,40.0,Active,106908,155232,2787,2024-01-04,40.00,EXCLUE PAR RÈGLE MÉTIER,CANCELLED_ORDER,Commande annulée : exclusion métier du chiffre d'affaires.
1819,107004,155362,9624,2024-01-06,Returned,Returned,EXCLUE_METIER,79.98999786376953,Sleep & Lounge,107004,155362,9624,2024-01-06,79.99,EXCLUE PAR RÈGLE MÉTIER,RETURNED_ORDER,Commande retournée : exclusion métier du chiffre d'affaires.
1820,107027,155392,19644,2024-01-05,Returned,Returned,EXCLUE_METIER,33.9900016784668,Sweaters,107027,155392,19644,2024-01-05,33.99,EXCLUE PAR RÈGLE MÉTIER,RETURNED_ORDER,Commande retournée : exclusion métier du chiffre d'affaires.
1827,107237,155683,4938,2024-01-21,Cancelled,Cancelled,EXCLUE_METIER,82.0,Jeans,107237,155683,4938,2024-01-21,82.00,EXCLUE PAR RÈGLE MÉTIER,CANCELLED_ORDER,Commande annulée : exclusion métier du chiffre d'affaires.
1829,107534,156105,21837,2024-01-14,Cancelled,Cancelled,EXCLUE_METIER,44.9900016784668,Pants,107534,156105,21837,2024-01-14,44.99,EXCLUE PAR RÈGLE MÉTIER,CANCELLED_ORDER,Commande annulée : exclusion métier du chiffre d'affaires.
1832,107847,156544,13072,2024-01-08,Cancelled,Cancelled,EXCLUE_METIER,39.950000762939446,Swim,107847,156544,13072,2024-01-08,39.95,EXCLUE PAR RÈGLE MÉTIER,CANCELLED_ORDER,Commande annulée : exclusion métier du chiffre d'affaires.
1833,107857,156556,11044,2024-01-04,Cancelled,Cancelled,EXCLUE_METIER,10.0,Intimates,107857,156556,11044,2024-01-04,10.00,EXCLUE PAR RÈGLE MÉTIER,CANCELLED_ORDER,Commande annulée : exclusion métier du chiffre d'affaires.
1847,108261,157153,16639,2024-01-08,Returned,Returned,EXCLUE_METIER,55.0,Tops & Tees,108261,157153,16639,2024-01-08,55.00,EXCLUE PAR RÈGLE MÉTIER,RETURNED_ORDER,Commande retournée : exclusion métier du chiffre d'affaires.
1848,108371,157319,18941,2024-01-09,Returned,Returned,EXCLUE_METIER,29.989999771118164,Sweaters,108371,157319,18941,2024-01-09,29.99,EXCLUE PAR RÈGLE MÉTIER,RETURNED_ORDER,Commande retournée : exclusion métier du chiffre d'affaires.
1849,108371,157320,22144,2024-01-06,Returned,Returned,EXCLUE_METIER,61.9900016784668,Pants,108371,157320,22144,2024-01-06,61.99,EXCLUE PAR RÈGLE MÉTIER,RETURNED_ORDER,Commande retournée : exclusion métier du chiffre d'affaires.
1850,108371,157321,28792,2024-01-05,Returned,Returned,EXCLUE_METIER,18.989999771118164,Accessories,108371,157321,28792,2024-01-05,18.99,EXCLUE PAR RÈGLE MÉTIER,RETURNED_ORDER,Commande retournée : exclusion métier du chiffre d'affaires.
1851,108371,157322,24170,2024-01-09,Returned,Returned,EXCLUE_METIER,379.0,Outerwear & Coats,108371,157322,24170,2024-01-09,379.00,EXCLUE PAR RÈGLE MÉTIER,RETURNED_ORDER,Commande retournée : exclusion métier du chiffre d'affaires.
1852,108377,157330,3384,2024-01-25,Processing,Processing,A_VERIFIER_ETAT,148.0,Dresses,108377,157330,3384,2024-01-25,148.00,À VÉRIFIER,PROCESSING_ORDER,Commande encore en traitement : chiffre d'affaires à vérifier.
1854,108652,157736,15600,2024-01-26,Processing,Processing,A_VERIFIER_ETAT,6.949999809265137,Plus,108652,157736,15600,2024-01-26,6.95,À VÉRIFIER,PROCESSING_ORDER,Commande encore en traitement : chiffre d'affaires à vérifier.
1856,108763,157883,22426,2024-01-05,Processing,Processing,A_VERIFIER_ETAT,65.0,Pants,108763,157883,22426,2024-01-05,65.00,À VÉRIFIER,PROCESSING_ORDER,Commande encore en traitement : chiffre d'affaires à vérifier.
1857,108763,157884,20952,2024-01-05,Processing,Processing,A_VERIFIER_ETAT,242.0,Jeans,108763,157884,20952,2024-01-05,242.00,À VÉRIFIER,PROCESSING_ORDER,Commande encore en traitement : chiffre d'affaires à vérifier.
1861,109086,158339,12628,2024-01-27,Processing,Processing,A_VERIFIER_ETAT,4.099999904632568,Intimates,109086,158339,12628,2024-01-27,4.10,À VÉRIFIER,PROCESSING_ORDER,Commande encore en traitement : chiffre d'affaires à vérifier.
1862,109086,158340,9179,2024-01-29,Processing,Processing,A_VERIFIER_ETAT,12.989999771118164,Socks & Hosiery,109086,158340,9179,2024-01-29,12.99,À VÉRIFIER,PROCESSING_ORDER,Commande encore en traitement : chiffre d'affaires à vérifier.
1863,109086,158341,10953,2024-01-29,Processing,Processing,A_VERIFIER_ETAT,10.5,Intimates,109086,158341,10953,2024-01-29,10.50,À VÉRIFIER,PROCESSING_ORDER,Commande encore en traitement : chiffre d'affaires à vérifier.
1868,109304,158679,24693,2024-01-03,Processing,Processing,A_VERIFIER_ETAT,9.989999771118164,Socks,109304,158679,24693,2024-01-03,9.99,À VÉRIFIER,PROCESSING_ORDER,Commande encore en traitement : chiffre d'affaires à vérifier.
1871,109566,159062,711,2024-01-28,Processing,Processing,A_VERIFIER_ETAT,64.0,Tops & Tees,109566,159062,711,2024-01-28,64.00,À VÉRIFIER,PROCESSING_ORDER,Commande encore en traitement : chiffre d'affaires à vérifier.
1874,109899,159541,18002,2024-01-26,Cancelled,Cancelled,EXCLUE_METIER,60.0,Fashion Hoodies & Sweatshirts,109899,159541,18002,2024-01-26,60.00,EXCLUE PAR RÈGLE MÉTIER,CANCELLED_ORDER,Commande annulée : exclusion métier du chiffre d'affaires.
1882,110246,160035,8957,2024-01-14,Returned,Returned,EXCLUE_METIER,15.239999771118164,Socks & Hosiery,110246,160035,8957,2024-01-14,15.24,EXCLUE PAR RÈGLE MÉTIER,RETURNED_ORDER,Commande retournée : exclusion métier du chiffre d'affaires.
1887,110505,160410,19724,2024-01-31,Returned,Returned,EXCLUE_METIER,49.4900016784668,Sweaters,110505,160410,19724,2024-01-31,49.49,EXCLUE PAR RÈGLE MÉTIER,RETURNED_ORDER,Commande retournée : exclusion métier du chiffre d'affaires.
1889,110814,160864,27325,2024-01-01,Processing,Processing,A_VERIFIER_ETAT,69.94999694824219,Sleep & Lounge,110814,160864,27325,2024-01-01,69.95,À VÉRIFIER,PROCESSING_ORDER,Commande encore en traitement : chiffre d'affaires à vérifier.
1890,110814,160865,22194,2024-01-04,Processing,Processing,A_VERIFIER_ETAT,64.98999786376953,Pants,110814,160865,22194,2024-01-04,64.99,À VÉRIFIER,PROCESSING_ORDER,Commande encore en traitement : chiffre d'affaires à vérifier.
1891,111167,161371,19535,2024-01-15,Cancelled,Cancelled,EXCLUE_METIER,78.75,Sweaters,111167,161371,19535,2024-01-15,78.75,EXCLUE PAR RÈGLE MÉTIER,CANCELLED_ORDER,Commande annulée : exclusion métier du chiffre d'affaires.
1894,111300,161561,27199,2024-01-21,Processing,Processing,A_VERIFIER_ETAT,62.5099983215332,Sleep & Lounge,111300,161561,27199,2024-01-21,62.51,À VÉRIFIER,PROCESSING_ORDER,Commande encore en traitement : chiffre d'affaires à vérifier.
1895,111300,161562,16303,2024-01-21,Processing,Processing,A_VERIFIER_ETAT,25.0,Tops & Tees,111300,161562,16303,2024-01-21,25.00,À VÉRIFIER,PROCESSING_ORDER,Commande encore en traitement : chiffre d'affaires à vérifier.
1897,111399,161704,5024,2024-01-25,Processing,Processing,A_VERIFIER_ETAT,27.899999618530277,Jeans,111399,161704,5024,2024-01-25,27.90,À VÉRIFIER,PROCESSING_ORDER,Commande encore en traitement : chiffre d'affaires à vérifier.
1898,111445,161773,24588,2024-01-21,Processing,Processing,A_VERIFIER_ETAT,18.299999237060547,Socks,111445,161773,24588,2024-01-21,18.30,À VÉRIFIER,PROCESSING_ORDER,Commande encore en traitement : chiffre d'affaires à vérifier.
1902,111822,162286,16027,2024-01-19,Cancelled,Cancelled,EXCLUE_METIER,130.0,Tops & Tees,111822,162286,16027,2024-01-19,130.00,EXCLUE PAR RÈGLE MÉTIER,CANCELLED_ORDER,Commande annulée : exclusion métier du chiffre d'affaires.
1904,111859,162344,22995,2024-01-12,Returned,Returned,EXCLUE_METIER,65.0,Shorts,111859,162344,22995,2024-01-12,65.00,EXCLUE PAR RÈGLE MÉTIER,RETURNED_ORDER,Commande retournée : exclusion métier du chiffre d'affaires.
1906,112331,163025,7548,2024-01-04,Returned,Returned,EXCLUE_METIER,238.97999572753903,Blazers & Jackets,112331,163025,7548,2024-01-04,238.98,EXCLUE PAR RÈGLE MÉTIER,RETURNED_ORDER,Commande retournée : exclusion métier du chiffre d'affaires.
1914,112640,163490,28584,2024-01-25,Cancelled,Cancelled,EXCLUE_METIER,39.9900016784668,Accessories,112640,163490,28584,2024-01-25,39.99,EXCLUE PAR RÈGLE MÉTIER,CANCELLED_ORDER,Commande annulée : exclusion métier du chiffre d'affaires.
1916,112866,163811,14147,2024-01-28,Returned,Returned,EXCLUE_METIER,16.950000762939453,Accessories,112866,163811,14147,2024-01-28,16.95,EXCLUE PAR RÈGLE MÉTIER,RETURNED_ORDER,Commande retournée : exclusion métier du chiffre d'affaires.
1917,112866,163812,3854,2024-01-28,Returned,Returned,EXCLUE_METIER,70.98999786376953,Dresses,112866,163812,3854,2024-01-28,70.99,EXCLUE PAR RÈGLE MÉTIER,RETURNED_ORDER,Commande retournée : exclusion métier du chiffre d'affaires.
1918,112866,163813,4152,2024-01-26,Returned,Returned,EXCLUE_METIER,15.8100004196167,Jumpsuits & Rompers,112866,163813,4152,2024-01-26,15.81,EXCLUE PAR RÈGLE MÉTIER,RETURNED_ORDER,Commande retournée : exclusion métier du chiffre d'affaires.
1919,112866,163814,4969,2024-01-28,Returned,Returned,EXCLUE_METIER,46.220001220703125,Jeans,112866,163814,4969,2024-01-28,46.22,EXCLUE PAR RÈGLE MÉTIER,RETURNED_ORDER,Commande retournée : exclusion métier du chiffre d'affaires.
1921,113006,164024,19390,2024-01-21,Processing,Processing,A_VERIFIER_ETAT,40.0,Sweaters,113006,164024,19390,2024-01-21,40.00,À VÉRIFIER,PROCESSING_ORDER,Commande encore en traitement : chiffre d'affaires à vérifier.
1922,113006,164025,27605,2024-01-17,Processing,Processing,A_VERIFIER_ETAT,55.0,Swim,113006,164025,27605,2024-01-17,55.00,À VÉRIFIER,PROCESSING_ORDER,Commande encore en traitement : chiffre d'affaires à vérifier.
1923,113282,164428,9433,2024-01-29,Processing,Processing,A_VERIFIER_ETAT,25.0,Socks & Hosiery,113282,164428,9433,2024-01-29,25.00,À VÉRIFIER,PROCESSING_ORDER,Commande encore en traitement : chiffre d'affaires à vérifier.
1926,113478,164716,17752,2024-01-01,Returned,Returned,EXCLUE_METIER,26.340000152587887,Fashion Hoodies & Sweatshirts,113478,164716,17752,2024-01-01,26.34,EXCLUE PAR RÈGLE MÉTIER,RETURNED_ORDER,Commande retournée : exclusion métier du chiffre d'affaires.
1927,113478,164717,29020,2024-01-04,Returned,Returned,EXCLUE_METIER,12.0,Accessories,113478,164717,29020,2024-01-04,12.00,EXCLUE PAR RÈGLE MÉTIER,RETURNED_ORDER,Commande retournée : exclusion métier du chiffre d'affaires.
1928,113720,165073,11372,2024-01-18,Returned,Returned,EXCLUE_METIER,12.989999771118164,Intimates,113720,165073,11372,2024-01-18,12.99,EXCLUE PAR RÈGLE MÉTIER,RETURNED_ORDER,Commande retournée : exclusion métier du chiffre d'affaires.
1937,114455,166176,4007,2024-01-12,Cancelled,Cancelled,EXCLUE_METIER,149.0,Dresses,114455,166176,4007,2024-01-12,149.00,EXCLUE PAR RÈGLE MÉTIER,CANCELLED_ORDER,Commande annulée : exclusion métier du chiffre d'affaires.
1938,114475,166207,24916,2024-01-08,Processing,Processing,A_VERIFIER_ETAT,6.739999771118164,Socks,114475,166207,24916,2024-01-08,6.74,À VÉRIFIER,PROCESSING_ORDER,Commande encore en traitement : chiffre d'affaires à vérifier.
1940,114807,166706,927,2024-01-02,Processing,Processing,A_VERIFIER_ETAT,75.0,Sweaters,114807,166706,927,2024-01-02,75.00,À VÉRIFIER,PROCESSING_ORDER,Commande encore en traitement : chiffre d'affaires à vérifier.
1947,115375,167514,6151,2024-01-29,Returned,Returned,EXCLUE_METIER,21.950000762939453,Leggings,115375,167514,6151,2024-01-29,21.95,EXCLUE PAR RÈGLE MÉTIER,RETURNED_ORDER,Commande retournée : exclusion métier du chiffre d'affaires.
1948,115378,167517,25918,2024-01-07,Processing,Processing,A_VERIFIER_ETAT,31.989999771118164,Underwear,115378,167517,25918,2024-01-07,31.99,À VÉRIFIER,PROCESSING_ORDER,Commande encore en traitement : chiffre d'affaires à vérifier.
1949,115378,167518,16634,2024-01-04,Processing,Processing,A_VERIFIER_ETAT,25.0,Tops & Tees,115378,167518,16634,2024-01-04,25.00,À VÉRIFIER,PROCESSING_ORDER,Commande encore en traitement : chiffre d'affaires à vérifier.
1950,115409,167556,20753,2024-01-16,Cancelled,Cancelled,EXCLUE_METIER,79.98999786376953,Jeans,115409,167556,20753,2024-01-16,79.99,EXCLUE PAR RÈGLE MÉTIER,CANCELLED_ORDER,Commande annulée : exclusion métier du chiffre d'affaires.
1951,115409,167557,25675,2024-01-19,Cancelled,Cancelled,EXCLUE_METIER,24.950000762939453,Underwear,115409,167557,25675,2024-01-19,24.95,EXCLUE PAR RÈGLE MÉTIER,CANCELLED_ORDER,Commande annulée : exclusion métier du chiffre d'affaires.
1955,115622,167855,26801,2024-01-07,Cancelled,Cancelled,EXCLUE_METIER,29.950000762939453,Sleep & Lounge,115622,167855,26801,2024-01-07,29.95,EXCLUE PAR RÈGLE MÉTIER,CANCELLED_ORDER,Commande annulée : exclusion métier du chiffre d'affaires.
1956,115628,167862,10102,2024-01-17,Processing,Processing,A_VERIFIER_ETAT,72.0,Sleep & Lounge,115628,167862,10102,2024-01-17,72.00,À VÉRIFIER,PROCESSING_ORDER,Commande encore en traitement : chiffre d'affaires à vérifier.
1962,116258,168774,18469,2024-01-17,Processing,Processing,A_VERIFIER_ETAT,26.989999771118164,Active,116258,168774,18469,2024-01-17,26.99,À VÉRIFIER,PROCESSING_ORDER,Commande encore en traitement : chiffre d'affaires à vérifier.
1963,116258,168775,16655,2024-01-17,Processing,Processing,A_VERIFIER_ETAT,28.0,Tops & Tees,116258,168775,16655,2024-01-17,28.00,À VÉRIFIER,PROCESSING_ORDER,Commande encore en traitement : chiffre d'affaires à vérifier.
1968,116475,169095,19072,2024-01-11,Returned,Returned,EXCLUE_METIER,115.0,Sweaters,116475,169095,19072,2024-01-11,115.00,EXCLUE PAR RÈGLE MÉTIER,RETURNED_ORDER,Commande retournée : exclusion métier du chiffre d'affaires.
1969,116475,169096,24964,2024-01-08,Returned,Returned,EXCLUE_METIER,20.0,Socks,116475,169096,24964,2024-01-08,20.00,EXCLUE PAR RÈGLE MÉTIER,RETURNED_ORDER,Commande retournée : exclusion métier du chiffre d'affaires.
1970,116475,169097,27285,2024-01-12,Returned,Returned,EXCLUE_METIER,24.989999771118164,Sleep & Lounge,116475,169097,27285,2024-01-12,24.99,EXCLUE PAR RÈGLE MÉTIER,RETURNED_ORDER,Commande retournée : exclusion métier du chiffre d'affaires.
1971,116475,169098,21815,2024-01-10,Returned,Returned,EXCLUE_METIER,49.9900016784668,Pants,116475,169098,21815,2024-01-10,49.99,EXCLUE PAR RÈGLE MÉTIER,RETURNED_ORDER,Commande retournée : exclusion métier du chiffre d'affaires.
1972,116480,169105,17222,2024-01-09,Cancelled,Cancelled,EXCLUE_METIER,38.0,Fashion Hoodies & Sweatshirts,116480,169105,17222,2024-01-09,38.00,EXCLUE PAR RÈGLE MÉTIER,CANCELLED_ORDER,Commande annulée : exclusion métier du chiffre d'affaires.
1973,116480,169106,28444,2024-01-12,Cancelled,Cancelled,EXCLUE_METIER,24.989999771118164,Accessories,116480,169106,28444,2024-01-12,24.99,EXCLUE PAR RÈGLE MÉTIER,CANCELLED_ORDER,Commande annulée : exclusion métier du chiffre d'affaires.
1977,116623,169305,4112,2024-01-27,Processing,Processing,A_VERIFIER_ETAT,11.079999923706056,Jumpsuits & Rompers,116623,169305,4112,2024-01-27,11.08,À VÉRIFIER,PROCESSING_ORDER,Commande encore en traitement : chiffre d'affaires à vérifier.
1979,116656,169353,25974,2024-01-08,Returned,Returned,EXCLUE_METIER,26.0,Underwear,116656,169353,25974,2024-01-08,26.00,EXCLUE PAR RÈGLE MÉTIER,RETURNED_ORDER,Commande retournée : exclusion métier du chiffre d'affaires.
1980,116656,169354,16771,2024-01-10,Returned,Returned,EXCLUE_METIER,34.9900016784668,Tops & Tees,116656,169354,16771,2024-01-10,34.99,EXCLUE PAR RÈGLE MÉTIER,RETURNED_ORDER,Commande retournée : exclusion métier du chiffre d'affaires.
1981,116656,169355,16230,2024-01-11,Returned,Returned,EXCLUE_METIER,49.950000762939446,Tops & Tees,116656,169355,16230,2024-01-11,49.95,EXCLUE PAR RÈGLE MÉTIER,RETURNED_ORDER,Commande retournée : exclusion métier du chiffre d'affaires.
1984,117141,170037,26798,2024-01-11,Processing,Processing,A_VERIFIER_ETAT,45.0,Sleep & Lounge,117141,170037,26798,2024-01-11,45.00,À VÉRIFIER,PROCESSING_ORDER,Commande encore en traitement : chiffre d'affaires à vérifier.
1985,117163,170068,14582,2024-01-18,Processing,Processing,A_VERIFIER_ETAT,37.61000061035156,Maternity,117163,170068,14582,2024-01-18,37.61,À VÉRIFIER,PROCESSING_ORDER,Commande encore en traitement : chiffre d'affaires à vérifier.
1993,117446,170482,6717,2024-01-26,Cancelled,Cancelled,EXCLUE_METIER,21.989999771118164,Shorts,117446,170482,6717,2024-01-26,21.99,EXCLUE PAR RÈGLE MÉTIER,CANCELLED_ORDER,Commande annulée : exclusion métier du chiffre d'affaires.
1994,117705,170855,1502,2024-01-25,Processing,Processing,A_VERIFIER_ETAT,28.770000457763672,Sweaters,117705,170855,1502,2024-01-25,28.77,À VÉRIFIER,PROCESSING_ORDER,Commande encore en traitement : chiffre d'affaires à vérifier.
1996,117809,170996,24904,2024-01-13,Cancelled,Cancelled,EXCLUE_METIER,12.75,Socks,117809,170996,24904,2024-01-13,12.75,EXCLUE PAR RÈGLE MÉTIER,CANCELLED_ORDER,Commande annulée : exclusion métier du chiffre d'affaires.
1997,117862,171062,944,2024-01-24,Processing,Processing,A_VERIFIER_ETAT,46.59999847412109,Sweaters,117862,171062,944,2024-01-24,46.60,À VÉRIFIER,PROCESSING_ORDER,Commande encore en traitement : chiffre d'affaires à vérifier.
2000,118191,171553,22036,2024-01-09,Cancelled,Cancelled,EXCLUE_METIER,44.9900016784668,Pants,118191,171553,22036,2024-01-09,44.99,EXCLUE PAR RÈGLE MÉTIER,CANCELLED_ORDER,Commande annulée : exclusion métier du chiffre d'affaires.
2001,118251,171641,24937,2024-01-25,Processing,Processing,A_VERIFIER_ETAT,24.0,Socks,118251,171641,24937,2024-01-25,24.00,À VÉRIFIER,PROCESSING_ORDER,Commande encore en traitement : chiffre d'affaires à vérifier.
2009,118759,172393,21079,2024-01-30,Cancelled,Cancelled,EXCLUE_METIER,118.0,Jeans,118759,172393,21079,2024-01-30,118.00,EXCLUE PAR RÈGLE MÉTIER,CANCELLED_ORDER,Commande annulée : exclusion métier du chiffre d'affaires.
2010,118759,172394,19584,2024-01-29,Cancelled,Cancelled,EXCLUE_METIER,33.9900016784668,Sweaters,118759,172394,19584,2024-01-29,33.99,EXCLUE PAR RÈGLE MÉTIER,CANCELLED_ORDER,Commande annulée : exclusion métier du chiffre d'affaires.
2013,118818,172481,20185,2024-01-27,Cancelled,Cancelled,EXCLUE_METIER,250.0,Suits & Sport Coats,118818,172481,20185,2024-01-27,250.00,EXCLUE PAR RÈGLE MÉTIER,CANCELLED_ORDER,Commande annulée : exclusion métier du chiffre d'affaires.
2014,118818,172482,22079,2024-01-28,Cancelled,Cancelled,EXCLUE_METIER,36.9900016784668,Pants,118818,172482,22079,2024-01-28,36.99,EXCLUE PAR RÈGLE MÉTIER,CANCELLED_ORDER,Commande annulée : exclusion métier du chiffre d'affaires.
2015,118843,172517,19970,2024-01-15,Processing,Processing,A_VERIFIER_ETAT,89.98999786376953,Suits & Sport Coats,118843,172517,19970,2024-01-15,89.99,À VÉRIFIER,PROCESSING_ORDER,Commande encore en traitement : chiffre d'affaires à vérifier.
2018,119080,172882,17762,2024-01-19,Returned,Returned,EXCLUE_METIER,45.950000762939446,Fashion Hoodies & Sweatshirts,119080,172882,17762,2024-01-19,45.95,EXCLUE PAR RÈGLE MÉTIER,RETURNED_ORDER,Commande retournée : exclusion métier du chiffre d'affaires.
2023,119355,173278,73,2024-01-26,Cancelled,Cancelled,EXCLUE_METIER,88.0,Tops & Tees,119355,173278,73,2024-01-26,88.00,EXCLUE PAR RÈGLE MÉTIER,CANCELLED_ORDER,Commande annulée : exclusion métier du chiffre d'affaires.
2024,119355,173279,4625,2024-01-26,Cancelled,Cancelled,EXCLUE_METIER,159.0,Jeans,119355,173279,4625,2024-01-26,159.00,EXCLUE PAR RÈGLE MÉTIER,CANCELLED_ORDER,Commande annulée : exclusion métier du chiffre d'affaires.
2025,119371,173301,24819,2024-01-01,Processing,Processing,A_VERIFIER_ETAT,10.890000343322754,Socks,119371,173301,24819,2024-01-01,10.89,À VÉRIFIER,PROCESSING_ORDER,Commande encore en traitement : chiffre d'affaires à vérifier.
2026,119373,173303,19903,2024-01-02,Processing,Processing,A_VERIFIER_ETAT,36.180000305175774,Suits & Sport Coats,119373,173303,19903,2024-01-02,36.18,À VÉRIFIER,PROCESSING_ORDER,Commande encore en traitement : chiffre d'affaires à vérifier.
2027,119451,173410,5857,2024-01-12,Returned,Returned,EXCLUE_METIER,6.989999771118164,Leggings,119451,173410,5857,2024-01-12,6.99,EXCLUE PAR RÈGLE MÉTIER,RETURNED_ORDER,Commande retournée : exclusion métier du chiffre d'affaires.
2028,119451,173411,8073,2024-01-09,Returned,Returned,EXCLUE_METIER,59.11000061035156,Suits,119451,173411,8073,2024-01-09,59.11,EXCLUE PAR RÈGLE MÉTIER,RETURNED_ORDER,Commande retournée : exclusion métier du chiffre d'affaires.
2029,119451,173412,7983,2024-01-10,Returned,Returned,EXCLUE_METIER,29.0,Blazers & Jackets,119451,173412,7983,2024-01-10,29.00,EXCLUE PAR RÈGLE MÉTIER,RETURNED_ORDER,Commande retournée : exclusion métier du chiffre d'affaires.
2030,119451,173413,13645,2024-01-09,Returned,Returned,EXCLUE_METIER,43.9900016784668,Accessories,119451,173413,13645,2024-01-09,43.99,EXCLUE PAR RÈGLE MÉTIER,RETURNED_ORDER,Commande retournée : exclusion métier du chiffre d'affaires.
2033,119601,173632,1506,2024-01-07,Cancelled,Cancelled,EXCLUE_METIER,34.9900016784668,Sweaters,119601,173632,1506,2024-01-07,34.99,EXCLUE PAR RÈGLE MÉTIER,CANCELLED_ORDER,Commande annulée : exclusion métier du chiffre d'affaires.
2034,119601,173633,4598,2024-01-08,Cancelled,Cancelled,EXCLUE_METIER,50.09000015258789,Jeans,119601,173633,4598,2024-01-08,50.09,EXCLUE PAR RÈGLE MÉTIER,CANCELLED_ORDER,Commande annulée : exclusion métier du chiffre d'affaires.
2035,119601,173634,12863,2024-01-07,Cancelled,Cancelled,EXCLUE_METIER,19.989999771118164,Swim,119601,173634,12863,2024-01-07,19.99,EXCLUE PAR RÈGLE MÉTIER,CANCELLED_ORDER,Commande annulée : exclusion métier du chiffre d'affaires.
2036,119601,173635,15418,2024-01-07,Cancelled,Cancelled,EXCLUE_METIER,16.5,Plus,119601,173635,15418,2024-01-07,16.50,EXCLUE PAR RÈGLE MÉTIER,CANCELLED_ORDER,Commande annulée : exclusion métier du chiffre d'affaires.
2038,119618,173663,14846,2024-01-25,Processing,Processing,A_VERIFIER_ETAT,44.25,Maternity,119618,173663,14846,2024-01-25,44.25,À VÉRIFIER,PROCESSING_ORDER,Commande encore en traitement : chiffre d'affaires à vérifier.
2041,119809,173950,25032,2024-01-30,Cancelled,Cancelled,EXCLUE_METIER,9.989999771118164,Socks,119809,173950,25032,2024-01-30,9.99,EXCLUE PAR RÈGLE MÉTIER,CANCELLED_ORDER,Commande annulée : exclusion métier du chiffre d'affaires.
2046,119953,174165,20138,2024-01-30,Processing,Processing,A_VERIFIER_ETAT,89.98999786376953,Suits & Sport Coats,119953,174165,20138,2024-01-30,89.99,À VÉRIFIER,PROCESSING_ORDER,Commande encore en traitement : chiffre d'affaires à vérifier.
2047,119959,174171,26798,2024-01-07,Cancelled,Cancelled,EXCLUE_METIER,45.0,Sleep & Lounge,119959,174171,26798,2024-01-07,45.00,EXCLUE PAR RÈGLE MÉTIER,CANCELLED_ORDER,Commande annulée : exclusion métier du chiffre d'affaires.
2054,120251,174578,14700,2024-01-26,Returned,Returned,EXCLUE_METIER,198.0,Maternity,120251,174578,14700,2024-01-26,198.00,EXCLUE PAR RÈGLE MÉTIER,RETURNED_ORDER,Commande retournée : exclusion métier du chiffre d'affaires.
2055,120251,174579,3001,2024-01-29,Returned,Returned,EXCLUE_METIER,59.9900016784668,Active,120251,174579,3001,2024-01-29,59.99,EXCLUE PAR RÈGLE MÉTIER,RETURNED_ORDER,Commande retournée : exclusion métier du chiffre d'affaires.
2056,120251,174580,5160,2024-01-27,Returned,Returned,EXCLUE_METIER,9.050000190734863,Pants & Capris,120251,174580,5160,2024-01-27,9.05,EXCLUE PAR RÈGLE MÉTIER,RETURNED_ORDER,Commande retournée : exclusion métier du chiffre d'affaires.
2057,120431,174837,22609,2024-01-09,Cancelled,Cancelled,EXCLUE_METIER,14.989999771118164,Pants,120431,174837,22609,2024-01-09,14.99,EXCLUE PAR RÈGLE MÉTIER,CANCELLED_ORDER,Commande annulée : exclusion métier du chiffre d'affaires.
2058,120444,174859,19434,2024-01-19,Processing,Processing,A_VERIFIER_ETAT,39.880001068115234,Sweaters,120444,174859,19434,2024-01-19,39.88,À VÉRIFIER,PROCESSING_ORDER,Commande encore en traitement : chiffre d'affaires à vérifier.
2059,120444,174860,16555,2024-01-19,Processing,Processing,A_VERIFIER_ETAT,32.0,Tops & Tees,120444,174860,16555,2024-01-19,32.00,À VÉRIFIER,PROCESSING_ORDER,Commande encore en traitement : chiffre d'affaires à vérifier.
2067,120683,175207,23515,2024-01-05,Returned,Returned,EXCLUE_METIER,33.75,Shorts,120683,175207,23515,2024-01-05,33.75,EXCLUE PAR RÈGLE MÉTIER,RETURNED_ORDER,Commande retournée : exclusion métier du chiffre d'affaires.
2068,120688,175214,19564,2024-01-15,Returned,Returned,EXCLUE_METIER,22.540000915527344,Sweaters,120688,175214,19564,2024-01-15,22.54,EXCLUE PAR RÈGLE MÉTIER,RETURNED_ORDER,Commande retournée : exclusion métier du chiffre d'affaires.
2069,120688,175215,28421,2024-01-14,Returned,Returned,EXCLUE_METIER,19.5,Accessories,120688,175215,28421,2024-01-14,19.50,EXCLUE PAR RÈGLE MÉTIER,RETURNED_ORDER,Commande retournée : exclusion métier du chiffre d'affaires.
2071,121113,175810,13543,2024-01-07,Cancelled,Cancelled,EXCLUE_METIER,86.0,Swim,121113,175810,13543,2024-01-07,86.00,EXCLUE PAR RÈGLE MÉTIER,CANCELLED_ORDER,Commande annulée : exclusion métier du chiffre d'affaires.
2072,121272,176040,24852,2024-01-05,Returned,Returned,EXCLUE_METIER,17.979999542236328,Socks,121272,176040,24852,2024-01-05,17.98,EXCLUE PAR RÈGLE MÉTIER,RETURNED_ORDER,Commande retournée : exclusion métier du chiffre d'affaires.
2073,121406,176234,2,2024-01-19,Processing,Processing,A_VERIFIER_ETAT,69.5,Tops & Tees,121406,176234,2,2024-01-19,69.50,À VÉRIFIER,PROCESSING_ORDER,Commande encore en traitement : chiffre d'affaires à vérifier.
2074,121406,176235,7,2024-01-21,Processing,Processing,A_VERIFIER_ETAT,39.5,Tops & Tees,121406,176235,7,2024-01-21,39.50,À VÉRIFIER,PROCESSING_ORDER,Commande encore en traitement : chiffre d'affaires à vérifier.
2075,121612,176528,19114,2024-01-01,Processing,Processing,A_VERIFIER_ETAT,110.59999847412108,Sweaters,121612,176528,19114,2024-01-01,110.60,À VÉRIFIER,PROCESSING_ORDER,Commande encore en traitement : chiffre d'affaires à vérifier.
2076,121623,176543,8562,2024-01-15,Processing,Processing,A_VERIFIER_ETAT,89.5,Outerwear & Coats,121623,176543,8562,2024-01-15,89.50,À VÉRIFIER,PROCESSING_ORDER,Commande encore en traitement : chiffre d'affaires à vérifier.
2077,121623,176544,7755,2024-01-13,Processing,Processing,A_VERIFIER_ETAT,44.77999877929688,Blazers & Jackets,121623,176544,7755,2024-01-13,44.78,À VÉRIFIER,PROCESSING_ORDER,Commande encore en traitement : chiffre d'affaires à vérifier.
2078,121623,176545,12531,2024-01-15,Processing,Processing,A_VERIFIER_ETAT,8.0,Intimates,121623,176545,12531,2024-01-15,8.00,À VÉRIFIER,PROCESSING_ORDER,Commande encore en traitement : chiffre d'affaires à vérifier.
2081,121909,176969,19831,2024-01-14,Cancelled,Cancelled,EXCLUE_METIER,169.5,Suits & Sport Coats,121909,176969,19831,2024-01-14,169.50,EXCLUE PAR RÈGLE MÉTIER,CANCELLED_ORDER,Commande annulée : exclusion métier du chiffre d'affaires.
2089,122446,177760,20083,2024-01-07,Cancelled,Cancelled,EXCLUE_METIER,105.26000213623048,Suits & Sport Coats,122446,177760,20083,2024-01-07,105.26,EXCLUE PAR RÈGLE MÉTIER,CANCELLED_ORDER,Commande annulée : exclusion métier du chiffre d'affaires.
2090,122553,177923,3427,2024-01-02,Cancelled,Cancelled,EXCLUE_METIER,46.9900016784668,Dresses,122553,177923,3427,2024-01-02,46.99,EXCLUE PAR RÈGLE MÉTIER,CANCELLED_ORDER,Commande annulée : exclusion métier du chiffre d'affaires.
2091,122553,177924,9765,2024-01-02,Cancelled,Cancelled,EXCLUE_METIER,19.989999771118164,Sleep & Lounge,122553,177924,9765,2024-01-02,19.99,EXCLUE PAR RÈGLE MÉTIER,CANCELLED_ORDER,Commande annulée : exclusion métier du chiffre d'affaires.
2092,122631,178032,6460,2024-01-27,Processing,Processing,A_VERIFIER_ETAT,25.0,Shorts,122631,178032,6460,2024-01-27,25.00,À VÉRIFIER,PROCESSING_ORDER,Commande encore en traitement : chiffre d'affaires à vérifier.
2098,123211,178892,23400,2024-01-13,Processing,Processing,A_VERIFIER_ETAT,42.9900016784668,Shorts,123211,178892,23400,2024-01-13,42.99,À VÉRIFIER,PROCESSING_ORDER,Commande encore en traitement : chiffre d'affaires à vérifier.
2104,123462,179255,2395,2024-01-02,Returned,Returned,EXCLUE_METIER,75.0,Fashion Hoodies & Sweatshirts,123462,179255,2395,2024-01-02,75.00,EXCLUE PAR RÈGLE MÉTIER,RETURNED_ORDER,Commande retournée : exclusion métier du chiffre d'affaires.
2107,123513,179327,27790,2024-01-07,Processing,Processing,A_VERIFIER_ETAT,65.0,Swim,123513,179327,27790,2024-01-07,65.00,À VÉRIFIER,PROCESSING_ORDER,Commande encore en traitement : chiffre d'affaires à vérifier.
2110,123655,179525,9423,2024-01-20,Processing,Processing,A_VERIFIER_ETAT,8.0,Socks & Hosiery,123655,179525,9423,2024-01-20,8.00,À VÉRIFIER,PROCESSING_ORDER,Commande encore en traitement : chiffre d'affaires à vérifier.
2111,123655,179526,12558,2024-01-23,Processing,Processing,A_VERIFIER_ETAT,39.9900016784668,Intimates,123655,179526,12558,2024-01-23,39.99,À VÉRIFIER,PROCESSING_ORDER,Commande encore en traitement : chiffre d'affaires à vérifier.
2113,123907,179888,24124,2024-01-13,Processing,Processing,A_VERIFIER_ETAT,19.950000762939453,Outerwear & Coats,123907,179888,24124,2024-01-13,19.95,À VÉRIFIER,PROCESSING_ORDER,Commande encore en traitement : chiffre d'affaires à vérifier.
2114,123907,179889,24198,2024-01-13,Processing,Processing,A_VERIFIER_ETAT,129.99000549316406,Outerwear & Coats,123907,179889,24198,2024-01-13,129.99,À VÉRIFIER,PROCESSING_ORDER,Commande encore en traitement : chiffre d'affaires à vérifier.
2115,123997,180031,27530,2024-01-17,Returned,Returned,EXCLUE_METIER,65.0,Swim,123997,180031,27530,2024-01-17,65.00,EXCLUE PAR RÈGLE MÉTIER,RETURNED_ORDER,Commande retournée : exclusion métier du chiffre d'affaires.
2116,123997,180032,20362,2024-01-16,Returned,Returned,EXCLUE_METIER,171.0,Suits & Sport Coats,123997,180032,20362,2024-01-16,171.00,EXCLUE PAR RÈGLE MÉTIER,RETURNED_ORDER,Commande retournée : exclusion métier du chiffre d'affaires.
2117,123997,180033,25262,2024-01-19,Returned,Returned,EXCLUE_METIER,14.0,Socks,123997,180033,25262,2024-01-19,14.00,EXCLUE PAR RÈGLE MÉTIER,RETURNED_ORDER,Commande retournée : exclusion métier du chiffre d'affaires.
2118,124037,180095,21888,2024-01-16,Processing,Processing,A_VERIFIER_ETAT,89.98999786376953,Pants,124037,180095,21888,2024-01-16,89.99,À VÉRIFIER,PROCESSING_ORDER,Commande encore en traitement : chiffre d'affaires à vérifier.
2119,124037,180096,23249,2024-01-16,Processing,Processing,A_VERIFIER_ETAT,29.8799991607666,Shorts,124037,180096,23249,2024-01-16,29.88,À VÉRIFIER,PROCESSING_ORDER,Commande encore en traitement : chiffre d'affaires à vérifier.
2120,124037,180097,23237,2024-01-17,Processing,Processing,A_VERIFIER_ETAT,62.0,Shorts,124037,180097,23237,2024-01-17,62.00,À VÉRIFIER,PROCESSING_ORDER,Commande encore en traitement : chiffre d'affaires à vérifier.
2121,124037,180098,17280,2024-01-17,Processing,Processing,A_VERIFIER_ETAT,38.0,Fashion Hoodies & Sweatshirts,124037,180098,17280,2024-01-17,38.00,À VÉRIFIER,PROCESSING_ORDER,Commande encore en traitement : chiffre d'affaires à vérifier.
2122,124174,180298,137,2024-01-05,Processing,Processing,A_VERIFIER_ETAT,12.989999771118164,Tops & Tees,124174,180298,137,2024-01-05,12.99,À VÉRIFIER,PROCESSING_ORDER,Commande encore en traitement : chiffre d'affaires à vérifier.
2123,124210,180352,16719,2024-01-10,Processing,Processing,A_VERIFIER_ETAT,14.5,Tops & Tees,124210,180352,16719,2024-01-10,14.50,À VÉRIFIER,PROCESSING_ORDER,Commande encore en traitement : chiffre d'affaires à vérifier.
2125,124349,180548,16998,2024-01-18,Processing,Processing,A_VERIFIER_ETAT,9.989999771118164,Tops & Tees,124349,180548,16998,2024-01-18,9.99,À VÉRIFIER,PROCESSING_ORDER,Commande encore en traitement : chiffre d'affaires à vérifier.
2126,124367,180572,25024,2024-01-10,Returned,Returned,EXCLUE_METIER,25.0,Socks,124367,180572,25024,2024-01-10,25.00,EXCLUE PAR RÈGLE MÉTIER,RETURNED_ORDER,Commande retournée : exclusion métier du chiffre d'affaires.
2128,124989,181468,23247,2024-01-10,Returned,Returned,EXCLUE_METIER,54.0,Shorts,124989,181468,23247,2024-01-10,54.00,EXCLUE PAR RÈGLE MÉTIER,RETURNED_ORDER,Commande retournée : exclusion métier du chiffre d'affaires.
2129,125034,181526,23661,2024-01-07,Processing,Processing,A_VERIFIER_ETAT,45.0,Outerwear & Coats,125034,181526,23661,2024-01-07,45.00,À VÉRIFIER,PROCESSING_ORDER,Commande encore en traitement : chiffre d'affaires à vérifier.
2130,125037,181530,27102,2024-01-09,Cancelled,Cancelled,EXCLUE_METIER,87.5,Sleep & Lounge,125037,181530,27102,2024-01-09,87.50,EXCLUE PAR RÈGLE MÉTIER,CANCELLED_ORDER,Commande annulée : exclusion métier du chiffre d'affaires.
2131,125068,181577,23528,2024-01-27,Cancelled,Cancelled,EXCLUE_METIER,33.54999923706055,Shorts,125068,181577,23528,2024-01-27,33.55,EXCLUE PAR RÈGLE MÉTIER,CANCELLED_ORDER,Commande annulée : exclusion métier du chiffre d'affaires.
2132,125093,181614,9795,2024-01-24,Returned,Returned,EXCLUE_METIER,360.0,Sleep & Lounge,125093,181614,9795,2024-01-24,360.00,EXCLUE PAR RÈGLE MÉTIER,RETURNED_ORDER,Commande retournée : exclusion métier du chiffre d'affaires.
