order_id,order_item_id,product_id,product_category,sale_date_utc,order_status,amount_source_usd,source_currency_assumption,rate_date,usd_per_eur,rate_age_days,amount_eur,rate_source_url
227,331,17683,Fashion Hoodies & Sweatshirts,2024-01-28,COMPLETE,99.95,"USD (POC assumption, unverified)",2024-01-26,1.08710000,2,91.94,https://data-api.ecb.europa.eu/service/data/EXR/D.USD.EUR.SP00.A
571,806,21352,Jeans,2024-01-22,SHIPPED,109.95,"USD (POC assumption, unverified)",2024-01-22,1.08900000,0,100.96,https://data-api.ecb.europa.eu/service/data/EXR/D.USD.EUR.SP00.A
606,857,14035,Accessories,2024-01-02,COMPLETE,39.99,"USD (POC assumption, unverified)",2024-01-02,1.09560000,0,36.50,https://data-api.ecb.europa.eu/service/data/EXR/D.USD.EUR.SP00.A
816,1142,18625,Active,2024-01-05,COMPLETE,68.90,"USD (POC assumption, unverified)",2024-01-05,1.09210000,0,63.09,https://data-api.ecb.europa.eu/service/data/EXR/D.USD.EUR.SP00.A
816,1143,27693,Swim,2024-01-06,COMPLETE,45.00,"USD (POC assumption, unverified)",2024-01-05,1.09210000,1,41.21,https://data-api.ecb.europa.eu/service/data/EXR/D.USD.EUR.SP00.A
959,1343,18733,Active,2024-01-22,COMPLETE,35.00,"USD (POC assumption, unverified)",2024-01-22,1.08900000,0,32.14,https://data-api.ecb.europa.eu/service/data/EXR/D.USD.EUR.SP00.A
1117,1581,7158,Skirts,2024-01-23,SHIPPED,38.00,"USD (POC assumption, unverified)",2024-01-23,1.08720000,0,34.95,https://data-api.ecb.europa.eu/service/data/EXR/D.USD.EUR.SP00.A
1121,1588,28772,Accessories,2024-01-18,SHIPPED,17.32,"USD (POC assumption, unverified)",2024-01-18,1.08750000,0,15.93,https://data-api.ecb.europa.eu/service/data/EXR/D.USD.EUR.SP00.A
1121,1589,26508,Sleep & Lounge,2024-01-21,SHIPPED,74.00,"USD (POC assumption, unverified)",2024-01-19,1.08870000,2,67.97,https://data-api.ecb.europa.eu/service/data/EXR/D.USD.EUR.SP00.A
1308,1871,14282,Accessories,2024-01-09,COMPLETE,14.00,"USD (POC assumption, unverified)",2024-01-09,1.09400000,0,12.80,https://data-api.ecb.europa.eu/service/data/EXR/D.USD.EUR.SP00.A
1422,2028,11562,Intimates,2024-01-01,SHIPPED,10.88,"USD (POC assumption, unverified)",2023-12-29,1.10500000,3,9.85,https://data-api.ecb.europa.eu/service/data/EXR/D.USD.EUR.SP00.A
1464,2086,26993,Sleep & Lounge,2024-01-11,COMPLETE,80.42,"USD (POC assumption, unverified)",2024-01-11,1.09870000,0,73.20,https://data-api.ecb.europa.eu/service/data/EXR/D.USD.EUR.SP00.A
1471,2094,18750,Active,2024-01-12,COMPLETE,12.63,"USD (POC assumption, unverified)",2024-01-12,1.09420000,0,11.54,https://data-api.ecb.europa.eu/service/data/EXR/D.USD.EUR.SP00.A
1471,2095,26187,Underwear,2024-01-11,COMPLETE,8.64,"USD (POC assumption, unverified)",2024-01-11,1.09870000,0,7.86,https://data-api.ecb.europa.eu/service/data/EXR/D.USD.EUR.SP00.A
1471,2096,18527,Active,2024-01-09,COMPLETE,22.00,"USD (POC assumption, unverified)",2024-01-09,1.09400000,0,20.11,https://data-api.ecb.europa.eu/service/data/EXR/D.USD.EUR.SP00.A
1546,2203,4139,Jumpsuits & Rompers,2024-01-06,SHIPPED,11.09,"USD (POC assumption, unverified)",2024-01-05,1.09210000,1,10.15,https://data-api.ecb.europa.eu/service/data/EXR/D.USD.EUR.SP00.A
1546,2204,1268,Sweaters,2024-01-03,SHIPPED,41.75,"USD (POC assumption, unverified)",2024-01-03,1.09190000,0,38.24,https://data-api.ecb.europa.eu/service/data/EXR/D.USD.EUR.SP00.A
1586,2259,8719,Outerwear & Coats,2024-01-24,COMPLETE,74.95,"USD (POC assumption, unverified)",2024-01-24,1.09050000,0,68.73,https://data-api.ecb.europa.eu/service/data/EXR/D.USD.EUR.SP00.A
1586,2260,7648,Blazers & Jackets,2024-01-23,COMPLETE,26.69,"USD (POC assumption, unverified)",2024-01-23,1.08720000,0,24.55,https://data-api.ecb.europa.eu/service/data/EXR/D.USD.EUR.SP00.A
2125,3004,17569,Fashion Hoodies & Sweatshirts,2024-01-11,SHIPPED,15.60,"USD (POC assumption, unverified)",2024-01-11,1.09870000,0,14.20,https://data-api.ecb.europa.eu/service/data/EXR/D.USD.EUR.SP00.A
2155,3049,10833,Intimates,2024-01-03,SHIPPED,25.50,"USD (POC assumption, unverified)",2024-01-03,1.09190000,0,23.35,https://data-api.ecb.europa.eu/service/data/EXR/D.USD.EUR.SP00.A
2155,3050,9612,Sleep & Lounge,2024-01-05,SHIPPED,39.95,"USD (POC assumption, unverified)",2024-01-05,1.09210000,0,36.58,https://data-api.ecb.europa.eu/service/data/EXR/D.USD.EUR.SP00.A
2237,3171,25006,Socks,2024-01-29,SHIPPED,7.50,"USD (POC assumption, unverified)",2024-01-29,1.08230000,0,6.93,https://data-api.ecb.europa.eu/service/data/EXR/D.USD.EUR.SP00.A
2237,3172,23092,Shorts,2024-01-28,SHIPPED,40.00,"USD (POC assumption, unverified)",2024-01-26,1.08710000,2,36.80,https://data-api.ecb.europa.eu/service/data/EXR/D.USD.EUR.SP00.A
2237,3173,16733,Tops & Tees,2024-01-27,SHIPPED,16.60,"USD (POC assumption, unverified)",2024-01-26,1.08710000,1,15.27,https://data-api.ecb.europa.eu/service/data/EXR/D.USD.EUR.SP00.A
2237,3174,20177,Suits & Sport Coats,2024-01-27,SHIPPED,88.00,"USD (POC assumption, unverified)",2024-01-26,1.08710000,1,80.95,https://data-api.ecb.europa.eu/service/data/EXR/D.USD.EUR.SP00.A
2909,4143,24681,Socks,2024-01-25,COMPLETE,13.99,"USD (POC assumption, unverified)",2024-01-25,1.08930000,0,12.84,https://data-api.ecb.europa.eu/service/data/EXR/D.USD.EUR.SP00.A
2934,4186,6156,Leggings,2024-01-04,SHIPPED,6.73,"USD (POC assumption, unverified)",2024-01-04,1.09530000,0,6.14,https://data-api.ecb.europa.eu/service/data/EXR/D.USD.EUR.SP00.A
2934,4187,14248,Accessories,2024-01-01,SHIPPED,3.50,"USD (POC assumption, unverified)",2023-12-29,1.10500000,3,3.17,https://data-api.ecb.europa.eu/service/data/EXR/D.USD.EUR.SP00.A
2934,4188,12597,Intimates,2024-01-02,SHIPPED,7.95,"USD (POC assumption, unverified)",2024-01-02,1.09560000,0,7.26,https://data-api.ecb.europa.eu/service/data/EXR/D.USD.EUR.SP00.A
2934,4189,1548,Fashion Hoodies & Sweatshirts,2024-01-02,SHIPPED,29.99,"USD (POC assumption, unverified)",2024-01-02,1.09560000,0,27.37,https://data-api.ecb.europa.eu/service/data/EXR/D.USD.EUR.SP00.A
3019,4305,20407,Suits & Sport Coats,2024-01-04,SHIPPED,79.95,"USD (POC assumption, unverified)",2024-01-04,1.09530000,0,72.99,https://data-api.ecb.europa.eu/service/data/EXR/D.USD.EUR.SP00.A
3037,4335,7399,Skirts,2024-01-10,COMPLETE,89.00,"USD (POC assumption, unverified)",2024-01-10,1.09460000,0,81.31,https://data-api.ecb.europa.eu/service/data/EXR/D.USD.EUR.SP00.A
3044,4344,24488,Socks,2024-01-09,COMPLETE,14.70,"USD (POC assumption, unverified)",2024-01-09,1.09400000,0,13.44,https://data-api.ecb.europa.eu/service/data/EXR/D.USD.EUR.SP00.A
3044,4345,16211,Tops & Tees,2024-01-09,COMPLETE,54.18,"USD (POC assumption, unverified)",2024-01-09,1.09400000,0,49.52,https://data-api.ecb.europa.eu/service/data/EXR/D.USD.EUR.SP00.A
3044,4346,23140,Shorts,2024-01-10,COMPLETE,44.50,"USD (POC assumption, unverified)",2024-01-10,1.09460000,0,40.65,https://data-api.ecb.europa.eu/service/data/EXR/D.USD.EUR.SP00.A
3336,4773,5100,Pants & Capris,2024-01-16,COMPLETE,44.99,"USD (POC assumption, unverified)",2024-01-16,1.08820000,0,41.34,https://data-api.ecb.europa.eu/service/data/EXR/D.USD.EUR.SP00.A
3336,4774,8366,Outerwear & Coats,2024-01-20,COMPLETE,157.50,"USD (POC assumption, unverified)",2024-01-19,1.08870000,1,144.67,https://data-api.ecb.europa.eu/service/data/EXR/D.USD.EUR.SP00.A
3385,4846,24692,Socks,2024-01-15,COMPLETE,10.00,"USD (POC assumption, unverified)",2024-01-15,1.09450000,0,9.14,https://data-api.ecb.europa.eu/service/data/EXR/D.USD.EUR.SP00.A
3385,4847,18222,Active,2024-01-16,COMPLETE,12.00,"USD (POC assumption, unverified)",2024-01-16,1.08820000,0,11.03,https://data-api.ecb.europa.eu/service/data/EXR/D.USD.EUR.SP00.A
3508,5031,3992,Dresses,2024-01-27,SHIPPED,108.00,"USD (POC assumption, unverified)",2024-01-26,1.08710000,1,99.35,https://data-api.ecb.europa.eu/service/data/EXR/D.USD.EUR.SP00.A
3697,5314,25791,Underwear,2024-01-29,COMPLETE,25.00,"USD (POC assumption, unverified)",2024-01-29,1.08230000,0,23.10,https://data-api.ecb.europa.eu/service/data/EXR/D.USD.EUR.SP00.A
4329,6241,5789,Leggings,2024-01-26,SHIPPED,27.78,"USD (POC assumption, unverified)",2024-01-26,1.08710000,0,25.55,https://data-api.ecb.europa.eu/service/data/EXR/D.USD.EUR.SP00.A
4485,6474,15993,Tops & Tees,2024-01-31,SHIPPED,49.50,"USD (POC assumption, unverified)",2024-01-31,1.08370000,0,45.68,https://data-api.ecb.europa.eu/service/data/EXR/D.USD.EUR.SP00.A
4884,7063,7795,Blazers & Jackets,2024-01-05,COMPLETE,261.00,"USD (POC assumption, unverified)",2024-01-05,1.09210000,0,238.99,https://data-api.ecb.europa.eu/service/data/EXR/D.USD.EUR.SP00.A
5034,7279,8818,Outerwear & Coats,2024-01-31,COMPLETE,179.99,"USD (POC assumption, unverified)",2024-01-31,1.08370000,0,166.09,https://data-api.ecb.europa.eu/service/data/EXR/D.USD.EUR.SP00.A
5034,7280,2728,Active,2024-01-30,COMPLETE,20.00,"USD (POC assumption, unverified)",2024-01-30,1.08460000,0,18.44,https://data-api.ecb.europa.eu/service/data/EXR/D.USD.EUR.SP00.A
5052,7304,27749,Swim,2024-01-08,COMPLETE,49.50,"USD (POC assumption, unverified)",2024-01-08,1.09460000,0,45.22,https://data-api.ecb.europa.eu/service/data/EXR/D.USD.EUR.SP00.A
5052,7305,20068,Suits & Sport Coats,2024-01-10,COMPLETE,219.50,"USD (POC assumption, unverified)",2024-01-10,1.09460000,0,200.53,https://data-api.ecb.europa.eu/service/data/EXR/D.USD.EUR.SP00.A
5367,7776,8779,Outerwear & Coats,2024-01-15,SHIPPED,140.00,"USD (POC assumption, unverified)",2024-01-15,1.09450000,0,127.91,https://data-api.ecb.europa.eu/service/data/EXR/D.USD.EUR.SP00.A
5563,8072,21509,Jeans,2024-01-11,COMPLETE,134.00,"USD (POC assumption, unverified)",2024-01-11,1.09870000,0,121.96,https://data-api.ecb.europa.eu/service/data/EXR/D.USD.EUR.SP00.A
5563,8073,17777,Fashion Hoodies & Sweatshirts,2024-01-10,COMPLETE,56.87,"USD (POC assumption, unverified)",2024-01-10,1.09460000,0,51.96,https://data-api.ecb.europa.eu/service/data/EXR/D.USD.EUR.SP00.A
6287,9101,21651,Jeans,2024-01-13,SHIPPED,68.95,"USD (POC assumption, unverified)",2024-01-12,1.09420000,1,63.01,https://data-api.ecb.europa.eu/service/data/EXR/D.USD.EUR.SP00.A
6287,9102,20728,Jeans,2024-01-11,SHIPPED,37.99,"USD (POC assumption, unverified)",2024-01-11,1.09870000,0,34.58,https://data-api.ecb.europa.eu/service/data/EXR/D.USD.EUR.SP00.A
6509,9417,6659,Shorts,2024-01-01,SHIPPED,39.99,"USD (POC assumption, unverified)",2023-12-29,1.10500000,3,36.19,https://data-api.ecb.europa.eu/service/data/EXR/D.USD.EUR.SP00.A
6751,9783,2248,Fashion Hoodies & Sweatshirts,2024-01-05,COMPLETE,36.99,"USD (POC assumption, unverified)",2024-01-05,1.09210000,0,33.87,https://data-api.ecb.europa.eu/service/data/EXR/D.USD.EUR.SP00.A
6906,9993,5087,Jeans,2024-01-28,SHIPPED,58.50,"USD (POC assumption, unverified)",2024-01-26,1.08710000,2,53.81,https://data-api.ecb.europa.eu/service/data/EXR/D.USD.EUR.SP00.A
6906,9994,12916,Swim,2024-01-31,SHIPPED,19.90,"USD (POC assumption, unverified)",2024-01-31,1.08370000,0,18.36,https://data-api.ecb.europa.eu/service/data/EXR/D.USD.EUR.SP00.A
6978,10096,8997,Socks & Hosiery,2024-01-08,SHIPPED,20.00,"USD (POC assumption, unverified)",2024-01-08,1.09460000,0,18.27,https://data-api.ecb.europa.eu/service/data/EXR/D.USD.EUR.SP00.A
6978,10097,8073,Suits,2024-01-12,SHIPPED,59.11,"USD (POC assumption, unverified)",2024-01-12,1.09420000,0,54.02,https://data-api.ecb.europa.eu/service/data/EXR/D.USD.EUR.SP00.A
6978,10098,6208,Leggings,2024-01-09,SHIPPED,17.90,"USD (POC assumption, unverified)",2024-01-09,1.09400000,0,16.36,https://data-api.ecb.europa.eu/service/data/EXR/D.USD.EUR.SP00.A
6998,10125,25177,Socks,2024-01-11,COMPLETE,8.80,"USD (POC assumption, unverified)",2024-01-11,1.09870000,0,8.01,https://data-api.ecb.europa.eu/service/data/EXR/D.USD.EUR.SP00.A
6998,10126,20046,Suits & Sport Coats,2024-01-12,COMPLETE,189.98,"USD (POC assumption, unverified)",2024-01-12,1.09420000,0,173.62,https://data-api.ecb.europa.eu/service/data/EXR/D.USD.EUR.SP00.A
7141,10320,6300,Shorts,2024-01-19,COMPLETE,29.90,"USD (POC assumption, unverified)",2024-01-19,1.08870000,0,27.46,https://data-api.ecb.europa.eu/service/data/EXR/D.USD.EUR.SP00.A
7237,10463,14310,Accessories,2024-01-23,COMPLETE,17.99,"USD (POC assumption, unverified)",2024-01-23,1.08720000,0,16.55,https://data-api.ecb.europa.eu/service/data/EXR/D.USD.EUR.SP00.A
7261,10502,26482,Sleep & Lounge,2024-01-30,COMPLETE,89.95,"USD (POC assumption, unverified)",2024-01-30,1.08460000,0,82.93,https://data-api.ecb.europa.eu/service/data/EXR/D.USD.EUR.SP00.A
7261,10504,25524,Underwear,2024-01-28,COMPLETE,41.99,"USD (POC assumption, unverified)",2024-01-26,1.08710000,2,38.63,https://data-api.ecb.europa.eu/service/data/EXR/D.USD.EUR.SP00.A
7376,10660,26880,Sleep & Lounge,2024-01-21,COMPLETE,25.00,"USD (POC assumption, unverified)",2024-01-19,1.08870000,2,22.96,https://data-api.ecb.europa.eu/service/data/EXR/D.USD.EUR.SP00.A
8242,11910,3491,Dresses,2024-01-19,COMPLETE,98.00,"USD (POC assumption, unverified)",2024-01-19,1.08870000,0,90.02,https://data-api.ecb.europa.eu/service/data/EXR/D.USD.EUR.SP00.A
8283,11973,22342,Pants,2024-01-08,COMPLETE,138.00,"USD (POC assumption, unverified)",2024-01-08,1.09460000,0,126.07,https://data-api.ecb.europa.eu/service/data/EXR/D.USD.EUR.SP00.A
8313,12014,12965,Swim,2024-01-07,COMPLETE,52.00,"USD (POC assumption, unverified)",2024-01-05,1.09210000,2,47.61,https://data-api.ecb.europa.eu/service/data/EXR/D.USD.EUR.SP00.A
8313,12015,1492,Sweaters,2024-01-08,COMPLETE,60.99,"USD (POC assumption, unverified)",2024-01-08,1.09460000,0,55.72,https://data-api.ecb.europa.eu/service/data/EXR/D.USD.EUR.SP00.A
8348,12070,360,Tops & Tees,2024-01-11,SHIPPED,11.00,"USD (POC assumption, unverified)",2024-01-11,1.09870000,0,10.01,https://data-api.ecb.europa.eu/service/data/EXR/D.USD.EUR.SP00.A
8370,12098,25378,Underwear,2024-01-22,COMPLETE,32.00,"USD (POC assumption, unverified)",2024-01-22,1.08900000,0,29.38,https://data-api.ecb.europa.eu/service/data/EXR/D.USD.EUR.SP00.A
8370,12099,17860,Fashion Hoodies & Sweatshirts,2024-01-19,COMPLETE,57.99,"USD (POC assumption, unverified)",2024-01-19,1.08870000,0,53.27,https://data-api.ecb.europa.eu/service/data/EXR/D.USD.EUR.SP00.A
8370,12100,20638,Jeans,2024-01-22,COMPLETE,39.95,"USD (POC assumption, unverified)",2024-01-22,1.08900000,0,36.69,https://data-api.ecb.europa.eu/service/data/EXR/D.USD.EUR.SP00.A
8571,12406,25782,Underwear,2024-01-26,COMPLETE,24.00,"USD (POC assumption, unverified)",2024-01-26,1.08710000,0,22.08,https://data-api.ecb.europa.eu/service/data/EXR/D.USD.EUR.SP00.A
8802,12737,4603,Jeans,2024-01-25,COMPLETE,44.50,"USD (POC assumption, unverified)",2024-01-25,1.08930000,0,40.85,https://data-api.ecb.europa.eu/service/data/EXR/D.USD.EUR.SP00.A
9196,13292,6870,Shorts,2024-01-12,SHIPPED,32.95,"USD (POC assumption, unverified)",2024-01-12,1.09420000,0,30.11,https://data-api.ecb.europa.eu/service/data/EXR/D.USD.EUR.SP00.A
9269,13397,23388,Shorts,2024-01-04,SHIPPED,29.95,"USD (POC assumption, unverified)",2024-01-04,1.09530000,0,27.34,https://data-api.ecb.europa.eu/service/data/EXR/D.USD.EUR.SP00.A
9331,13491,18992,Sweaters,2024-01-23,COMPLETE,27.60,"USD (POC assumption, unverified)",2024-01-23,1.08720000,0,25.39,https://data-api.ecb.europa.eu/service/data/EXR/D.USD.EUR.SP00.A
9331,13492,22869,Shorts,2024-01-19,COMPLETE,28.00,"USD (POC assumption, unverified)",2024-01-19,1.08870000,0,25.72,https://data-api.ecb.europa.eu/service/data/EXR/D.USD.EUR.SP00.A
9338,13499,10105,Sleep & Lounge,2024-01-16,SHIPPED,140.00,"USD (POC assumption, unverified)",2024-01-16,1.08820000,0,128.65,https://data-api.ecb.europa.eu/service/data/EXR/D.USD.EUR.SP00.A
9338,13500,12403,Intimates,2024-01-17,SHIPPED,22.99,"USD (POC assumption, unverified)",2024-01-17,1.08770000,0,21.14,https://data-api.ecb.europa.eu/service/data/EXR/D.USD.EUR.SP00.A
9413,13600,5420,Pants & Capris,2024-01-25,COMPLETE,49.00,"USD (POC assumption, unverified)",2024-01-25,1.08930000,0,44.98,https://data-api.ecb.europa.eu/service/data/EXR/D.USD.EUR.SP00.A
9643,13923,13368,Swim,2024-01-17,COMPLETE,44.00,"USD (POC assumption, unverified)",2024-01-17,1.08770000,0,40.45,https://data-api.ecb.europa.eu/service/data/EXR/D.USD.EUR.SP00.A
9710,14015,23448,Shorts,2024-01-21,SHIPPED,10.76,"USD (POC assumption, unverified)",2024-01-19,1.08870000,2,9.88,https://data-api.ecb.europa.eu/service/data/EXR/D.USD.EUR.SP00.A
9822,14180,28029,Swim,2024-01-12,COMPLETE,37.50,"USD (POC assumption, unverified)",2024-01-12,1.09420000,0,34.27,https://data-api.ecb.europa.eu/service/data/EXR/D.USD.EUR.SP00.A
10006,14436,19523,Sweaters,2024-01-09,COMPLETE,186.95,"USD (POC assumption, unverified)",2024-01-09,1.09400000,0,170.89,https://data-api.ecb.europa.eu/service/data/EXR/D.USD.EUR.SP00.A
10020,14457,21834,Pants,2024-01-02,SHIPPED,44.99,"USD (POC assumption, unverified)",2024-01-02,1.09560000,0,41.06,https://data-api.ecb.europa.eu/service/data/EXR/D.USD.EUR.SP00.A
10364,14967,9407,Socks & Hosiery,2024-01-24,COMPLETE,6.50,"USD (POC assumption, unverified)",2024-01-24,1.09050000,0,5.96,https://data-api.ecb.europa.eu/service/data/EXR/D.USD.EUR.SP00.A
10797,15588,14481,Maternity,2024-01-30,SHIPPED,19.98,"USD (POC assumption, unverified)",2024-01-30,1.08460000,0,18.42,https://data-api.ecb.europa.eu/service/data/EXR/D.USD.EUR.SP00.A
10843,15653,28249,Swim,2024-01-02,SHIPPED,24.99,"USD (POC assumption, unverified)",2024-01-02,1.09560000,0,22.81,https://data-api.ecb.europa.eu/service/data/EXR/D.USD.EUR.SP00.A
10860,15675,14993,Maternity,2024-01-10,SHIPPED,30.20,"USD (POC assumption, unverified)",2024-01-10,1.09460000,0,27.59,https://data-api.ecb.europa.eu/service/data/EXR/D.USD.EUR.SP00.A
10898,15724,9314,Socks & Hosiery,2024-01-09,SHIPPED,30.00,"USD (POC assumption, unverified)",2024-01-09,1.09400000,0,27.42,https://data-api.ecb.europa.eu/service/data/EXR/D.USD.EUR.SP00.A
11118,16047,7430,Skirts,2024-01-01,COMPLETE,29.50,"USD (POC assumption, unverified)",2023-12-29,1.10500000,3,26.70,https://data-api.ecb.europa.eu/service/data/EXR/D.USD.EUR.SP00.A
11198,16166,3121,Dresses,2024-01-02,COMPLETE,495.00,"USD (POC assumption, unverified)",2024-01-02,1.09560000,0,451.81,https://data-api.ecb.europa.eu/service/data/EXR/D.USD.EUR.SP00.A
11198,16167,3987,Dresses,2024-01-06,COMPLETE,85.12,"USD (POC assumption, unverified)",2024-01-05,1.09210000,1,77.94,https://data-api.ecb.europa.eu/service/data/EXR/D.USD.EUR.SP00.A
11452,16543,16436,Tops & Tees,2024-01-10,SHIPPED,28.16,"USD (POC assumption, unverified)",2024-01-10,1.09460000,0,25.73,https://data-api.ecb.europa.eu/service/data/EXR/D.USD.EUR.SP00.A
11514,16632,13211,Swim,2024-01-14,SHIPPED,36.95,"USD (POC assumption, unverified)",2024-01-12,1.09420000,2,33.77,https://data-api.ecb.europa.eu/service/data/EXR/D.USD.EUR.SP00.A
11531,16664,18617,Active,2024-01-29,SHIPPED,22.00,"USD (POC assumption, unverified)",2024-01-29,1.08230000,0,20.33,https://data-api.ecb.europa.eu/service/data/EXR/D.USD.EUR.SP00.A
11980,17334,17541,Fashion Hoodies & Sweatshirts,2024-01-30,COMPLETE,33.17,"USD (POC assumption, unverified)",2024-01-30,1.08460000,0,30.58,https://data-api.ecb.europa.eu/service/data/EXR/D.USD.EUR.SP00.A
11980,17335,18382,Active,2024-01-30,COMPLETE,59.99,"USD (POC assumption, unverified)",2024-01-30,1.08460000,0,55.31,https://data-api.ecb.europa.eu/service/data/EXR/D.USD.EUR.SP00.A
11980,17336,27921,Swim,2024-01-31,COMPLETE,34.50,"USD (POC assumption, unverified)",2024-01-31,1.08370000,0,31.84,https://data-api.ecb.europa.eu/service/data/EXR/D.USD.EUR.SP00.A
11986,17342,22020,Pants,2024-01-12,SHIPPED,25.00,"USD (POC assumption, unverified)",2024-01-12,1.09420000,0,22.85,https://data-api.ecb.europa.eu/service/data/EXR/D.USD.EUR.SP00.A
12018,17395,20005,Suits & Sport Coats,2024-01-19,COMPLETE,179.00,"USD (POC assumption, unverified)",2024-01-19,1.08870000,0,164.42,https://data-api.ecb.europa.eu/service/data/EXR/D.USD.EUR.SP00.A
12038,17428,723,Tops & Tees,2024-01-12,SHIPPED,59.99,"USD (POC assumption, unverified)",2024-01-12,1.09420000,0,54.83,https://data-api.ecb.europa.eu/service/data/EXR/D.USD.EUR.SP00.A
12038,17429,3132,Dresses,2024-01-12,SHIPPED,99.99,"USD (POC assumption, unverified)",2024-01-12,1.09420000,0,91.38,https://data-api.ecb.europa.eu/service/data/EXR/D.USD.EUR.SP00.A
12321,17844,1006,Sweaters,2024-01-29,SHIPPED,29.99,"USD (POC assumption, unverified)",2024-01-29,1.08230000,0,27.71,https://data-api.ecb.europa.eu/service/data/EXR/D.USD.EUR.SP00.A
12340,17882,27979,Swim,2024-01-16,COMPLETE,87.95,"USD (POC assumption, unverified)",2024-01-16,1.08820000,0,80.82,https://data-api.ecb.europa.eu/service/data/EXR/D.USD.EUR.SP00.A
12530,18162,19937,Suits & Sport Coats,2024-01-02,COMPLETE,89.99,"USD (POC assumption, unverified)",2024-01-02,1.09560000,0,82.14,https://data-api.ecb.europa.eu/service/data/EXR/D.USD.EUR.SP00.A
12530,18163,24952,Socks,2024-01-01,COMPLETE,19.99,"USD (POC assumption, unverified)",2023-12-29,1.10500000,3,18.09,https://data-api.ecb.europa.eu/service/data/EXR/D.USD.EUR.SP00.A
12811,18560,23057,Shorts,2024-01-26,COMPLETE,59.50,"USD (POC assumption, unverified)",2024-01-26,1.08710000,0,54.73,https://data-api.ecb.europa.eu/service/data/EXR/D.USD.EUR.SP00.A
12851,18612,21680,Pants,2024-01-01,SHIPPED,55.00,"USD (POC assumption, unverified)",2023-12-29,1.10500000,3,49.77,https://data-api.ecb.europa.eu/service/data/EXR/D.USD.EUR.SP00.A
12931,18739,13129,Swim,2024-01-29,SHIPPED,44.34,"USD (POC assumption, unverified)",2024-01-29,1.08230000,0,40.97,https://data-api.ecb.europa.eu/service/data/EXR/D.USD.EUR.SP00.A
13034,18895,10126,Sleep & Lounge,2024-01-10,SHIPPED,11.99,"USD (POC assumption, unverified)",2024-01-10,1.09460000,0,10.95,https://data-api.ecb.europa.eu/service/data/EXR/D.USD.EUR.SP00.A
13034,18896,7787,Blazers & Jackets,2024-01-11,SHIPPED,98.00,"USD (POC assumption, unverified)",2024-01-11,1.09870000,0,89.20,https://data-api.ecb.europa.eu/service/data/EXR/D.USD.EUR.SP00.A
13260,19244,290,Tops & Tees,2024-01-11,SHIPPED,36.00,"USD (POC assumption, unverified)",2024-01-11,1.09870000,0,32.77,https://data-api.ecb.europa.eu/service/data/EXR/D.USD.EUR.SP00.A
13420,19490,18233,Active,2024-01-23,COMPLETE,18.99,"USD (POC assumption, unverified)",2024-01-23,1.08720000,0,17.47,https://data-api.ecb.europa.eu/service/data/EXR/D.USD.EUR.SP00.A
13543,19665,9565,Sleep & Lounge,2024-01-03,SHIPPED,47.00,"USD (POC assumption, unverified)",2024-01-03,1.09190000,0,43.04,https://data-api.ecb.europa.eu/service/data/EXR/D.USD.EUR.SP00.A
13664,19840,8482,Outerwear & Coats,2024-01-02,COMPLETE,99.00,"USD (POC assumption, unverified)",2024-01-02,1.09560000,0,90.36,https://data-api.ecb.europa.eu/service/data/EXR/D.USD.EUR.SP00.A
13838,20105,27862,Swim,2024-01-05,COMPLETE,45.00,"USD (POC assumption, unverified)",2024-01-05,1.09210000,0,41.21,https://data-api.ecb.europa.eu/service/data/EXR/D.USD.EUR.SP00.A
13838,20106,22140,Pants,2024-01-06,COMPLETE,79.50,"USD (POC assumption, unverified)",2024-01-05,1.09210000,1,72.80,https://data-api.ecb.europa.eu/service/data/EXR/D.USD.EUR.SP00.A
13838,20107,21523,Jeans,2024-01-06,COMPLETE,195.72,"USD (POC assumption, unverified)",2024-01-05,1.09210000,1,179.21,https://data-api.ecb.europa.eu/service/data/EXR/D.USD.EUR.SP00.A
14121,20499,22865,Shorts,2024-01-21,SHIPPED,49.00,"USD (POC assumption, unverified)",2024-01-19,1.08870000,2,45.01,https://data-api.ecb.europa.eu/service/data/EXR/D.USD.EUR.SP00.A
14143,20531,19012,Sweaters,2024-01-04,SHIPPED,64.00,"USD (POC assumption, unverified)",2024-01-04,1.09530000,0,58.43,https://data-api.ecb.europa.eu/service/data/EXR/D.USD.EUR.SP00.A
14223,20633,7458,Skirts,2024-01-17,COMPLETE,49.99,"USD (POC assumption, unverified)",2024-01-17,1.08770000,0,45.96,https://data-api.ecb.europa.eu/service/data/EXR/D.USD.EUR.SP00.A
14510,21028,2064,Fashion Hoodies & Sweatshirts,2024-01-27,SHIPPED,39.40,"USD (POC assumption, unverified)",2024-01-26,1.08710000,1,36.24,https://data-api.ecb.europa.eu/service/data/EXR/D.USD.EUR.SP00.A
14513,21031,10150,Sleep & Lounge,2024-01-06,COMPLETE,30.00,"USD (POC assumption, unverified)",2024-01-05,1.09210000,1,27.47,https://data-api.ecb.europa.eu/service/data/EXR/D.USD.EUR.SP00.A
15502,22412,3963,Dresses,2024-01-22,SHIPPED,229.00,"USD (POC assumption, unverified)",2024-01-22,1.08900000,0,210.28,https://data-api.ecb.europa.eu/service/data/EXR/D.USD.EUR.SP00.A
15519,22432,23345,Shorts,2024-01-13,SHIPPED,21.99,"USD (POC assumption, unverified)",2024-01-12,1.09420000,1,20.10,https://data-api.ecb.europa.eu/service/data/EXR/D.USD.EUR.SP00.A
15640,22599,16492,Tops & Tees,2024-01-08,SHIPPED,48.00,"USD (POC assumption, unverified)",2024-01-08,1.09460000,0,43.85,https://data-api.ecb.europa.eu/service/data/EXR/D.USD.EUR.SP00.A
15711,22716,14055,Accessories,2024-01-06,SHIPPED,18.00,"USD (POC assumption, unverified)",2024-01-05,1.09210000,1,16.48,https://data-api.ecb.europa.eu/service/data/EXR/D.USD.EUR.SP00.A
16005,23147,1410,Sweaters,2024-01-19,COMPLETE,16.90,"USD (POC assumption, unverified)",2024-01-19,1.08870000,0,15.52,https://data-api.ecb.europa.eu/service/data/EXR/D.USD.EUR.SP00.A
16005,23148,15408,Plus,2024-01-17,COMPLETE,36.00,"USD (POC assumption, unverified)",2024-01-17,1.08770000,0,33.10,https://data-api.ecb.europa.eu/service/data/EXR/D.USD.EUR.SP00.A
16186,23408,3091,Active,2024-01-16,COMPLETE,30.00,"USD (POC assumption, unverified)",2024-01-16,1.08820000,0,27.57,https://data-api.ecb.europa.eu/service/data/EXR/D.USD.EUR.SP00.A
16358,23645,18201,Active,2024-01-14,SHIPPED,155.00,"USD (POC assumption, unverified)",2024-01-12,1.09420000,2,141.66,https://data-api.ecb.europa.eu/service/data/EXR/D.USD.EUR.SP00.A
16367,23657,26577,Sleep & Lounge,2024-01-05,COMPLETE,79.99,"USD (POC assumption, unverified)",2024-01-05,1.09210000,0,73.24,https://data-api.ecb.europa.eu/service/data/EXR/D.USD.EUR.SP00.A
16367,23658,27717,Swim,2024-01-09,COMPLETE,62.00,"USD (POC assumption, unverified)",2024-01-09,1.09400000,0,56.67,https://data-api.ecb.europa.eu/service/data/EXR/D.USD.EUR.SP00.A
16452,23779,7277,Skirts,2024-01-07,COMPLETE,25.00,"USD (POC assumption, unverified)",2024-01-05,1.09210000,2,22.89,https://data-api.ecb.europa.eu/service/data/EXR/D.USD.EUR.SP00.A
16898,24427,3393,Dresses,2024-01-03,COMPLETE,129.00,"USD (POC assumption, unverified)",2024-01-03,1.09190000,0,118.14,https://data-api.ecb.europa.eu/service/data/EXR/D.USD.EUR.SP00.A
16898,24428,1033,Sweaters,2024-01-05,COMPLETE,69.95,"USD (POC assumption, unverified)",2024-01-05,1.09210000,0,64.05,https://data-api.ecb.europa.eu/service/data/EXR/D.USD.EUR.SP00.A
17121,24747,19314,Sweaters,2024-01-01,COMPLETE,91.00,"USD (POC assumption, unverified)",2023-12-29,1.10500000,3,82.35,https://data-api.ecb.europa.eu/service/data/EXR/D.USD.EUR.SP00.A
17151,24784,315,Tops & Tees,2024-01-16,SHIPPED,33.98,"USD (POC assumption, unverified)",2024-01-16,1.08820000,0,31.23,https://data-api.ecb.europa.eu/service/data/EXR/D.USD.EUR.SP00.A
17347,25056,19297,Sweaters,2024-01-01,SHIPPED,69.99,"USD (POC assumption, unverified)",2023-12-29,1.10500000,3,63.34,https://data-api.ecb.europa.eu/service/data/EXR/D.USD.EUR.SP00.A
17350,25060,28618,Accessories,2024-01-28,SHIPPED,29.99,"USD (POC assumption, unverified)",2024-01-26,1.08710000,2,27.59,https://data-api.ecb.europa.eu/service/data/EXR/D.USD.EUR.SP00.A
17451,25215,17600,Fashion Hoodies & Sweatshirts,2024-01-15,SHIPPED,54.66,"USD (POC assumption, unverified)",2024-01-15,1.09450000,0,49.94,https://data-api.ecb.europa.eu/service/data/EXR/D.USD.EUR.SP00.A
17451,25216,26464,Sleep & Lounge,2024-01-13,SHIPPED,28.99,"USD (POC assumption, unverified)",2024-01-12,1.09420000,1,26.49,https://data-api.ecb.europa.eu/service/data/EXR/D.USD.EUR.SP00.A
17715,25590,25984,Underwear,2024-01-22,COMPLETE,52.45,"USD (POC assumption, unverified)",2024-01-22,1.08900000,0,48.16,https://data-api.ecb.europa.eu/service/data/EXR/D.USD.EUR.SP00.A
17829,25755,15630,Plus,2024-01-28,SHIPPED,8.67,"USD (POC assumption, unverified)",2024-01-26,1.08710000,2,7.98,https://data-api.ecb.europa.eu/service/data/EXR/D.USD.EUR.SP00.A
18017,26025,10758,Intimates,2024-01-05,SHIPPED,13.00,"USD (POC assumption, unverified)",2024-01-05,1.09210000,0,11.90,https://data-api.ecb.europa.eu/service/data/EXR/D.USD.EUR.SP00.A
18153,26235,28430,Accessories,2024-01-15,SHIPPED,9.95,"USD (POC assumption, unverified)",2024-01-15,1.09450000,0,9.09,https://data-api.ecb.europa.eu/service/data/EXR/D.USD.EUR.SP00.A
18373,26555,23845,Outerwear & Coats,2024-01-11,COMPLETE,243.95,"USD (POC assumption, unverified)",2024-01-11,1.09870000,0,222.04,https://data-api.ecb.europa.eu/service/data/EXR/D.USD.EUR.SP00.A
18440,26635,22487,Pants,2024-01-25,COMPLETE,179.00,"USD (POC assumption, unverified)",2024-01-25,1.08930000,0,164.33,https://data-api.ecb.europa.eu/service/data/EXR/D.USD.EUR.SP00.A
18663,26984,26681,Sleep & Lounge,2024-01-17,COMPLETE,54.60,"USD (POC assumption, unverified)",2024-01-17,1.08770000,0,50.20,https://data-api.ecb.europa.eu/service/data/EXR/D.USD.EUR.SP00.A
18663,26985,20124,Suits & Sport Coats,2024-01-13,COMPLETE,375.00,"USD (POC assumption, unverified)",2024-01-12,1.09420000,1,342.72,https://data-api.ecb.europa.eu/service/data/EXR/D.USD.EUR.SP00.A
18663,26986,23654,Outerwear & Coats,2024-01-15,COMPLETE,903.00,"USD (POC assumption, unverified)",2024-01-15,1.09450000,0,825.03,https://data-api.ecb.europa.eu/service/data/EXR/D.USD.EUR.SP00.A
18783,27145,17005,Tops & Tees,2024-01-11,COMPLETE,21.99,"USD (POC assumption, unverified)",2024-01-11,1.09870000,0,20.01,https://data-api.ecb.europa.eu/service/data/EXR/D.USD.EUR.SP00.A
18811,27191,19944,Suits & Sport Coats,2024-01-25,COMPLETE,69.99,"USD (POC assumption, unverified)",2024-01-25,1.08930000,0,64.25,https://data-api.ecb.europa.eu/service/data/EXR/D.USD.EUR.SP00.A
18977,27424,13122,Swim,2024-01-06,SHIPPED,150.41,"USD (POC assumption, unverified)",2024-01-05,1.09210000,1,137.73,https://data-api.ecb.europa.eu/service/data/EXR/D.USD.EUR.SP00.A
19043,27524,24163,Outerwear & Coats,2024-01-22,SHIPPED,109.95,"USD (POC assumption, unverified)",2024-01-22,1.08900000,0,100.96,https://data-api.ecb.europa.eu/service/data/EXR/D.USD.EUR.SP00.A
19043,27525,25856,Underwear,2024-01-22,SHIPPED,30.00,"USD (POC assumption, unverified)",2024-01-22,1.08900000,0,27.55,https://data-api.ecb.europa.eu/service/data/EXR/D.USD.EUR.SP00.A
19043,27526,16158,Tops & Tees,2024-01-25,SHIPPED,25.00,"USD (POC assumption, unverified)",2024-01-25,1.08930000,0,22.95,https://data-api.ecb.europa.eu/service/data/EXR/D.USD.EUR.SP00.A
19043,27527,28441,Accessories,2024-01-24,SHIPPED,30.00,"USD (POC assumption, unverified)",2024-01-24,1.09050000,0,27.51,https://data-api.ecb.europa.eu/service/data/EXR/D.USD.EUR.SP00.A
19303,27910,15919,Plus,2024-01-31,COMPLETE,39.99,"USD (POC assumption, unverified)",2024-01-31,1.08370000,0,36.90,https://data-api.ecb.europa.eu/service/data/EXR/D.USD.EUR.SP00.A
19407,28060,22148,Pants,2024-01-07,COMPLETE,39.95,"USD (POC assumption, unverified)",2024-01-05,1.09210000,2,36.58,https://data-api.ecb.europa.eu/service/data/EXR/D.USD.EUR.SP00.A
19407,28061,20466,Suits & Sport Coats,2024-01-07,COMPLETE,199.99,"USD (POC assumption, unverified)",2024-01-05,1.09210000,2,183.12,https://data-api.ecb.europa.eu/service/data/EXR/D.USD.EUR.SP00.A
19490,28181,3737,Dresses,2024-01-01,COMPLETE,37.99,"USD (POC assumption, unverified)",2023-12-29,1.10500000,3,34.38,https://data-api.ecb.europa.eu/service/data/EXR/D.USD.EUR.SP00.A
19912,28797,22515,Pants,2024-01-02,COMPLETE,59.95,"USD (POC assumption, unverified)",2024-01-02,1.09560000,0,54.72,https://data-api.ecb.europa.eu/service/data/EXR/D.USD.EUR.SP00.A
20115,29086,24900,Socks,2024-01-19,SHIPPED,12.95,"USD (POC assumption, unverified)",2024-01-19,1.08870000,0,11.89,https://data-api.ecb.europa.eu/service/data/EXR/D.USD.EUR.SP00.A
20147,29130,21124,Jeans,2024-01-01,SHIPPED,169.00,"USD (POC assumption, unverified)",2023-12-29,1.10500000,3,152.94,https://data-api.ecb.europa.eu/service/data/EXR/D.USD.EUR.SP00.A
20147,29131,28365,Accessories,2024-01-02,SHIPPED,99.65,"USD (POC assumption, unverified)",2024-01-02,1.09560000,0,90.95,https://data-api.ecb.europa.eu/service/data/EXR/D.USD.EUR.SP00.A
20689,29935,21019,Jeans,2024-01-24,COMPLETE,39.50,"USD (POC assumption, unverified)",2024-01-24,1.09050000,0,36.22,https://data-api.ecb.europa.eu/service/data/EXR/D.USD.EUR.SP00.A
20912,30279,26626,Sleep & Lounge,2024-01-19,COMPLETE,26.99,"USD (POC assumption, unverified)",2024-01-19,1.08870000,0,24.79,https://data-api.ecb.europa.eu/service/data/EXR/D.USD.EUR.SP00.A
21102,30555,11885,Intimates,2024-01-25,COMPLETE,37.74,"USD (POC assumption, unverified)",2024-01-25,1.08930000,0,34.65,https://data-api.ecb.europa.eu/service/data/EXR/D.USD.EUR.SP00.A
21161,30644,20662,Jeans,2024-01-15,SHIPPED,50.00,"USD (POC assumption, unverified)",2024-01-15,1.09450000,0,45.68,https://data-api.ecb.europa.eu/service/data/EXR/D.USD.EUR.SP00.A
21161,30645,20655,Jeans,2024-01-14,SHIPPED,38.68,"USD (POC assumption, unverified)",2024-01-12,1.09420000,2,35.35,https://data-api.ecb.europa.eu/service/data/EXR/D.USD.EUR.SP00.A
21161,30646,28578,Accessories,2024-01-14,SHIPPED,24.99,"USD (POC assumption, unverified)",2024-01-12,1.09420000,2,22.84,https://data-api.ecb.europa.eu/service/data/EXR/D.USD.EUR.SP00.A
21185,30683,20160,Suits & Sport Coats,2024-01-02,COMPLETE,265.99,"USD (POC assumption, unverified)",2024-01-02,1.09560000,0,242.78,https://data-api.ecb.europa.eu/service/data/EXR/D.USD.EUR.SP00.A
21372,30967,2303,Fashion Hoodies & Sweatshirts,2024-01-22,COMPLETE,87.89,"USD (POC assumption, unverified)",2024-01-22,1.08900000,0,80.71,https://data-api.ecb.europa.eu/service/data/EXR/D.USD.EUR.SP00.A
21639,31357,16097,Tops & Tees,2024-01-28,COMPLETE,49.99,"USD (POC assumption, unverified)",2024-01-26,1.08710000,2,45.98,https://data-api.ecb.europa.eu/service/data/EXR/D.USD.EUR.SP00.A
21741,31505,24541,Socks,2024-01-03,SHIPPED,24.00,"USD (POC assumption, unverified)",2024-01-03,1.09190000,0,21.98,https://data-api.ecb.europa.eu/service/data/EXR/D.USD.EUR.SP00.A
21813,31602,12051,Intimates,2024-01-17,COMPLETE,44.00,"USD (POC assumption, unverified)",2024-01-17,1.08770000,0,40.45,https://data-api.ecb.europa.eu/service/data/EXR/D.USD.EUR.SP00.A
21911,31754,354,Tops & Tees,2024-01-09,COMPLETE,27.99,"USD (POC assumption, unverified)",2024-01-09,1.09400000,0,25.59,https://data-api.ecb.europa.eu/service/data/EXR/D.USD.EUR.SP00.A
21949,31808,27994,Swim,2024-01-17,COMPLETE,55.00,"USD (POC assumption, unverified)",2024-01-17,1.08770000,0,50.57,https://data-api.ecb.europa.eu/service/data/EXR/D.USD.EUR.SP00.A
21949,31809,19949,Suits & Sport Coats,2024-01-20,COMPLETE,129.99,"USD (POC assumption, unverified)",2024-01-19,1.08870000,1,119.40,https://data-api.ecb.europa.eu/service/data/EXR/D.USD.EUR.SP00.A
22266,32241,21135,Jeans,2024-01-16,COMPLETE,44.00,"USD (POC assumption, unverified)",2024-01-16,1.08820000,0,40.43,https://data-api.ecb.europa.eu/service/data/EXR/D.USD.EUR.SP00.A
22451,32498,26924,Sleep & Lounge,2024-01-11,COMPLETE,18.50,"USD (POC assumption, unverified)",2024-01-11,1.09870000,0,16.84,https://data-api.ecb.europa.eu/service/data/EXR/D.USD.EUR.SP00.A
22552,32640,4628,Jeans,2024-01-08,COMPLETE,77.97,"USD (POC assumption, unverified)",2024-01-08,1.09460000,0,71.23,https://data-api.ecb.europa.eu/service/data/EXR/D.USD.EUR.SP00.A
22552,32641,15463,Plus,2024-01-09,COMPLETE,72.99,"USD (POC assumption, unverified)",2024-01-09,1.09400000,0,66.72,https://data-api.ecb.europa.eu/service/data/EXR/D.USD.EUR.SP00.A
22556,32648,16939,Tops & Tees,2024-01-27,SHIPPED,38.00,"USD (POC assumption, unverified)",2024-01-26,1.08710000,1,34.96,https://data-api.ecb.europa.eu/service/data/EXR/D.USD.EUR.SP00.A
22556,32649,25381,Underwear,2024-01-29,SHIPPED,25.20,"USD (POC assumption, unverified)",2024-01-29,1.08230000,0,23.28,https://data-api.ecb.europa.eu/service/data/EXR/D.USD.EUR.SP00.A
22556,32650,23762,Outerwear & Coats,2024-01-27,SHIPPED,119.99,"USD (POC assumption, unverified)",2024-01-26,1.08710000,1,110.38,https://data-api.ecb.europa.eu/service/data/EXR/D.USD.EUR.SP00.A
22556,32651,23819,Outerwear & Coats,2024-01-30,SHIPPED,59.99,"USD (POC assumption, unverified)",2024-01-30,1.08460000,0,55.31,https://data-api.ecb.europa.eu/service/data/EXR/D.USD.EUR.SP00.A
22721,32874,26788,Sleep & Lounge,2024-01-20,SHIPPED,265.00,"USD (POC assumption, unverified)",2024-01-19,1.08870000,1,243.41,https://data-api.ecb.europa.eu/service/data/EXR/D.USD.EUR.SP00.A
22967,33229,8969,Socks & Hosiery,2024-01-24,SHIPPED,19.50,"USD (POC assumption, unverified)",2024-01-24,1.09050000,0,17.88,https://data-api.ecb.europa.eu/service/data/EXR/D.USD.EUR.SP00.A
23034,33324,21755,Pants,2024-01-03,SHIPPED,89.95,"USD (POC assumption, unverified)",2024-01-03,1.09190000,0,82.38,https://data-api.ecb.europa.eu/service/data/EXR/D.USD.EUR.SP00.A
23373,33823,13683,Accessories,2024-01-13,COMPLETE,25.50,"USD (POC assumption, unverified)",2024-01-12,1.09420000,1,23.30,https://data-api.ecb.europa.eu/service/data/EXR/D.USD.EUR.SP00.A
23394,33851,7297,Skirts,2024-01-22,COMPLETE,54.45,"USD (POC assumption, unverified)",2024-01-22,1.08900000,0,50.00,https://data-api.ecb.europa.eu/service/data/EXR/D.USD.EUR.SP00.A
23663,34238,25035,Socks,2024-01-09,SHIPPED,17.56,"USD (POC assumption, unverified)",2024-01-09,1.09400000,0,16.05,https://data-api.ecb.europa.eu/service/data/EXR/D.USD.EUR.SP00.A
23735,34345,25087,Socks,2024-01-27,COMPLETE,13.88,"USD (POC assumption, unverified)",2024-01-26,1.08710000,1,12.77,https://data-api.ecb.europa.eu/service/data/EXR/D.USD.EUR.SP00.A
23735,34346,17395,Fashion Hoodies & Sweatshirts,2024-01-29,COMPLETE,168.00,"USD (POC assumption, unverified)",2024-01-29,1.08230000,0,155.22,https://data-api.ecb.europa.eu/service/data/EXR/D.USD.EUR.SP00.A
23735,34347,28948,Accessories,2024-01-26,COMPLETE,35.83,"USD (POC assumption, unverified)",2024-01-26,1.08710000,0,32.96,https://data-api.ecb.europa.eu/service/data/EXR/D.USD.EUR.SP00.A
23893,34579,17672,Fashion Hoodies & Sweatshirts,2024-01-27,SHIPPED,15.99,"USD (POC assumption, unverified)",2024-01-26,1.08710000,1,14.71,https://data-api.ecb.europa.eu/service/data/EXR/D.USD.EUR.SP00.A
23922,34621,26260,Underwear,2024-01-19,SHIPPED,21.50,"USD (POC assumption, unverified)",2024-01-19,1.08870000,0,19.75,https://data-api.ecb.europa.eu/service/data/EXR/D.USD.EUR.SP00.A
23958,34675,15477,Plus,2024-01-31,SHIPPED,11.00,"USD (POC assumption, unverified)",2024-01-31,1.08370000,0,10.15,https://data-api.ecb.europa.eu/service/data/EXR/D.USD.EUR.SP00.A
24218,35090,14803,Maternity,2024-01-14,SHIPPED,34.98,"USD (POC assumption, unverified)",2024-01-12,1.09420000,2,31.97,https://data-api.ecb.europa.eu/service/data/EXR/D.USD.EUR.SP00.A
24276,35180,28805,Accessories,2024-01-09,SHIPPED,30.00,"USD (POC assumption, unverified)",2024-01-09,1.09400000,0,27.42,https://data-api.ecb.europa.eu/service/data/EXR/D.USD.EUR.SP00.A
24512,35543,27562,Swim,2024-01-22,COMPLETE,37.50,"USD (POC assumption, unverified)",2024-01-22,1.08900000,0,34.44,https://data-api.ecb.europa.eu/service/data/EXR/D.USD.EUR.SP00.A
24512,35544,16261,Tops & Tees,2024-01-23,COMPLETE,32.50,"USD (POC assumption, unverified)",2024-01-23,1.08720000,0,29.89,https://data-api.ecb.europa.eu/service/data/EXR/D.USD.EUR.SP00.A
24534,35579,15686,Plus,2024-01-22,SHIPPED,44.99,"USD (POC assumption, unverified)",2024-01-22,1.08900000,0,41.31,https://data-api.ecb.europa.eu/service/data/EXR/D.USD.EUR.SP00.A
24705,35818,4183,Jumpsuits & Rompers,2024-01-06,COMPLETE,11.19,"USD (POC assumption, unverified)",2024-01-05,1.09210000,1,10.25,https://data-api.ecb.europa.eu/service/data/EXR/D.USD.EUR.SP00.A
24705,35819,6131,Leggings,2024-01-06,COMPLETE,9.95,"USD (POC assumption, unverified)",2024-01-05,1.09210000,1,9.11,https://data-api.ecb.europa.eu/service/data/EXR/D.USD.EUR.SP00.A
25225,36596,18376,Active,2024-01-26,SHIPPED,79.99,"USD (POC assumption, unverified)",2024-01-26,1.08710000,0,73.58,https://data-api.ecb.europa.eu/service/data/EXR/D.USD.EUR.SP00.A
25428,36888,3116,Dresses,2024-01-01,SHIPPED,99.50,"USD (POC assumption, unverified)",2023-12-29,1.10500000,3,90.05,https://data-api.ecb.europa.eu/service/data/EXR/D.USD.EUR.SP00.A
25548,37073,6936,Shorts,2024-01-02,SHIPPED,11.38,"USD (POC assumption, unverified)",2024-01-02,1.09560000,0,10.39,https://data-api.ecb.europa.eu/service/data/EXR/D.USD.EUR.SP00.A
25703,37310,26339,Underwear,2024-01-23,SHIPPED,33.00,"USD (POC assumption, unverified)",2024-01-23,1.08720000,0,30.35,https://data-api.ecb.europa.eu/service/data/EXR/D.USD.EUR.SP00.A
25713,37325,25719,Underwear,2024-01-28,COMPLETE,30.00,"USD (POC assumption, unverified)",2024-01-26,1.08710000,2,27.60,https://data-api.ecb.europa.eu/service/data/EXR/D.USD.EUR.SP00.A
25796,37453,17981,Fashion Hoodies & Sweatshirts,2024-01-28,SHIPPED,76.00,"USD (POC assumption, unverified)",2024-01-26,1.08710000,2,69.91,https://data-api.ecb.europa.eu/service/data/EXR/D.USD.EUR.SP00.A
25899,37607,19177,Sweaters,2024-01-23,SHIPPED,77.00,"USD (POC assumption, unverified)",2024-01-23,1.08720000,0,70.82,https://data-api.ecb.europa.eu/service/data/EXR/D.USD.EUR.SP00.A
25979,37712,12884,Swim,2024-01-12,SHIPPED,16.99,"USD (POC assumption, unverified)",2024-01-12,1.09420000,0,15.53,https://data-api.ecb.europa.eu/service/data/EXR/D.USD.EUR.SP00.A
26054,37826,10036,Sleep & Lounge,2024-01-17,SHIPPED,20.00,"USD (POC assumption, unverified)",2024-01-17,1.08770000,0,18.39,https://data-api.ecb.europa.eu/service/data/EXR/D.USD.EUR.SP00.A
26054,37827,12104,Intimates,2024-01-13,SHIPPED,36.00,"USD (POC assumption, unverified)",2024-01-12,1.09420000,1,32.90,https://data-api.ecb.europa.eu/service/data/EXR/D.USD.EUR.SP00.A
26054,37828,7321,Skirts,2024-01-13,SHIPPED,47.95,"USD (POC assumption, unverified)",2024-01-12,1.09420000,1,43.82,https://data-api.ecb.europa.eu/service/data/EXR/D.USD.EUR.SP00.A
26062,37839,4225,Jeans,2024-01-04,COMPLETE,179.00,"USD (POC assumption, unverified)",2024-01-04,1.09530000,0,163.43,https://data-api.ecb.europa.eu/service/data/EXR/D.USD.EUR.SP00.A
26364,38254,19570,Sweaters,2024-01-02,SHIPPED,33.99,"USD (POC assumption, unverified)",2024-01-02,1.09560000,0,31.02,https://data-api.ecb.europa.eu/service/data/EXR/D.USD.EUR.SP00.A
26843,38941,5187,Pants & Capris,2024-01-30,SHIPPED,27.90,"USD (POC assumption, unverified)",2024-01-30,1.08460000,0,25.72,https://data-api.ecb.europa.eu/service/data/EXR/D.USD.EUR.SP00.A
26906,39026,26485,Sleep & Lounge,2024-01-30,COMPLETE,59.99,"USD (POC assumption, unverified)",2024-01-30,1.08460000,0,55.31,https://data-api.ecb.europa.eu/service/data/EXR/D.USD.EUR.SP00.A
27250,39553,19608,Sweaters,2024-01-31,COMPLETE,16.59,"USD (POC assumption, unverified)",2024-01-31,1.08370000,0,15.31,https://data-api.ecb.europa.eu/service/data/EXR/D.USD.EUR.SP00.A
27250,39554,25747,Underwear,2024-01-31,COMPLETE,22.50,"USD (POC assumption, unverified)",2024-01-31,1.08370000,0,20.76,https://data-api.ecb.europa.eu/service/data/EXR/D.USD.EUR.SP00.A
27250,39556,19822,Suits & Sport Coats,2024-01-28,COMPLETE,74.99,"USD (POC assumption, unverified)",2024-01-26,1.08710000,2,68.98,https://data-api.ecb.europa.eu/service/data/EXR/D.USD.EUR.SP00.A
27594,40045,18346,Active,2024-01-30,SHIPPED,11.00,"USD (POC assumption, unverified)",2024-01-30,1.08460000,0,10.14,https://data-api.ecb.europa.eu/service/data/EXR/D.USD.EUR.SP00.A
27621,40082,6727,Shorts,2024-01-05,COMPLETE,15.00,"USD (POC assumption, unverified)",2024-01-05,1.09210000,0,13.74,https://data-api.ecb.europa.eu/service/data/EXR/D.USD.EUR.SP00.A
27738,40252,10743,Intimates,2024-01-27,SHIPPED,22.50,"USD (POC assumption, unverified)",2024-01-26,1.08710000,1,20.70,https://data-api.ecb.europa.eu/service/data/EXR/D.USD.EUR.SP00.A
27745,40259,8579,Outerwear & Coats,2024-01-26,COMPLETE,379.00,"USD (POC assumption, unverified)",2024-01-26,1.08710000,0,348.63,https://data-api.ecb.europa.eu/service/data/EXR/D.USD.EUR.SP00.A
27771,40296,10131,Sleep & Lounge,2024-01-06,COMPLETE,39.99,"USD (POC assumption, unverified)",2024-01-05,1.09210000,1,36.62,https://data-api.ecb.europa.eu/service/data/EXR/D.USD.EUR.SP00.A
28181,40901,21213,Jeans,2024-01-06,SHIPPED,19.99,"USD (POC assumption, unverified)",2024-01-05,1.09210000,1,18.30,https://data-api.ecb.europa.eu/service/data/EXR/D.USD.EUR.SP00.A
28194,40914,27320,Sleep & Lounge,2024-01-13,COMPLETE,18.75,"USD (POC assumption, unverified)",2024-01-12,1.09420000,1,17.14,https://data-api.ecb.europa.eu/service/data/EXR/D.USD.EUR.SP00.A
28230,40964,24126,Outerwear & Coats,2024-01-29,COMPLETE,100.20,"USD (POC assumption, unverified)",2024-01-29,1.08230000,0,92.58,https://data-api.ecb.europa.eu/service/data/EXR/D.USD.EUR.SP00.A
28416,41254,28925,Accessories,2024-01-19,COMPLETE,30.00,"USD (POC assumption, unverified)",2024-01-19,1.08870000,0,27.56,https://data-api.ecb.europa.eu/service/data/EXR/D.USD.EUR.SP00.A
28522,41407,11198,Intimates,2024-01-15,COMPLETE,25.00,"USD (POC assumption, unverified)",2024-01-15,1.09450000,0,22.84,https://data-api.ecb.europa.eu/service/data/EXR/D.USD.EUR.SP00.A
28663,41603,23419,Shorts,2024-01-26,SHIPPED,32.76,"USD (POC assumption, unverified)",2024-01-26,1.08710000,0,30.14,https://data-api.ecb.europa.eu/service/data/EXR/D.USD.EUR.SP00.A
28748,41736,20950,Jeans,2024-01-12,COMPLETE,59.50,"USD (POC assumption, unverified)",2024-01-12,1.09420000,0,54.38,https://data-api.ecb.europa.eu/service/data/EXR/D.USD.EUR.SP00.A
29194,42421,26469,Sleep & Lounge,2024-01-11,COMPLETE,44.00,"USD (POC assumption, unverified)",2024-01-11,1.09870000,0,40.05,https://data-api.ecb.europa.eu/service/data/EXR/D.USD.EUR.SP00.A
29194,42422,24068,Outerwear & Coats,2024-01-11,COMPLETE,39.58,"USD (POC assumption, unverified)",2024-01-11,1.09870000,0,36.02,https://data-api.ecb.europa.eu/service/data/EXR/D.USD.EUR.SP00.A
29194,42423,18058,Active,2024-01-12,COMPLETE,13.95,"USD (POC assumption, unverified)",2024-01-12,1.09420000,0,12.75,https://data-api.ecb.europa.eu/service/data/EXR/D.USD.EUR.SP00.A
29289,42567,24571,Socks,2024-01-28,SHIPPED,19.95,"USD (POC assumption, unverified)",2024-01-26,1.08710000,2,18.35,https://data-api.ecb.europa.eu/service/data/EXR/D.USD.EUR.SP00.A
29344,42643,9088,Socks & Hosiery,2024-01-21,COMPLETE,14.99,"USD (POC assumption, unverified)",2024-01-19,1.08870000,2,13.77,https://data-api.ecb.europa.eu/service/data/EXR/D.USD.EUR.SP00.A
29467,42817,12722,Swim,2024-01-17,SHIPPED,74.95,"USD (POC assumption, unverified)",2024-01-17,1.08770000,0,68.91,https://data-api.ecb.europa.eu/service/data/EXR/D.USD.EUR.SP00.A
29468,42818,10614,Intimates,2024-01-14,COMPLETE,46.00,"USD (POC assumption, unverified)",2024-01-12,1.09420000,2,42.04,https://data-api.ecb.europa.eu/service/data/EXR/D.USD.EUR.SP00.A
29503,42873,25230,Socks,2024-01-31,COMPLETE,22.99,"USD (POC assumption, unverified)",2024-01-31,1.08370000,0,21.21,https://data-api.ecb.europa.eu/service/data/EXR/D.USD.EUR.SP00.A
29503,42874,19055,Sweaters,2024-01-30,COMPLETE,74.34,"USD (POC assumption, unverified)",2024-01-30,1.08460000,0,68.54,https://data-api.ecb.europa.eu/service/data/EXR/D.USD.EUR.SP00.A
29728,43225,26258,Underwear,2024-01-28,COMPLETE,14.99,"USD (POC assumption, unverified)",2024-01-26,1.08710000,2,13.79,https://data-api.ecb.europa.eu/service/data/EXR/D.USD.EUR.SP00.A
29816,43364,2712,Active,2024-01-23,COMPLETE,19.00,"USD (POC assumption, unverified)",2024-01-23,1.08720000,0,17.48,https://data-api.ecb.europa.eu/service/data/EXR/D.USD.EUR.SP00.A
29833,43387,20915,Jeans,2024-01-06,COMPLETE,142.99,"USD (POC assumption, unverified)",2024-01-05,1.09210000,1,130.93,https://data-api.ecb.europa.eu/service/data/EXR/D.USD.EUR.SP00.A
29852,43411,27468,Swim,2024-01-18,COMPLETE,46.00,"USD (POC assumption, unverified)",2024-01-18,1.08750000,0,42.30,https://data-api.ecb.europa.eu/service/data/EXR/D.USD.EUR.SP00.A
29852,43412,17723,Fashion Hoodies & Sweatshirts,2024-01-21,COMPLETE,19.45,"USD (POC assumption, unverified)",2024-01-19,1.08870000,2,17.87,https://data-api.ecb.europa.eu/service/data/EXR/D.USD.EUR.SP00.A
29887,43466,8846,Outerwear & Coats,2024-01-30,SHIPPED,89.99,"USD (POC assumption, unverified)",2024-01-30,1.08460000,0,82.97,https://data-api.ecb.europa.eu/service/data/EXR/D.USD.EUR.SP00.A
30143,43826,7239,Skirts,2024-01-03,SHIPPED,47.63,"USD (POC assumption, unverified)",2024-01-03,1.09190000,0,43.62,https://data-api.ecb.europa.eu/service/data/EXR/D.USD.EUR.SP00.A
30197,43904,16862,Tops & Tees,2024-01-03,COMPLETE,39.50,"USD (POC assumption, unverified)",2024-01-03,1.09190000,0,36.18,https://data-api.ecb.europa.eu/service/data/EXR/D.USD.EUR.SP00.A
30205,43915,6856,Shorts,2024-01-22,SHIPPED,51.00,"USD (POC assumption, unverified)",2024-01-22,1.08900000,0,46.83,https://data-api.ecb.europa.eu/service/data/EXR/D.USD.EUR.SP00.A
30353,44133,19001,Sweaters,2024-01-24,COMPLETE,34.98,"USD (POC assumption, unverified)",2024-01-24,1.09050000,0,32.08,https://data-api.ecb.europa.eu/service/data/EXR/D.USD.EUR.SP00.A
30353,44134,22753,Shorts,2024-01-22,COMPLETE,33.75,"USD (POC assumption, unverified)",2024-01-22,1.08900000,0,30.99,https://data-api.ecb.europa.eu/service/data/EXR/D.USD.EUR.SP00.A
31380,45579,23360,Shorts,2024-01-11,SHIPPED,44.99,"USD (POC assumption, unverified)",2024-01-11,1.09870000,0,40.95,https://data-api.ecb.europa.eu/service/data/EXR/D.USD.EUR.SP00.A
31594,45882,23976,Outerwear & Coats,2024-01-11,SHIPPED,71.98,"USD (POC assumption, unverified)",2024-01-11,1.09870000,0,65.51,https://data-api.ecb.europa.eu/service/data/EXR/D.USD.EUR.SP00.A
31684,46013,3538,Dresses,2024-01-08,COMPLETE,13.81,"USD (POC assumption, unverified)",2024-01-08,1.09460000,0,12.62,https://data-api.ecb.europa.eu/service/data/EXR/D.USD.EUR.SP00.A
31684,46014,13811,Accessories,2024-01-06,COMPLETE,109.95,"USD (POC assumption, unverified)",2024-01-05,1.09210000,1,100.68,https://data-api.ecb.europa.eu/service/data/EXR/D.USD.EUR.SP00.A
31684,46015,2102,Fashion Hoodies & Sweatshirts,2024-01-07,COMPLETE,25.00,"USD (POC assumption, unverified)",2024-01-05,1.09210000,2,22.89,https://data-api.ecb.europa.eu/service/data/EXR/D.USD.EUR.SP00.A
31684,46016,8433,Outerwear & Coats,2024-01-07,COMPLETE,79.17,"USD (POC assumption, unverified)",2024-01-05,1.09210000,2,72.49,https://data-api.ecb.europa.eu/service/data/EXR/D.USD.EUR.SP00.A
31735,46087,13019,Swim,2024-01-21,SHIPPED,28.29,"USD (POC assumption, unverified)",2024-01-19,1.08870000,2,25.99,https://data-api.ecb.europa.eu/service/data/EXR/D.USD.EUR.SP00.A
31750,46109,5496,Pants & Capris,2024-01-25,COMPLETE,89.00,"USD (POC assumption, unverified)",2024-01-25,1.08930000,0,81.70,https://data-api.ecb.europa.eu/service/data/EXR/D.USD.EUR.SP00.A
31758,46118,24966,Socks,2024-01-22,SHIPPED,64.50,"USD (POC assumption, unverified)",2024-01-22,1.08900000,0,59.23,https://data-api.ecb.europa.eu/service/data/EXR/D.USD.EUR.SP00.A
31775,46141,9987,Sleep & Lounge,2024-01-05,COMPLETE,40.78,"USD (POC assumption, unverified)",2024-01-05,1.09210000,0,37.34,https://data-api.ecb.europa.eu/service/data/EXR/D.USD.EUR.SP00.A
31968,46410,7775,Blazers & Jackets,2024-01-12,SHIPPED,99.00,"USD (POC assumption, unverified)",2024-01-12,1.09420000,0,90.48,https://data-api.ecb.europa.eu/service/data/EXR/D.USD.EUR.SP00.A
32247,46809,17000,Tops & Tees,2024-01-25,SHIPPED,36.50,"USD (POC assumption, unverified)",2024-01-25,1.08930000,0,33.51,https://data-api.ecb.europa.eu/service/data/EXR/D.USD.EUR.SP00.A
32470,47137,11846,Intimates,2024-01-20,SHIPPED,61.95,"USD (POC assumption, unverified)",2024-01-19,1.08870000,1,56.90,https://data-api.ecb.europa.eu/service/data/EXR/D.USD.EUR.SP00.A
32815,47642,27351,Sleep & Lounge,2024-01-06,SHIPPED,49.99,"USD (POC assumption, unverified)",2024-01-05,1.09210000,1,45.77,https://data-api.ecb.europa.eu/service/data/EXR/D.USD.EUR.SP00.A
32957,47852,15703,Plus,2024-01-09,SHIPPED,24.99,"USD (POC assumption, unverified)",2024-01-09,1.09400000,0,22.84,https://data-api.ecb.europa.eu/service/data/EXR/D.USD.EUR.SP00.A
32957,47853,4117,Jumpsuits & Rompers,2024-01-08,SHIPPED,38.24,"USD (POC assumption, unverified)",2024-01-08,1.09460000,0,34.94,https://data-api.ecb.europa.eu/service/data/EXR/D.USD.EUR.SP00.A
33013,47918,28819,Accessories,2024-01-04,COMPLETE,31.99,"USD (POC assumption, unverified)",2024-01-04,1.09530000,0,29.21,https://data-api.ecb.europa.eu/service/data/EXR/D.USD.EUR.SP00.A
33084,48016,25103,Socks,2024-01-11,COMPLETE,44.95,"USD (POC assumption, unverified)",2024-01-11,1.09870000,0,40.91,https://data-api.ecb.europa.eu/service/data/EXR/D.USD.EUR.SP00.A
33278,48302,7891,Blazers & Jackets,2024-01-17,COMPLETE,124.99,"USD (POC assumption, unverified)",2024-01-17,1.08770000,0,114.91,https://data-api.ecb.europa.eu/service/data/EXR/D.USD.EUR.SP00.A
33339,48395,18960,Sweaters,2024-01-10,COMPLETE,39.00,"USD (POC assumption, unverified)",2024-01-10,1.09460000,0,35.63,https://data-api.ecb.europa.eu/service/data/EXR/D.USD.EUR.SP00.A
33339,48396,24025,Outerwear & Coats,2024-01-12,COMPLETE,19.99,"USD (POC assumption, unverified)",2024-01-12,1.09420000,0,18.27,https://data-api.ecb.europa.eu/service/data/EXR/D.USD.EUR.SP00.A
33339,48397,24028,Outerwear & Coats,2024-01-12,COMPLETE,69.98,"USD (POC assumption, unverified)",2024-01-12,1.09420000,0,63.96,https://data-api.ecb.europa.eu/service/data/EXR/D.USD.EUR.SP00.A
33339,48398,29092,Accessories,2024-01-14,COMPLETE,24.28,"USD (POC assumption, unverified)",2024-01-12,1.09420000,2,22.19,https://data-api.ecb.europa.eu/service/data/EXR/D.USD.EUR.SP00.A
33362,48435,18341,Active,2024-01-03,COMPLETE,19.99,"USD (POC assumption, unverified)",2024-01-03,1.09190000,0,18.31,https://data-api.ecb.europa.eu/service/data/EXR/D.USD.EUR.SP00.A
33375,48457,23208,Shorts,2024-01-20,COMPLETE,43.00,"USD (POC assumption, unverified)",2024-01-19,1.08870000,1,39.50,https://data-api.ecb.europa.eu/service/data/EXR/D.USD.EUR.SP00.A
33394,48480,18156,Active,2024-01-22,SHIPPED,45.95,"USD (POC assumption, unverified)",2024-01-22,1.08900000,0,42.19,https://data-api.ecb.europa.eu/service/data/EXR/D.USD.EUR.SP00.A
33657,48875,18459,Active,2024-01-06,SHIPPED,43.99,"USD (POC assumption, unverified)",2024-01-05,1.09210000,1,40.28,https://data-api.ecb.europa.eu/service/data/EXR/D.USD.EUR.SP00.A
33989,49327,26921,Sleep & Lounge,2024-01-10,COMPLETE,69.95,"USD (POC assumption, unverified)",2024-01-10,1.09460000,0,63.90,https://data-api.ecb.europa.eu/service/data/EXR/D.USD.EUR.SP00.A
33989,49328,23617,Shorts,2024-01-11,COMPLETE,41.99,"USD (POC assumption, unverified)",2024-01-11,1.09870000,0,38.22,https://data-api.ecb.europa.eu/service/data/EXR/D.USD.EUR.SP00.A
33989,49329,28675,Accessories,2024-01-11,COMPLETE,17.99,"USD (POC assumption, unverified)",2024-01-11,1.09870000,0,16.37,https://data-api.ecb.europa.eu/service/data/EXR/D.USD.EUR.SP00.A
34088,49465,8517,Outerwear & Coats,2024-01-09,SHIPPED,92.36,"USD (POC assumption, unverified)",2024-01-09,1.09400000,0,84.42,https://data-api.ecb.europa.eu/service/data/EXR/D.USD.EUR.SP00.A
34112,49493,6823,Shorts,2024-01-26,COMPLETE,49.45,"USD (POC assumption, unverified)",2024-01-26,1.08710000,0,45.49,https://data-api.ecb.europa.eu/service/data/EXR/D.USD.EUR.SP00.A
34890,50576,28622,Accessories,2024-01-18,SHIPPED,105.00,"USD (POC assumption, unverified)",2024-01-18,1.08750000,0,96.55,https://data-api.ecb.europa.eu/service/data/EXR/D.USD.EUR.SP00.A
35007,50762,26595,Sleep & Lounge,2024-01-02,COMPLETE,83.40,"USD (POC assumption, unverified)",2024-01-02,1.09560000,0,76.12,https://data-api.ecb.europa.eu/service/data/EXR/D.USD.EUR.SP00.A
35007,50763,23590,Shorts,2024-01-02,COMPLETE,52.13,"USD (POC assumption, unverified)",2024-01-02,1.09560000,0,47.58,https://data-api.ecb.europa.eu/service/data/EXR/D.USD.EUR.SP00.A
35007,50764,26987,Sleep & Lounge,2024-01-02,COMPLETE,40.00,"USD (POC assumption, unverified)",2024-01-02,1.09560000,0,36.51,https://data-api.ecb.europa.eu/service/data/EXR/D.USD.EUR.SP00.A
35278,51136,5447,Pants & Capris,2024-01-20,COMPLETE,94.00,"USD (POC assumption, unverified)",2024-01-19,1.08870000,1,86.34,https://data-api.ecb.europa.eu/service/data/EXR/D.USD.EUR.SP00.A
35436,51384,14029,Accessories,2024-01-21,SHIPPED,9.79,"USD (POC assumption, unverified)",2024-01-19,1.08870000,2,8.99,https://data-api.ecb.europa.eu/service/data/EXR/D.USD.EUR.SP00.A
35461,51411,5492,Pants & Capris,2024-01-01,COMPLETE,75.00,"USD (POC assumption, unverified)",2023-12-29,1.10500000,3,67.87,https://data-api.ecb.europa.eu/service/data/EXR/D.USD.EUR.SP00.A
35644,51663,11188,Intimates,2024-01-17,SHIPPED,15.99,"USD (POC assumption, unverified)",2024-01-17,1.08770000,0,14.70,https://data-api.ecb.europa.eu/service/data/EXR/D.USD.EUR.SP00.A
35650,51671,226,Tops & Tees,2024-01-04,COMPLETE,10.76,"USD (POC assumption, unverified)",2024-01-04,1.09530000,0,9.82,https://data-api.ecb.europa.eu/service/data/EXR/D.USD.EUR.SP00.A
35650,51672,14935,Maternity,2024-01-04,COMPLETE,29.99,"USD (POC assumption, unverified)",2024-01-04,1.09530000,0,27.38,https://data-api.ecb.europa.eu/service/data/EXR/D.USD.EUR.SP00.A
35716,51778,24280,Outerwear & Coats,2024-01-26,COMPLETE,75.00,"USD (POC assumption, unverified)",2024-01-26,1.08710000,0,68.99,https://data-api.ecb.europa.eu/service/data/EXR/D.USD.EUR.SP00.A
35749,51828,25011,Socks,2024-01-30,COMPLETE,13.00,"USD (POC assumption, unverified)",2024-01-30,1.08460000,0,11.99,https://data-api.ecb.europa.eu/service/data/EXR/D.USD.EUR.SP00.A
35779,51875,24945,Socks,2024-01-26,SHIPPED,47.95,"USD (POC assumption, unverified)",2024-01-26,1.08710000,0,44.11,https://data-api.ecb.europa.eu/service/data/EXR/D.USD.EUR.SP00.A
35994,52182,2015,Fashion Hoodies & Sweatshirts,2024-01-15,SHIPPED,36.99,"USD (POC assumption, unverified)",2024-01-15,1.09450000,0,33.80,https://data-api.ecb.europa.eu/service/data/EXR/D.USD.EUR.SP00.A
36123,52358,15166,Maternity,2024-01-18,SHIPPED,28.68,"USD (POC assumption, unverified)",2024-01-18,1.08750000,0,26.37,https://data-api.ecb.europa.eu/service/data/EXR/D.USD.EUR.SP00.A
36123,52359,12156,Intimates,2024-01-19,SHIPPED,100.00,"USD (POC assumption, unverified)",2024-01-19,1.08870000,0,91.85,https://data-api.ecb.europa.eu/service/data/EXR/D.USD.EUR.SP00.A
36270,52567,20166,Suits & Sport Coats,2024-01-20,SHIPPED,199.00,"USD (POC assumption, unverified)",2024-01-19,1.08870000,1,182.79,https://data-api.ecb.europa.eu/service/data/EXR/D.USD.EUR.SP00.A
36474,52867,22283,Pants,2024-01-01,COMPLETE,10.77,"USD (POC assumption, unverified)",2023-12-29,1.10500000,3,9.75,https://data-api.ecb.europa.eu/service/data/EXR/D.USD.EUR.SP00.A
36536,52945,21669,Pants,2024-01-01,SHIPPED,60.00,"USD (POC assumption, unverified)",2023-12-29,1.10500000,3,54.30,https://data-api.ecb.europa.eu/service/data/EXR/D.USD.EUR.SP00.A
36595,53024,23183,Shorts,2024-01-12,SHIPPED,29.88,"USD (POC assumption, unverified)",2024-01-12,1.09420000,0,27.31,https://data-api.ecb.europa.eu/service/data/EXR/D.USD.EUR.SP00.A
36768,53273,698,Tops & Tees,2024-01-16,COMPLETE,29.95,"USD (POC assumption, unverified)",2024-01-16,1.08820000,0,27.52,https://data-api.ecb.europa.eu/service/data/EXR/D.USD.EUR.SP00.A
36768,53274,6952,Shorts,2024-01-18,COMPLETE,15.00,"USD (POC assumption, unverified)",2024-01-18,1.08750000,0,13.79,https://data-api.ecb.europa.eu/service/data/EXR/D.USD.EUR.SP00.A
36935,53537,16339,Tops & Tees,2024-01-06,SHIPPED,45.99,"USD (POC assumption, unverified)",2024-01-05,1.09210000,1,42.11,https://data-api.ecb.europa.eu/service/data/EXR/D.USD.EUR.SP00.A
36935,53538,28749,Accessories,2024-01-08,SHIPPED,39.99,"USD (POC assumption, unverified)",2024-01-08,1.09460000,0,36.53,https://data-api.ecb.europa.eu/service/data/EXR/D.USD.EUR.SP00.A
37039,53685,18746,Active,2024-01-13,COMPLETE,30.00,"USD (POC assumption, unverified)",2024-01-12,1.09420000,1,27.42,https://data-api.ecb.europa.eu/service/data/EXR/D.USD.EUR.SP00.A
37043,53689,2649,Active,2024-01-23,SHIPPED,20.00,"USD (POC assumption, unverified)",2024-01-23,1.08720000,0,18.40,https://data-api.ecb.europa.eu/service/data/EXR/D.USD.EUR.SP00.A
37043,53690,11319,Intimates,2024-01-22,SHIPPED,118.58,"USD (POC assumption, unverified)",2024-01-22,1.08900000,0,108.89,https://data-api.ecb.europa.eu/service/data/EXR/D.USD.EUR.SP00.A
37072,53729,18788,Active,2024-01-17,COMPLETE,16.00,"USD (POC assumption, unverified)",2024-01-17,1.08770000,0,14.71,https://data-api.ecb.europa.eu/service/data/EXR/D.USD.EUR.SP00.A
37127,53805,25104,Socks,2024-01-12,COMPLETE,25.00,"USD (POC assumption, unverified)",2024-01-12,1.09420000,0,22.85,https://data-api.ecb.europa.eu/service/data/EXR/D.USD.EUR.SP00.A
37336,54105,27066,Sleep & Lounge,2024-01-17,COMPLETE,70.00,"USD (POC assumption, unverified)",2024-01-17,1.08770000,0,64.36,https://data-api.ecb.europa.eu/service/data/EXR/D.USD.EUR.SP00.A
37393,54181,16581,Tops & Tees,2024-01-31,COMPLETE,39.50,"USD (POC assumption, unverified)",2024-01-31,1.08370000,0,36.45,https://data-api.ecb.europa.eu/service/data/EXR/D.USD.EUR.SP00.A
37588,54461,24851,Socks,2024-01-06,SHIPPED,18.00,"USD (POC assumption, unverified)",2024-01-05,1.09210000,1,16.48,https://data-api.ecb.europa.eu/service/data/EXR/D.USD.EUR.SP00.A
37773,54754,21842,Pants,2024-01-08,COMPLETE,36.99,"USD (POC assumption, unverified)",2024-01-08,1.09460000,0,33.79,https://data-api.ecb.europa.eu/service/data/EXR/D.USD.EUR.SP00.A
38074,55196,26540,Sleep & Lounge,2024-01-27,COMPLETE,25.99,"USD (POC assumption, unverified)",2024-01-26,1.08710000,1,23.91,https://data-api.ecb.europa.eu/service/data/EXR/D.USD.EUR.SP00.A
38074,55197,27804,Swim,2024-01-30,COMPLETE,35.00,"USD (POC assumption, unverified)",2024-01-30,1.08460000,0,32.27,https://data-api.ecb.europa.eu/service/data/EXR/D.USD.EUR.SP00.A
38074,55198,18741,Active,2024-01-28,COMPLETE,9.00,"USD (POC assumption, unverified)",2024-01-26,1.08710000,2,8.28,https://data-api.ecb.europa.eu/service/data/EXR/D.USD.EUR.SP00.A
38134,55302,26143,Underwear,2024-01-25,SHIPPED,13.79,"USD (POC assumption, unverified)",2024-01-25,1.08930000,0,12.66,https://data-api.ecb.europa.eu/service/data/EXR/D.USD.EUR.SP00.A
38538,55906,2454,Active,2024-01-17,SHIPPED,18.00,"USD (POC assumption, unverified)",2024-01-17,1.08770000,0,16.55,https://data-api.ecb.europa.eu/service/data/EXR/D.USD.EUR.SP00.A
38538,55907,15029,Maternity,2024-01-19,SHIPPED,84.00,"USD (POC assumption, unverified)",2024-01-19,1.08870000,0,77.16,https://data-api.ecb.europa.eu/service/data/EXR/D.USD.EUR.SP00.A
38538,55908,11354,Intimates,2024-01-20,SHIPPED,118.00,"USD (POC assumption, unverified)",2024-01-19,1.08870000,1,108.39,https://data-api.ecb.europa.eu/service/data/EXR/D.USD.EUR.SP00.A
38692,56129,23857,Outerwear & Coats,2024-01-26,SHIPPED,375.00,"USD (POC assumption, unverified)",2024-01-26,1.08710000,0,344.95,https://data-api.ecb.europa.eu/service/data/EXR/D.USD.EUR.SP00.A
38716,56166,27689,Swim,2024-01-23,COMPLETE,35.99,"USD (POC assumption, unverified)",2024-01-23,1.08720000,0,33.10,https://data-api.ecb.europa.eu/service/data/EXR/D.USD.EUR.SP00.A
38743,56200,7791,Blazers & Jackets,2024-01-21,SHIPPED,65.13,"USD (POC assumption, unverified)",2024-01-19,1.08870000,2,59.82,https://data-api.ecb.europa.eu/service/data/EXR/D.USD.EUR.SP00.A
38811,56299,3489,Dresses,2024-01-05,SHIPPED,53.94,"USD (POC assumption, unverified)",2024-01-05,1.09210000,0,49.39,https://data-api.ecb.europa.eu/service/data/EXR/D.USD.EUR.SP00.A
38931,56483,19468,Sweaters,2024-01-31,SHIPPED,269.00,"USD (POC assumption, unverified)",2024-01-31,1.08370000,0,248.22,https://data-api.ecb.europa.eu/service/data/EXR/D.USD.EUR.SP00.A
39134,56751,3188,Dresses,2024-01-28,COMPLETE,96.00,"USD (POC assumption, unverified)",2024-01-26,1.08710000,2,88.31,https://data-api.ecb.europa.eu/service/data/EXR/D.USD.EUR.SP00.A
39259,56923,25062,Socks,2024-01-17,COMPLETE,7.99,"USD (POC assumption, unverified)",2024-01-17,1.08770000,0,7.35,https://data-api.ecb.europa.eu/service/data/EXR/D.USD.EUR.SP00.A
39477,57254,8873,Socks & Hosiery,2024-01-14,SHIPPED,15.00,"USD (POC assumption, unverified)",2024-01-12,1.09420000,2,13.71,https://data-api.ecb.europa.eu/service/data/EXR/D.USD.EUR.SP00.A
39665,57528,6503,Shorts,2024-01-24,SHIPPED,20.00,"USD (POC assumption, unverified)",2024-01-24,1.09050000,0,18.34,https://data-api.ecb.europa.eu/service/data/EXR/D.USD.EUR.SP00.A
39665,57529,6861,Shorts,2024-01-25,SHIPPED,246.00,"USD (POC assumption, unverified)",2024-01-25,1.08930000,0,225.83,https://data-api.ecb.europa.eu/service/data/EXR/D.USD.EUR.SP00.A
40028,58037,27212,Sleep & Lounge,2024-01-10,SHIPPED,90.30,"USD (POC assumption, unverified)",2024-01-10,1.09460000,0,82.50,https://data-api.ecb.europa.eu/service/data/EXR/D.USD.EUR.SP00.A
40138,58191,25616,Underwear,2024-01-22,SHIPPED,29.99,"USD (POC assumption, unverified)",2024-01-22,1.08900000,0,27.54,https://data-api.ecb.europa.eu/service/data/EXR/D.USD.EUR.SP00.A
40138,58192,16828,Tops & Tees,2024-01-24,SHIPPED,61.56,"USD (POC assumption, unverified)",2024-01-24,1.09050000,0,56.45,https://data-api.ecb.europa.eu/service/data/EXR/D.USD.EUR.SP00.A
40138,58193,23493,Shorts,2024-01-22,SHIPPED,49.99,"USD (POC assumption, unverified)",2024-01-22,1.08900000,0,45.90,https://data-api.ecb.europa.eu/service/data/EXR/D.USD.EUR.SP00.A
40482,58704,12683,Intimates,2024-01-07,COMPLETE,45.00,"USD (POC assumption, unverified)",2024-01-05,1.09210000,2,41.21,https://data-api.ecb.europa.eu/service/data/EXR/D.USD.EUR.SP00.A
40722,59048,20788,Jeans,2024-01-29,SHIPPED,49.50,"USD (POC assumption, unverified)",2024-01-29,1.08230000,0,45.74,https://data-api.ecb.europa.eu/service/data/EXR/D.USD.EUR.SP00.A
40787,59142,26418,Underwear,2024-01-18,COMPLETE,10.99,"USD (POC assumption, unverified)",2024-01-18,1.08750000,0,10.11,https://data-api.ecb.europa.eu/service/data/EXR/D.USD.EUR.SP00.A
41073,59552,18314,Active,2024-01-29,SHIPPED,112.86,"USD (POC assumption, unverified)",2024-01-29,1.08230000,0,104.28,https://data-api.ecb.europa.eu/service/data/EXR/D.USD.EUR.SP00.A
41073,59553,25774,Underwear,2024-01-27,SHIPPED,22.00,"USD (POC assumption, unverified)",2024-01-26,1.08710000,1,20.24,https://data-api.ecb.europa.eu/service/data/EXR/D.USD.EUR.SP00.A
41073,59554,22354,Pants,2024-01-29,SHIPPED,245.95,"USD (POC assumption, unverified)",2024-01-29,1.08230000,0,227.25,https://data-api.ecb.europa.eu/service/data/EXR/D.USD.EUR.SP00.A
41111,59603,19072,Sweaters,2024-01-25,SHIPPED,115.00,"USD (POC assumption, unverified)",2024-01-25,1.08930000,0,105.57,https://data-api.ecb.europa.eu/service/data/EXR/D.USD.EUR.SP00.A
41111,59604,22737,Shorts,2024-01-29,SHIPPED,125.00,"USD (POC assumption, unverified)",2024-01-29,1.08230000,0,115.49,https://data-api.ecb.europa.eu/service/data/EXR/D.USD.EUR.SP00.A
41221,59762,17456,Fashion Hoodies & Sweatshirts,2024-01-14,SHIPPED,25.93,"USD (POC assumption, unverified)",2024-01-12,1.09420000,2,23.70,https://data-api.ecb.europa.eu/service/data/EXR/D.USD.EUR.SP00.A
41221,59763,17286,Fashion Hoodies & Sweatshirts,2024-01-10,SHIPPED,29.99,"USD (POC assumption, unverified)",2024-01-10,1.09460000,0,27.40,https://data-api.ecb.europa.eu/service/data/EXR/D.USD.EUR.SP00.A
41221,59764,28391,Accessories,2024-01-10,SHIPPED,7.29,"USD (POC assumption, unverified)",2024-01-10,1.09460000,0,6.66,https://data-api.ecb.europa.eu/service/data/EXR/D.USD.EUR.SP00.A
41221,59765,23535,Shorts,2024-01-12,SHIPPED,55.00,"USD (POC assumption, unverified)",2024-01-12,1.09420000,0,50.27,https://data-api.ecb.europa.eu/service/data/EXR/D.USD.EUR.SP00.A
41228,59774,7905,Blazers & Jackets,2024-01-03,COMPLETE,12.17,"USD (POC assumption, unverified)",2024-01-03,1.09190000,0,11.15,https://data-api.ecb.europa.eu/service/data/EXR/D.USD.EUR.SP00.A
41445,60093,22742,Shorts,2024-01-16,COMPLETE,54.00,"USD (POC assumption, unverified)",2024-01-16,1.08820000,0,49.62,https://data-api.ecb.europa.eu/service/data/EXR/D.USD.EUR.SP00.A
41552,60248,16335,Tops & Tees,2024-01-31,SHIPPED,29.99,"USD (POC assumption, unverified)",2024-01-31,1.08370000,0,27.67,https://data-api.ecb.europa.eu/service/data/EXR/D.USD.EUR.SP00.A
41919,60772,15439,Plus,2024-01-14,SHIPPED,83.76,"USD (POC assumption, unverified)",2024-01-12,1.09420000,2,76.55,https://data-api.ecb.europa.eu/service/data/EXR/D.USD.EUR.SP00.A
41975,60847,21922,Pants,2024-01-23,SHIPPED,25.00,"USD (POC assumption, unverified)",2024-01-23,1.08720000,0,22.99,https://data-api.ecb.europa.eu/service/data/EXR/D.USD.EUR.SP00.A
41975,60848,18985,Sweaters,2024-01-20,SHIPPED,125.00,"USD (POC assumption, unverified)",2024-01-19,1.08870000,1,114.82,https://data-api.ecb.europa.eu/service/data/EXR/D.USD.EUR.SP00.A
41975,60849,20018,Suits & Sport Coats,2024-01-21,SHIPPED,84.21,"USD (POC assumption, unverified)",2024-01-19,1.08870000,2,77.35,https://data-api.ecb.europa.eu/service/data/EXR/D.USD.EUR.SP00.A
41975,60850,29104,Accessories,2024-01-23,SHIPPED,18.50,"USD (POC assumption, unverified)",2024-01-23,1.08720000,0,17.02,https://data-api.ecb.europa.eu/service/data/EXR/D.USD.EUR.SP00.A
41995,60878,7718,Blazers & Jackets,2024-01-05,SHIPPED,398.00,"USD (POC assumption, unverified)",2024-01-05,1.09210000,0,364.44,https://data-api.ecb.europa.eu/service/data/EXR/D.USD.EUR.SP00.A
41995,60879,12498,Intimates,2024-01-02,SHIPPED,37.29,"USD (POC assumption, unverified)",2024-01-02,1.09560000,0,34.04,https://data-api.ecb.europa.eu/service/data/EXR/D.USD.EUR.SP00.A
42358,61427,6916,Shorts,2024-01-09,COMPLETE,55.00,"USD (POC assumption, unverified)",2024-01-09,1.09400000,0,50.27,https://data-api.ecb.europa.eu/service/data/EXR/D.USD.EUR.SP00.A
42631,61841,9591,Sleep & Lounge,2024-01-19,COMPLETE,26.99,"USD (POC assumption, unverified)",2024-01-19,1.08870000,0,24.79,https://data-api.ecb.europa.eu/service/data/EXR/D.USD.EUR.SP00.A
42653,61872,12909,Swim,2024-01-26,COMPLETE,150.00,"USD (POC assumption, unverified)",2024-01-26,1.08710000,0,137.98,https://data-api.ecb.europa.eu/service/data/EXR/D.USD.EUR.SP00.A
42782,62058,14493,Maternity,2024-01-15,SHIPPED,52.00,"USD (POC assumption, unverified)",2024-01-15,1.09450000,0,47.51,https://data-api.ecb.europa.eu/service/data/EXR/D.USD.EUR.SP00.A
42952,62315,5060,Jeans,2024-01-27,SHIPPED,22.95,"USD (POC assumption, unverified)",2024-01-26,1.08710000,1,21.11,https://data-api.ecb.europa.eu/service/data/EXR/D.USD.EUR.SP00.A
43045,62439,22804,Shorts,2024-01-25,SHIPPED,48.00,"USD (POC assumption, unverified)",2024-01-25,1.08930000,0,44.06,https://data-api.ecb.europa.eu/service/data/EXR/D.USD.EUR.SP00.A
43208,62674,18983,Sweaters,2024-01-02,SHIPPED,79.00,"USD (POC assumption, unverified)",2024-01-02,1.09560000,0,72.11,https://data-api.ecb.europa.eu/service/data/EXR/D.USD.EUR.SP00.A
43208,62675,16533,Tops & Tees,2024-01-02,SHIPPED,28.00,"USD (POC assumption, unverified)",2024-01-02,1.09560000,0,25.56,https://data-api.ecb.europa.eu/service/data/EXR/D.USD.EUR.SP00.A
43242,62726,20899,Jeans,2024-01-10,COMPLETE,54.99,"USD (POC assumption, unverified)",2024-01-10,1.09460000,0,50.24,https://data-api.ecb.europa.eu/service/data/EXR/D.USD.EUR.SP00.A
43846,63590,233,Tops & Tees,2024-01-04,COMPLETE,27.95,"USD (POC assumption, unverified)",2024-01-04,1.09530000,0,25.52,https://data-api.ecb.europa.eu/service/data/EXR/D.USD.EUR.SP00.A
43846,63591,10022,Sleep & Lounge,2024-01-01,COMPLETE,34.99,"USD (POC assumption, unverified)",2023-12-29,1.10500000,3,31.67,https://data-api.ecb.europa.eu/service/data/EXR/D.USD.EUR.SP00.A
43846,63592,1714,Fashion Hoodies & Sweatshirts,2024-01-04,COMPLETE,36.99,"USD (POC assumption, unverified)",2024-01-04,1.09530000,0,33.77,https://data-api.ecb.europa.eu/service/data/EXR/D.USD.EUR.SP00.A
43846,63593,11712,Intimates,2024-01-03,COMPLETE,54.00,"USD (POC assumption, unverified)",2024-01-03,1.09190000,0,49.46,https://data-api.ecb.europa.eu/service/data/EXR/D.USD.EUR.SP00.A
43858,63614,5865,Leggings,2024-01-28,SHIPPED,11.83,"USD (POC assumption, unverified)",2024-01-26,1.08710000,2,10.88,https://data-api.ecb.europa.eu/service/data/EXR/D.USD.EUR.SP00.A
43943,63741,18624,Active,2024-01-06,COMPLETE,30.45,"USD (POC assumption, unverified)",2024-01-05,1.09210000,1,27.88,https://data-api.ecb.europa.eu/service/data/EXR/D.USD.EUR.SP00.A
43943,63742,22343,Pants,2024-01-05,COMPLETE,65.00,"USD (POC assumption, unverified)",2024-01-05,1.09210000,0,59.52,https://data-api.ecb.europa.eu/service/data/EXR/D.USD.EUR.SP00.A
44261,64189,3394,Dresses,2024-01-29,COMPLETE,128.00,"USD (POC assumption, unverified)",2024-01-29,1.08230000,0,118.27,https://data-api.ecb.europa.eu/service/data/EXR/D.USD.EUR.SP00.A
44261,64190,12650,Intimates,2024-01-29,COMPLETE,11.96,"USD (POC assumption, unverified)",2024-01-29,1.08230000,0,11.05,https://data-api.ecb.europa.eu/service/data/EXR/D.USD.EUR.SP00.A
44261,64191,15384,Plus,2024-01-30,COMPLETE,29.68,"USD (POC assumption, unverified)",2024-01-30,1.08460000,0,27.36,https://data-api.ecb.europa.eu/service/data/EXR/D.USD.EUR.SP00.A
44375,64348,13126,Swim,2024-01-02,SHIPPED,52.92,"USD (POC assumption, unverified)",2024-01-02,1.09560000,0,48.30,https://data-api.ecb.europa.eu/service/data/EXR/D.USD.EUR.SP00.A
44420,64411,17745,Fashion Hoodies & Sweatshirts,2024-01-24,COMPLETE,48.20,"USD (POC assumption, unverified)",2024-01-24,1.09050000,0,44.20,https://data-api.ecb.europa.eu/service/data/EXR/D.USD.EUR.SP00.A
44505,64540,19854,Suits & Sport Coats,2024-01-21,COMPLETE,148.00,"USD (POC assumption, unverified)",2024-01-19,1.08870000,2,135.94,https://data-api.ecb.europa.eu/service/data/EXR/D.USD.EUR.SP00.A
44571,64634,27832,Swim,2024-01-11,SHIPPED,16.97,"USD (POC assumption, unverified)",2024-01-11,1.09870000,0,15.45,https://data-api.ecb.europa.eu/service/data/EXR/D.USD.EUR.SP00.A
44571,64635,17108,Fashion Hoodies & Sweatshirts,2024-01-12,SHIPPED,54.85,"USD (POC assumption, unverified)",2024-01-12,1.09420000,0,50.13,https://data-api.ecb.europa.eu/service/data/EXR/D.USD.EUR.SP00.A
44592,64669,25238,Socks,2024-01-08,COMPLETE,15.95,"USD (POC assumption, unverified)",2024-01-08,1.09460000,0,14.57,https://data-api.ecb.europa.eu/service/data/EXR/D.USD.EUR.SP00.A
44800,64959,124,Tops & Tees,2024-01-26,SHIPPED,9.98,"USD (POC assumption, unverified)",2024-01-26,1.08710000,0,9.18,https://data-api.ecb.europa.eu/service/data/EXR/D.USD.EUR.SP00.A
44800,64960,1670,Fashion Hoodies & Sweatshirts,2024-01-26,SHIPPED,29.99,"USD (POC assumption, unverified)",2024-01-26,1.08710000,0,27.59,https://data-api.ecb.europa.eu/service/data/EXR/D.USD.EUR.SP00.A
44887,65091,20789,Jeans,2024-01-31,COMPLETE,36.99,"USD (POC assumption, unverified)",2024-01-31,1.08370000,0,34.13,https://data-api.ecb.europa.eu/service/data/EXR/D.USD.EUR.SP00.A
45322,65700,8720,Outerwear & Coats,2024-01-22,COMPLETE,69.99,"USD (POC assumption, unverified)",2024-01-22,1.08900000,0,64.27,https://data-api.ecb.europa.eu/service/data/EXR/D.USD.EUR.SP00.A
45322,65701,14080,Accessories,2024-01-22,COMPLETE,39.95,"USD (POC assumption, unverified)",2024-01-22,1.08900000,0,36.69,https://data-api.ecb.europa.eu/service/data/EXR/D.USD.EUR.SP00.A
45628,66145,2893,Active,2024-01-03,SHIPPED,25.00,"USD (POC assumption, unverified)",2024-01-03,1.09190000,0,22.90,https://data-api.ecb.europa.eu/service/data/EXR/D.USD.EUR.SP00.A
45912,66539,9840,Sleep & Lounge,2024-01-12,COMPLETE,34.99,"USD (POC assumption, unverified)",2024-01-12,1.09420000,0,31.98,https://data-api.ecb.europa.eu/service/data/EXR/D.USD.EUR.SP00.A
45933,66571,24166,Outerwear & Coats,2024-01-05,COMPLETE,90.00,"USD (POC assumption, unverified)",2024-01-05,1.09210000,0,82.41,https://data-api.ecb.europa.eu/service/data/EXR/D.USD.EUR.SP00.A
46164,66900,28900,Accessories,2024-01-21,SHIPPED,106.95,"USD (POC assumption, unverified)",2024-01-19,1.08870000,2,98.24,https://data-api.ecb.europa.eu/service/data/EXR/D.USD.EUR.SP00.A
46252,67041,26105,Underwear,2024-01-30,COMPLETE,30.00,"USD (POC assumption, unverified)",2024-01-30,1.08460000,0,27.66,https://data-api.ecb.europa.eu/service/data/EXR/D.USD.EUR.SP00.A
46558,67494,4194,Jumpsuits & Rompers,2024-01-31,COMPLETE,39.99,"USD (POC assumption, unverified)",2024-01-31,1.08370000,0,36.90,https://data-api.ecb.europa.eu/service/data/EXR/D.USD.EUR.SP00.A
46641,67620,7345,Skirts,2024-01-31,COMPLETE,98.00,"USD (POC assumption, unverified)",2024-01-31,1.08370000,0,90.43,https://data-api.ecb.europa.eu/service/data/EXR/D.USD.EUR.SP00.A
46641,67621,11305,Intimates,2024-01-29,COMPLETE,15.00,"USD (POC assumption, unverified)",2024-01-29,1.08230000,0,13.86,https://data-api.ecb.europa.eu/service/data/EXR/D.USD.EUR.SP00.A
46668,67655,7449,Skirts,2024-01-25,SHIPPED,89.00,"USD (POC assumption, unverified)",2024-01-25,1.08930000,0,81.70,https://data-api.ecb.europa.eu/service/data/EXR/D.USD.EUR.SP00.A
46820,67877,28135,Swim,2024-01-29,SHIPPED,52.00,"USD (POC assumption, unverified)",2024-01-29,1.08230000,0,48.05,https://data-api.ecb.europa.eu/service/data/EXR/D.USD.EUR.SP00.A
46827,67885,6604,Shorts,2024-01-04,COMPLETE,52.98,"USD (POC assumption, unverified)",2024-01-04,1.09530000,0,48.37,https://data-api.ecb.europa.eu/service/data/EXR/D.USD.EUR.SP00.A
46872,67949,28943,Accessories,2024-01-08,SHIPPED,150.00,"USD (POC assumption, unverified)",2024-01-08,1.09460000,0,137.04,https://data-api.ecb.europa.eu/service/data/EXR/D.USD.EUR.SP00.A
46968,68091,21418,Jeans,2024-01-04,SHIPPED,109.00,"USD (POC assumption, unverified)",2024-01-04,1.09530000,0,99.52,https://data-api.ecb.europa.eu/service/data/EXR/D.USD.EUR.SP00.A
47019,68156,21089,Jeans,2024-01-31,SHIPPED,189.00,"USD (POC assumption, unverified)",2024-01-31,1.08370000,0,174.40,https://data-api.ecb.europa.eu/service/data/EXR/D.USD.EUR.SP00.A
47154,68346,20003,Suits & Sport Coats,2024-01-02,COMPLETE,89.95,"USD (POC assumption, unverified)",2024-01-02,1.09560000,0,82.10,https://data-api.ecb.europa.eu/service/data/EXR/D.USD.EUR.SP00.A
47233,68469,3863,Dresses,2024-01-27,SHIPPED,54.99,"USD (POC assumption, unverified)",2024-01-26,1.08710000,1,50.58,https://data-api.ecb.europa.eu/service/data/EXR/D.USD.EUR.SP00.A
47445,68772,4794,Jeans,2024-01-14,COMPLETE,165.00,"USD (POC assumption, unverified)",2024-01-12,1.09420000,2,150.80,https://data-api.ecb.europa.eu/service/data/EXR/D.USD.EUR.SP00.A
47695,69129,2206,Fashion Hoodies & Sweatshirts,2024-01-31,SHIPPED,50.00,"USD (POC assumption, unverified)",2024-01-31,1.08370000,0,46.14,https://data-api.ecb.europa.eu/service/data/EXR/D.USD.EUR.SP00.A
47695,69130,4217,Jeans,2024-01-31,SHIPPED,69.00,"USD (POC assumption, unverified)",2024-01-31,1.08370000,0,63.67,https://data-api.ecb.europa.eu/service/data/EXR/D.USD.EUR.SP00.A
47702,69139,19833,Suits & Sport Coats,2024-01-11,COMPLETE,172.94,"USD (POC assumption, unverified)",2024-01-11,1.09870000,0,157.40,https://data-api.ecb.europa.eu/service/data/EXR/D.USD.EUR.SP00.A
47822,69323,21554,Jeans,2024-01-27,SHIPPED,89.99,"USD (POC assumption, unverified)",2024-01-26,1.08710000,1,82.78,https://data-api.ecb.europa.eu/service/data/EXR/D.USD.EUR.SP00.A
47925,69459,5142,Pants & Capris,2024-01-31,COMPLETE,50.00,"USD (POC assumption, unverified)",2024-01-31,1.08370000,0,46.14,https://data-api.ecb.europa.eu/service/data/EXR/D.USD.EUR.SP00.A
48086,69699,6774,Shorts,2024-01-30,COMPLETE,9.45,"USD (POC assumption, unverified)",2024-01-30,1.08460000,0,8.71,https://data-api.ecb.europa.eu/service/data/EXR/D.USD.EUR.SP00.A
48199,69860,19606,Sweaters,2024-01-06,SHIPPED,55.60,"USD (POC assumption, unverified)",2024-01-05,1.09210000,1,50.91,https://data-api.ecb.europa.eu/service/data/EXR/D.USD.EUR.SP00.A
48271,69963,22078,Pants,2024-01-12,COMPLETE,69.00,"USD (POC assumption, unverified)",2024-01-12,1.09420000,0,63.06,https://data-api.ecb.europa.eu/service/data/EXR/D.USD.EUR.SP00.A
48271,69964,24290,Outerwear & Coats,2024-01-12,COMPLETE,117.18,"USD (POC assumption, unverified)",2024-01-12,1.09420000,0,107.09,https://data-api.ecb.europa.eu/service/data/EXR/D.USD.EUR.SP00.A
48529,70329,5778,Leggings,2024-01-30,COMPLETE,54.99,"USD (POC assumption, unverified)",2024-01-30,1.08460000,0,50.70,https://data-api.ecb.europa.eu/service/data/EXR/D.USD.EUR.SP00.A
48627,70471,29011,Accessories,2024-01-30,SHIPPED,61.15,"USD (POC assumption, unverified)",2024-01-30,1.08460000,0,56.38,https://data-api.ecb.europa.eu/service/data/EXR/D.USD.EUR.SP00.A
48629,70473,17323,Fashion Hoodies & Sweatshirts,2024-01-18,COMPLETE,51.00,"USD (POC assumption, unverified)",2024-01-18,1.08750000,0,46.90,https://data-api.ecb.europa.eu/service/data/EXR/D.USD.EUR.SP00.A
48629,70474,25508,Underwear,2024-01-19,COMPLETE,42.00,"USD (POC assumption, unverified)",2024-01-19,1.08870000,0,38.58,https://data-api.ecb.europa.eu/service/data/EXR/D.USD.EUR.SP00.A
48729,70617,6911,Shorts,2024-01-03,SHIPPED,41.45,"USD (POC assumption, unverified)",2024-01-03,1.09190000,0,37.96,https://data-api.ecb.europa.eu/service/data/EXR/D.USD.EUR.SP00.A
48744,70635,7487,Blazers & Jackets,2024-01-13,COMPLETE,191.25,"USD (POC assumption, unverified)",2024-01-12,1.09420000,1,174.79,https://data-api.ecb.europa.eu/service/data/EXR/D.USD.EUR.SP00.A
48744,70636,6902,Shorts,2024-01-11,COMPLETE,40.00,"USD (POC assumption, unverified)",2024-01-11,1.09870000,0,36.41,https://data-api.ecb.europa.eu/service/data/EXR/D.USD.EUR.SP00.A
49386,71565,20033,Suits & Sport Coats,2024-01-18,SHIPPED,119.99,"USD (POC assumption, unverified)",2024-01-18,1.08750000,0,110.34,https://data-api.ecb.europa.eu/service/data/EXR/D.USD.EUR.SP00.A
49507,71736,21220,Jeans,2024-01-24,SHIPPED,109.98,"USD (POC assumption, unverified)",2024-01-24,1.09050000,0,100.85,https://data-api.ecb.europa.eu/service/data/EXR/D.USD.EUR.SP00.A
49514,71745,16525,Tops & Tees,2024-01-02,SHIPPED,52.00,"USD (POC assumption, unverified)",2024-01-02,1.09560000,0,47.46,https://data-api.ecb.europa.eu/service/data/EXR/D.USD.EUR.SP00.A
49514,71746,28308,Accessories,2024-01-03,SHIPPED,53.00,"USD (POC assumption, unverified)",2024-01-03,1.09190000,0,48.54,https://data-api.ecb.europa.eu/service/data/EXR/D.USD.EUR.SP00.A
49987,72459,7852,Blazers & Jackets,2024-01-31,SHIPPED,9.88,"USD (POC assumption, unverified)",2024-01-31,1.08370000,0,9.12,https://data-api.ecb.europa.eu/service/data/EXR/D.USD.EUR.SP00.A
50160,72700,7142,Skirts,2024-01-20,SHIPPED,89.00,"USD (POC assumption, unverified)",2024-01-19,1.08870000,1,81.75,https://data-api.ecb.europa.eu/service/data/EXR/D.USD.EUR.SP00.A
50160,72701,771,Tops & Tees,2024-01-17,SHIPPED,36.45,"USD (POC assumption, unverified)",2024-01-17,1.08770000,0,33.51,https://data-api.ecb.europa.eu/service/data/EXR/D.USD.EUR.SP00.A
50160,72702,9107,Socks & Hosiery,2024-01-17,SHIPPED,9.95,"USD (POC assumption, unverified)",2024-01-17,1.08770000,0,9.15,https://data-api.ecb.europa.eu/service/data/EXR/D.USD.EUR.SP00.A
50227,72811,14795,Maternity,2024-01-30,COMPLETE,184.00,"USD (POC assumption, unverified)",2024-01-30,1.08460000,0,169.65,https://data-api.ecb.europa.eu/service/data/EXR/D.USD.EUR.SP00.A
50227,72813,15494,Plus,2024-01-29,COMPLETE,39.95,"USD (POC assumption, unverified)",2024-01-29,1.08230000,0,36.91,https://data-api.ecb.europa.eu/service/data/EXR/D.USD.EUR.SP00.A
50321,72942,21176,Jeans,2024-01-29,SHIPPED,68.00,"USD (POC assumption, unverified)",2024-01-29,1.08230000,0,62.83,https://data-api.ecb.europa.eu/service/data/EXR/D.USD.EUR.SP00.A
50321,72943,26748,Sleep & Lounge,2024-01-26,SHIPPED,25.00,"USD (POC assumption, unverified)",2024-01-26,1.08710000,0,23.00,https://data-api.ecb.europa.eu/service/data/EXR/D.USD.EUR.SP00.A
50734,73517,12173,Intimates,2024-01-28,SHIPPED,24.00,"USD (POC assumption, unverified)",2024-01-26,1.08710000,2,22.08,https://data-api.ecb.europa.eu/service/data/EXR/D.USD.EUR.SP00.A
51199,74230,19703,Sweaters,2024-01-13,COMPLETE,68.67,"USD (POC assumption, unverified)",2024-01-12,1.09420000,1,62.76,https://data-api.ecb.europa.eu/service/data/EXR/D.USD.EUR.SP00.A
51295,74372,17544,Fashion Hoodies & Sweatshirts,2024-01-27,SHIPPED,27.98,"USD (POC assumption, unverified)",2024-01-26,1.08710000,1,25.74,https://data-api.ecb.europa.eu/service/data/EXR/D.USD.EUR.SP00.A
51347,74452,17112,Fashion Hoodies & Sweatshirts,2024-01-01,SHIPPED,29.99,"USD (POC assumption, unverified)",2023-12-29,1.10500000,3,27.14,https://data-api.ecb.europa.eu/service/data/EXR/D.USD.EUR.SP00.A
51834,75173,19829,Suits & Sport Coats,2024-01-13,COMPLETE,109.99,"USD (POC assumption, unverified)",2024-01-12,1.09420000,1,100.52,https://data-api.ecb.europa.eu/service/data/EXR/D.USD.EUR.SP00.A
51937,75326,15740,Plus,2024-01-16,COMPLETE,124.50,"USD (POC assumption, unverified)",2024-01-16,1.08820000,0,114.41,https://data-api.ecb.europa.eu/service/data/EXR/D.USD.EUR.SP00.A
51937,75327,3720,Dresses,2024-01-17,COMPLETE,45.00,"USD (POC assumption, unverified)",2024-01-17,1.08770000,0,41.37,https://data-api.ecb.europa.eu/service/data/EXR/D.USD.EUR.SP00.A
51937,75328,14628,Maternity,2024-01-15,COMPLETE,18.50,"USD (POC assumption, unverified)",2024-01-15,1.09450000,0,16.90,https://data-api.ecb.europa.eu/service/data/EXR/D.USD.EUR.SP00.A
51989,75396,6152,Leggings,2024-01-10,SHIPPED,28.00,"USD (POC assumption, unverified)",2024-01-10,1.09460000,0,25.58,https://data-api.ecb.europa.eu/service/data/EXR/D.USD.EUR.SP00.A
51989,75397,8331,Outerwear & Coats,2024-01-09,SHIPPED,97.90,"USD (POC assumption, unverified)",2024-01-09,1.09400000,0,89.49,https://data-api.ecb.europa.eu/service/data/EXR/D.USD.EUR.SP00.A
52017,75438,16561,Tops & Tees,2024-01-14,SHIPPED,60.00,"USD (POC assumption, unverified)",2024-01-12,1.09420000,2,54.83,https://data-api.ecb.europa.eu/service/data/EXR/D.USD.EUR.SP00.A
52017,75439,25507,Underwear,2024-01-13,SHIPPED,24.99,"USD (POC assumption, unverified)",2024-01-12,1.09420000,1,22.84,https://data-api.ecb.europa.eu/service/data/EXR/D.USD.EUR.SP00.A
52057,75495,27715,Swim,2024-01-14,COMPLETE,69.50,"USD (POC assumption, unverified)",2024-01-12,1.09420000,2,63.52,https://data-api.ecb.europa.eu/service/data/EXR/D.USD.EUR.SP00.A
52344,75909,12164,Intimates,2024-01-03,COMPLETE,37.76,"USD (POC assumption, unverified)",2024-01-03,1.09190000,0,34.58,https://data-api.ecb.europa.eu/service/data/EXR/D.USD.EUR.SP00.A
52528,76168,22921,Shorts,2024-01-29,SHIPPED,54.00,"USD (POC assumption, unverified)",2024-01-29,1.08230000,0,49.89,https://data-api.ecb.europa.eu/service/data/EXR/D.USD.EUR.SP00.A
52528,76169,27957,Swim,2024-01-27,SHIPPED,25.00,"USD (POC assumption, unverified)",2024-01-26,1.08710000,1,23.00,https://data-api.ecb.europa.eu/service/data/EXR/D.USD.EUR.SP00.A
52581,76250,28406,Accessories,2024-01-03,COMPLETE,3.46,"USD (POC assumption, unverified)",2024-01-03,1.09190000,0,3.17,https://data-api.ecb.europa.eu/service/data/EXR/D.USD.EUR.SP00.A
52637,76334,19970,Suits & Sport Coats,2024-01-18,SHIPPED,89.99,"USD (POC assumption, unverified)",2024-01-18,1.08750000,0,82.75,https://data-api.ecb.europa.eu/service/data/EXR/D.USD.EUR.SP00.A
52722,76455,5295,Pants & Capris,2024-01-24,COMPLETE,56.88,"USD (POC assumption, unverified)",2024-01-24,1.09050000,0,52.16,https://data-api.ecb.europa.eu/service/data/EXR/D.USD.EUR.SP00.A
52722,76456,13359,Swim,2024-01-27,COMPLETE,110.00,"USD (POC assumption, unverified)",2024-01-26,1.08710000,1,101.19,https://data-api.ecb.europa.eu/service/data/EXR/D.USD.EUR.SP00.A
52771,76537,27850,Swim,2024-01-18,SHIPPED,59.50,"USD (POC assumption, unverified)",2024-01-18,1.08750000,0,54.71,https://data-api.ecb.europa.eu/service/data/EXR/D.USD.EUR.SP00.A
52819,76600,17026,Tops & Tees,2024-01-12,COMPLETE,34.95,"USD (POC assumption, unverified)",2024-01-12,1.09420000,0,31.94,https://data-api.ecb.europa.eu/service/data/EXR/D.USD.EUR.SP00.A
52819,76601,21476,Jeans,2024-01-11,COMPLETE,39.45,"USD (POC assumption, unverified)",2024-01-11,1.09870000,0,35.91,https://data-api.ecb.europa.eu/service/data/EXR/D.USD.EUR.SP00.A
52873,76674,13801,Accessories,2024-01-02,SHIPPED,6.99,"USD (POC assumption, unverified)",2024-01-02,1.09560000,0,6.38,https://data-api.ecb.europa.eu/service/data/EXR/D.USD.EUR.SP00.A
52873,76675,11915,Intimates,2024-01-02,SHIPPED,59.00,"USD (POC assumption, unverified)",2024-01-02,1.09560000,0,53.85,https://data-api.ecb.europa.eu/service/data/EXR/D.USD.EUR.SP00.A
52935,76755,21926,Pants,2024-01-13,COMPLETE,65.00,"USD (POC assumption, unverified)",2024-01-12,1.09420000,1,59.40,https://data-api.ecb.europa.eu/service/data/EXR/D.USD.EUR.SP00.A
52944,76765,21666,Pants,2024-01-30,SHIPPED,55.38,"USD (POC assumption, unverified)",2024-01-30,1.08460000,0,51.06,https://data-api.ecb.europa.eu/service/data/EXR/D.USD.EUR.SP00.A
52991,76832,27603,Swim,2024-01-10,SHIPPED,36.85,"USD (POC assumption, unverified)",2024-01-10,1.09460000,0,33.67,https://data-api.ecb.europa.eu/service/data/EXR/D.USD.EUR.SP00.A
53021,76874,3207,Dresses,2024-01-25,COMPLETE,44.94,"USD (POC assumption, unverified)",2024-01-25,1.08930000,0,41.26,https://data-api.ecb.europa.eu/service/data/EXR/D.USD.EUR.SP00.A
53031,76890,25940,Underwear,2024-01-09,SHIPPED,28.00,"USD (POC assumption, unverified)",2024-01-09,1.09400000,0,25.59,https://data-api.ecb.europa.eu/service/data/EXR/D.USD.EUR.SP00.A
53112,77005,27547,Swim,2024-01-18,SHIPPED,16.97,"USD (POC assumption, unverified)",2024-01-18,1.08750000,0,15.60,https://data-api.ecb.europa.eu/service/data/EXR/D.USD.EUR.SP00.A
53220,77169,7877,Blazers & Jackets,2024-01-17,SHIPPED,13.50,"USD (POC assumption, unverified)",2024-01-17,1.08770000,0,12.41,https://data-api.ecb.europa.eu/service/data/EXR/D.USD.EUR.SP00.A
53220,77170,9478,Socks & Hosiery,2024-01-13,SHIPPED,13.99,"USD (POC assumption, unverified)",2024-01-12,1.09420000,1,12.79,https://data-api.ecb.europa.eu/service/data/EXR/D.USD.EUR.SP00.A
53220,77171,10531,Intimates,2024-01-15,SHIPPED,18.27,"USD (POC assumption, unverified)",2024-01-15,1.09450000,0,16.69,https://data-api.ecb.europa.eu/service/data/EXR/D.USD.EUR.SP00.A
53220,77172,8001,Blazers & Jackets,2024-01-12,SHIPPED,10.92,"USD (POC assumption, unverified)",2024-01-12,1.09420000,0,9.98,https://data-api.ecb.europa.eu/service/data/EXR/D.USD.EUR.SP00.A
53312,77310,5825,Leggings,2024-01-11,COMPLETE,49.00,"USD (POC assumption, unverified)",2024-01-11,1.09870000,0,44.60,https://data-api.ecb.europa.eu/service/data/EXR/D.USD.EUR.SP00.A
53370,77399,22635,Pants,2024-01-28,COMPLETE,54.99,"USD (POC assumption, unverified)",2024-01-26,1.08710000,2,50.58,https://data-api.ecb.europa.eu/service/data/EXR/D.USD.EUR.SP00.A
53570,77681,3671,Dresses,2024-01-06,COMPLETE,43.99,"USD (POC assumption, unverified)",2024-01-05,1.09210000,1,40.28,https://data-api.ecb.europa.eu/service/data/EXR/D.USD.EUR.SP00.A
53570,77682,11145,Intimates,2024-01-07,COMPLETE,49.99,"USD (POC assumption, unverified)",2024-01-05,1.09210000,2,45.77,https://data-api.ecb.europa.eu/service/data/EXR/D.USD.EUR.SP00.A
53588,77708,2689,Active,2024-01-20,COMPLETE,25.00,"USD (POC assumption, unverified)",2024-01-19,1.08870000,1,22.96,https://data-api.ecb.europa.eu/service/data/EXR/D.USD.EUR.SP00.A
53640,77776,22,Tops & Tees,2024-01-16,SHIPPED,158.00,"USD (POC assumption, unverified)",2024-01-16,1.08820000,0,145.19,https://data-api.ecb.europa.eu/service/data/EXR/D.USD.EUR.SP00.A
53802,78005,20027,Suits & Sport Coats,2024-01-11,COMPLETE,139.99,"USD (POC assumption, unverified)",2024-01-11,1.09870000,0,127.41,https://data-api.ecb.europa.eu/service/data/EXR/D.USD.EUR.SP00.A
53802,78006,23356,Shorts,2024-01-11,COMPLETE,59.50,"USD (POC assumption, unverified)",2024-01-11,1.09870000,0,54.15,https://data-api.ecb.europa.eu/service/data/EXR/D.USD.EUR.SP00.A
53989,78283,22315,Pants,2024-01-14,COMPLETE,176.00,"USD (POC assumption, unverified)",2024-01-12,1.09420000,2,160.85,https://data-api.ecb.europa.eu/service/data/EXR/D.USD.EUR.SP00.A
53989,78284,24820,Socks,2024-01-18,COMPLETE,10.00,"USD (POC assumption, unverified)",2024-01-18,1.08750000,0,9.20,https://data-api.ecb.europa.eu/service/data/EXR/D.USD.EUR.SP00.A
53989,78285,26968,Sleep & Lounge,2024-01-18,COMPLETE,37.95,"USD (POC assumption, unverified)",2024-01-18,1.08750000,0,34.90,https://data-api.ecb.europa.eu/service/data/EXR/D.USD.EUR.SP00.A
53989,78286,20300,Suits & Sport Coats,2024-01-15,COMPLETE,60.00,"USD (POC assumption, unverified)",2024-01-15,1.09450000,0,54.82,https://data-api.ecb.europa.eu/service/data/EXR/D.USD.EUR.SP00.A
54343,78774,24710,Socks,2024-01-04,COMPLETE,16.00,"USD (POC assumption, unverified)",2024-01-04,1.09530000,0,14.61,https://data-api.ecb.europa.eu/service/data/EXR/D.USD.EUR.SP00.A
54984,79699,8665,Outerwear & Coats,2024-01-09,SHIPPED,129.95,"USD (POC assumption, unverified)",2024-01-09,1.09400000,0,118.78,https://data-api.ecb.europa.eu/service/data/EXR/D.USD.EUR.SP00.A
55084,79849,2741,Active,2024-01-27,COMPLETE,36.00,"USD (POC assumption, unverified)",2024-01-26,1.08710000,1,33.12,https://data-api.ecb.europa.eu/service/data/EXR/D.USD.EUR.SP00.A
55088,79854,14332,Maternity,2024-01-13,COMPLETE,69.00,"USD (POC assumption, unverified)",2024-01-12,1.09420000,1,63.06,https://data-api.ecb.europa.eu/service/data/EXR/D.USD.EUR.SP00.A
55311,80162,21447,Jeans,2024-01-02,SHIPPED,172.20,"USD (POC assumption, unverified)",2024-01-02,1.09560000,0,157.17,https://data-api.ecb.europa.eu/service/data/EXR/D.USD.EUR.SP00.A
55311,80163,23027,Shorts,2024-01-01,SHIPPED,36.00,"USD (POC assumption, unverified)",2023-12-29,1.10500000,3,32.58,https://data-api.ecb.europa.eu/service/data/EXR/D.USD.EUR.SP00.A
55398,80283,5674,Pants & Capris,2024-01-02,SHIPPED,108.00,"USD (POC assumption, unverified)",2024-01-02,1.09560000,0,98.58,https://data-api.ecb.europa.eu/service/data/EXR/D.USD.EUR.SP00.A
55559,80517,12767,Swim,2024-01-09,SHIPPED,108.00,"USD (POC assumption, unverified)",2024-01-09,1.09400000,0,98.72,https://data-api.ecb.europa.eu/service/data/EXR/D.USD.EUR.SP00.A
55571,80536,8972,Socks & Hosiery,2024-01-16,SHIPPED,14.00,"USD (POC assumption, unverified)",2024-01-16,1.08820000,0,12.87,https://data-api.ecb.europa.eu/service/data/EXR/D.USD.EUR.SP00.A
55571,80537,12480,Intimates,2024-01-13,SHIPPED,40.00,"USD (POC assumption, unverified)",2024-01-12,1.09420000,1,36.56,https://data-api.ecb.europa.eu/service/data/EXR/D.USD.EUR.SP00.A
55635,80625,9209,Socks & Hosiery,2024-01-27,COMPLETE,10.00,"USD (POC assumption, unverified)",2024-01-26,1.08710000,1,9.20,https://data-api.ecb.europa.eu/service/data/EXR/D.USD.EUR.SP00.A
55661,80663,20821,Jeans,2024-01-14,SHIPPED,90.00,"USD (POC assumption, unverified)",2024-01-12,1.09420000,2,82.25,https://data-api.ecb.europa.eu/service/data/EXR/D.USD.EUR.SP00.A
55661,80664,22806,Shorts,2024-01-15,SHIPPED,46.00,"USD (POC assumption, unverified)",2024-01-15,1.09450000,0,42.03,https://data-api.ecb.europa.eu/service/data/EXR/D.USD.EUR.SP00.A
55806,80897,1287,Sweaters,2024-01-28,SHIPPED,349.00,"USD (POC assumption, unverified)",2024-01-26,1.08710000,2,321.04,https://data-api.ecb.europa.eu/service/data/EXR/D.USD.EUR.SP00.A
55806,80898,810,Sweaters,2024-01-29,SHIPPED,59.99,"USD (POC assumption, unverified)",2024-01-29,1.08230000,0,55.43,https://data-api.ecb.europa.eu/service/data/EXR/D.USD.EUR.SP00.A
55806,80899,11784,Intimates,2024-01-30,SHIPPED,54.00,"USD (POC assumption, unverified)",2024-01-30,1.08460000,0,49.79,https://data-api.ecb.europa.eu/service/data/EXR/D.USD.EUR.SP00.A
55977,81151,28366,Accessories,2024-01-10,COMPLETE,43.31,"USD (POC assumption, unverified)",2024-01-10,1.09460000,0,39.57,https://data-api.ecb.europa.eu/service/data/EXR/D.USD.EUR.SP00.A
56039,81248,28783,Accessories,2024-01-20,COMPLETE,11.50,"USD (POC assumption, unverified)",2024-01-19,1.08870000,1,10.56,https://data-api.ecb.europa.eu/service/data/EXR/D.USD.EUR.SP00.A
56217,81506,13560,Swim,2024-01-03,SHIPPED,29.99,"USD (POC assumption, unverified)",2024-01-03,1.09190000,0,27.47,https://data-api.ecb.europa.eu/service/data/EXR/D.USD.EUR.SP00.A
56399,81781,3472,Dresses,2024-01-21,COMPLETE,11.13,"USD (POC assumption, unverified)",2024-01-19,1.08870000,2,10.22,https://data-api.ecb.europa.eu/service/data/EXR/D.USD.EUR.SP00.A
56591,82052,11017,Intimates,2024-01-26,SHIPPED,19.00,"USD (POC assumption, unverified)",2024-01-26,1.08710000,0,17.48,https://data-api.ecb.europa.eu/service/data/EXR/D.USD.EUR.SP00.A
56591,82053,122,Tops & Tees,2024-01-26,SHIPPED,26.00,"USD (POC assumption, unverified)",2024-01-26,1.08710000,0,23.92,https://data-api.ecb.europa.eu/service/data/EXR/D.USD.EUR.SP00.A
56616,82088,7558,Blazers & Jackets,2024-01-05,COMPLETE,250.00,"USD (POC assumption, unverified)",2024-01-05,1.09210000,0,228.92,https://data-api.ecb.europa.eu/service/data/EXR/D.USD.EUR.SP00.A
56622,82095,29041,Accessories,2024-01-06,COMPLETE,38.00,"USD (POC assumption, unverified)",2024-01-05,1.09210000,1,34.80,https://data-api.ecb.europa.eu/service/data/EXR/D.USD.EUR.SP00.A
56843,82418,1249,Sweaters,2024-01-07,SHIPPED,17.99,"USD (POC assumption, unverified)",2024-01-05,1.09210000,2,16.47,https://data-api.ecb.europa.eu/service/data/EXR/D.USD.EUR.SP00.A
56850,82428,18044,Fashion Hoodies & Sweatshirts,2024-01-11,COMPLETE,103.95,"USD (POC assumption, unverified)",2024-01-11,1.09870000,0,94.61,https://data-api.ecb.europa.eu/service/data/EXR/D.USD.EUR.SP00.A
57040,82704,26471,Sleep & Lounge,2024-01-13,SHIPPED,69.99,"USD (POC assumption, unverified)",2024-01-12,1.09420000,1,63.96,https://data-api.ecb.europa.eu/service/data/EXR/D.USD.EUR.SP00.A
57040,82705,19021,Sweaters,2024-01-12,SHIPPED,134.92,"USD (POC assumption, unverified)",2024-01-12,1.09420000,0,123.30,https://data-api.ecb.europa.eu/service/data/EXR/D.USD.EUR.SP00.A
57079,82764,7912,Blazers & Jackets,2024-01-03,SHIPPED,159.95,"USD (POC assumption, unverified)",2024-01-03,1.09190000,0,146.49,https://data-api.ecb.europa.eu/service/data/EXR/D.USD.EUR.SP00.A
57114,82812,21791,Pants,2024-01-18,SHIPPED,29.99,"USD (POC assumption, unverified)",2024-01-18,1.08750000,0,27.58,https://data-api.ecb.europa.eu/service/data/EXR/D.USD.EUR.SP00.A
57114,82813,28384,Accessories,2024-01-17,SHIPPED,4.84,"USD (POC assumption, unverified)",2024-01-17,1.08770000,0,4.45,https://data-api.ecb.europa.eu/service/data/EXR/D.USD.EUR.SP00.A
57170,82898,26499,Sleep & Lounge,2024-01-25,COMPLETE,29.99,"USD (POC assumption, unverified)",2024-01-25,1.08930000,0,27.53,https://data-api.ecb.europa.eu/service/data/EXR/D.USD.EUR.SP00.A
57358,83176,4155,Jumpsuits & Rompers,2024-01-09,SHIPPED,23.00,"USD (POC assumption, unverified)",2024-01-09,1.09400000,0,21.02,https://data-api.ecb.europa.eu/service/data/EXR/D.USD.EUR.SP00.A
57358,83177,5969,Leggings,2024-01-09,SHIPPED,29.50,"USD (POC assumption, unverified)",2024-01-09,1.09400000,0,26.97,https://data-api.ecb.europa.eu/service/data/EXR/D.USD.EUR.SP00.A
57891,83960,24149,Outerwear & Coats,2024-01-28,SHIPPED,75.00,"USD (POC assumption, unverified)",2024-01-26,1.08710000,2,68.99,https://data-api.ecb.europa.eu/service/data/EXR/D.USD.EUR.SP00.A
57891,83961,27909,Swim,2024-01-27,SHIPPED,46.80,"USD (POC assumption, unverified)",2024-01-26,1.08710000,1,43.05,https://data-api.ecb.europa.eu/service/data/EXR/D.USD.EUR.SP00.A
58073,84214,22190,Pants,2024-01-10,COMPLETE,153.43,"USD (POC assumption, unverified)",2024-01-10,1.09460000,0,140.17,https://data-api.ecb.europa.eu/service/data/EXR/D.USD.EUR.SP00.A
58573,84937,28161,Swim,2024-01-02,COMPLETE,35.96,"USD (POC assumption, unverified)",2024-01-02,1.09560000,0,32.82,https://data-api.ecb.europa.eu/service/data/EXR/D.USD.EUR.SP00.A
58584,84953,1541,Fashion Hoodies & Sweatshirts,2024-01-11,SHIPPED,60.27,"USD (POC assumption, unverified)",2024-01-11,1.09870000,0,54.86,https://data-api.ecb.europa.eu/service/data/EXR/D.USD.EUR.SP00.A
58714,85134,27799,Swim,2024-01-05,COMPLETE,43.99,"USD (POC assumption, unverified)",2024-01-05,1.09210000,0,40.28,https://data-api.ecb.europa.eu/service/data/EXR/D.USD.EUR.SP00.A
58848,85320,18921,Sweaters,2024-01-01,COMPLETE,89.00,"USD (POC assumption, unverified)",2023-12-29,1.10500000,3,80.54,https://data-api.ecb.europa.eu/service/data/EXR/D.USD.EUR.SP00.A
58848,85321,24796,Socks,2024-01-02,COMPLETE,17.49,"USD (POC assumption, unverified)",2024-01-02,1.09560000,0,15.96,https://data-api.ecb.europa.eu/service/data/EXR/D.USD.EUR.SP00.A
58901,85393,18725,Active,2024-01-31,SHIPPED,32.45,"USD (POC assumption, unverified)",2024-01-31,1.08370000,0,29.94,https://data-api.ecb.europa.eu/service/data/EXR/D.USD.EUR.SP00.A
58901,85394,16433,Tops & Tees,2024-01-29,SHIPPED,45.00,"USD (POC assumption, unverified)",2024-01-29,1.08230000,0,41.58,https://data-api.ecb.europa.eu/service/data/EXR/D.USD.EUR.SP00.A
59018,85581,22129,Pants,2024-01-10,SHIPPED,32.99,"USD (POC assumption, unverified)",2024-01-10,1.09460000,0,30.14,https://data-api.ecb.europa.eu/service/data/EXR/D.USD.EUR.SP00.A
59213,85848,21110,Jeans,2024-01-03,SHIPPED,39.50,"USD (POC assumption, unverified)",2024-01-03,1.09190000,0,36.18,https://data-api.ecb.europa.eu/service/data/EXR/D.USD.EUR.SP00.A
59213,85849,16043,Tops & Tees,2024-01-01,SHIPPED,95.00,"USD (POC assumption, unverified)",2023-12-29,1.10500000,3,85.97,https://data-api.ecb.europa.eu/service/data/EXR/D.USD.EUR.SP00.A
59259,85918,17680,Fashion Hoodies & Sweatshirts,2024-01-20,SHIPPED,78.00,"USD (POC assumption, unverified)",2024-01-19,1.08870000,1,71.65,https://data-api.ecb.europa.eu/service/data/EXR/D.USD.EUR.SP00.A
59425,86147,7743,Blazers & Jackets,2024-01-09,SHIPPED,12.53,"USD (POC assumption, unverified)",2024-01-09,1.09400000,0,11.45,https://data-api.ecb.europa.eu/service/data/EXR/D.USD.EUR.SP00.A
59431,86153,27263,Sleep & Lounge,2024-01-18,SHIPPED,83.58,"USD (POC assumption, unverified)",2024-01-18,1.08750000,0,76.86,https://data-api.ecb.europa.eu/service/data/EXR/D.USD.EUR.SP00.A
59536,86307,19519,Sweaters,2024-01-03,SHIPPED,79.00,"USD (POC assumption, unverified)",2024-01-03,1.09190000,0,72.35,https://data-api.ecb.europa.eu/service/data/EXR/D.USD.EUR.SP00.A
59676,86511,20894,Jeans,2024-01-09,SHIPPED,112.99,"USD (POC assumption, unverified)",2024-01-09,1.09400000,0,103.28,https://data-api.ecb.europa.eu/service/data/EXR/D.USD.EUR.SP00.A
60129,87198,25283,Socks,2024-01-12,COMPLETE,16.00,"USD (POC assumption, unverified)",2024-01-12,1.09420000,0,14.62,https://data-api.ecb.europa.eu/service/data/EXR/D.USD.EUR.SP00.A
60164,87247,8615,Outerwear & Coats,2024-01-30,SHIPPED,65.00,"USD (POC assumption, unverified)",2024-01-30,1.08460000,0,59.93,https://data-api.ecb.europa.eu/service/data/EXR/D.USD.EUR.SP00.A
60189,87292,22699,Shorts,2024-01-30,COMPLETE,54.00,"USD (POC assumption, unverified)",2024-01-30,1.08460000,0,49.79,https://data-api.ecb.europa.eu/service/data/EXR/D.USD.EUR.SP00.A
60267,87416,17665,Fashion Hoodies & Sweatshirts,2024-01-09,SHIPPED,33.98,"USD (POC assumption, unverified)",2024-01-09,1.09400000,0,31.06,https://data-api.ecb.europa.eu/service/data/EXR/D.USD.EUR.SP00.A
60267,87417,20341,Suits & Sport Coats,2024-01-11,SHIPPED,35.00,"USD (POC assumption, unverified)",2024-01-11,1.09870000,0,31.86,https://data-api.ecb.europa.eu/service/data/EXR/D.USD.EUR.SP00.A
60418,87636,1323,Sweaters,2024-01-30,SHIPPED,49.99,"USD (POC assumption, unverified)",2024-01-30,1.08460000,0,46.09,https://data-api.ecb.europa.eu/service/data/EXR/D.USD.EUR.SP00.A
60586,87873,4255,Jeans,2024-01-11,COMPLETE,125.00,"USD (POC assumption, unverified)",2024-01-11,1.09870000,0,113.77,https://data-api.ecb.europa.eu/service/data/EXR/D.USD.EUR.SP00.A
60693,88022,9083,Socks & Hosiery,2024-01-23,SHIPPED,12.99,"USD (POC assumption, unverified)",2024-01-23,1.08720000,0,11.95,https://data-api.ecb.europa.eu/service/data/EXR/D.USD.EUR.SP00.A
60852,88240,16365,Tops & Tees,2024-01-09,SHIPPED,36.00,"USD (POC assumption, unverified)",2024-01-09,1.09400000,0,32.91,https://data-api.ecb.europa.eu/service/data/EXR/D.USD.EUR.SP00.A
60852,88241,25532,Underwear,2024-01-09,SHIPPED,17.00,"USD (POC assumption, unverified)",2024-01-09,1.09400000,0,15.54,https://data-api.ecb.europa.eu/service/data/EXR/D.USD.EUR.SP00.A
60965,88402,291,Tops & Tees,2024-01-08,SHIPPED,21.04,"USD (POC assumption, unverified)",2024-01-08,1.09460000,0,19.22,https://data-api.ecb.europa.eu/service/data/EXR/D.USD.EUR.SP00.A
61188,88732,11473,Intimates,2024-01-12,SHIPPED,72.00,"USD (POC assumption, unverified)",2024-01-12,1.09420000,0,65.80,https://data-api.ecb.europa.eu/service/data/EXR/D.USD.EUR.SP00.A
61188,88733,13074,Swim,2024-01-12,SHIPPED,96.00,"USD (POC assumption, unverified)",2024-01-12,1.09420000,0,87.74,https://data-api.ecb.europa.eu/service/data/EXR/D.USD.EUR.SP00.A
61208,88761,26951,Sleep & Lounge,2024-01-06,SHIPPED,32.00,"USD (POC assumption, unverified)",2024-01-05,1.09210000,1,29.30,https://data-api.ecb.europa.eu/service/data/EXR/D.USD.EUR.SP00.A
61208,88762,23068,Shorts,2024-01-07,SHIPPED,49.50,"USD (POC assumption, unverified)",2024-01-05,1.09210000,2,45.33,https://data-api.ecb.europa.eu/service/data/EXR/D.USD.EUR.SP00.A
61355,88990,28352,Accessories,2024-01-06,SHIPPED,29.99,"USD (POC assumption, unverified)",2024-01-05,1.09210000,1,27.46,https://data-api.ecb.europa.eu/service/data/EXR/D.USD.EUR.SP00.A
61355,88991,23154,Shorts,2024-01-06,SHIPPED,45.00,"USD (POC assumption, unverified)",2024-01-05,1.09210000,1,41.21,https://data-api.ecb.europa.eu/service/data/EXR/D.USD.EUR.SP00.A
61367,89007,18049,Active,2024-01-28,COMPLETE,30.09,"USD (POC assumption, unverified)",2024-01-26,1.08710000,2,27.68,https://data-api.ecb.europa.eu/service/data/EXR/D.USD.EUR.SP00.A
61367,89008,26833,Sleep & Lounge,2024-01-25,COMPLETE,25.50,"USD (POC assumption, unverified)",2024-01-25,1.08930000,0,23.41,https://data-api.ecb.europa.eu/service/data/EXR/D.USD.EUR.SP00.A
61466,89148,14621,Maternity,2024-01-24,SHIPPED,48.00,"USD (POC assumption, unverified)",2024-01-24,1.09050000,0,44.02,https://data-api.ecb.europa.eu/service/data/EXR/D.USD.EUR.SP00.A
61747,89560,9687,Sleep & Lounge,2024-01-21,COMPLETE,58.80,"USD (POC assumption, unverified)",2024-01-19,1.08870000,2,54.01,https://data-api.ecb.europa.eu/service/data/EXR/D.USD.EUR.SP00.A
61835,89700,22860,Shorts,2024-01-15,COMPLETE,54.99,"USD (POC assumption, unverified)",2024-01-15,1.09450000,0,50.24,https://data-api.ecb.europa.eu/service/data/EXR/D.USD.EUR.SP00.A
62261,90340,23075,Shorts,2024-01-16,SHIPPED,38.50,"USD (POC assumption, unverified)",2024-01-16,1.08820000,0,35.38,https://data-api.ecb.europa.eu/service/data/EXR/D.USD.EUR.SP00.A
62416,90571,8820,Outerwear & Coats,2024-01-14,SHIPPED,48.99,"USD (POC assumption, unverified)",2024-01-12,1.09420000,2,44.77,https://data-api.ecb.europa.eu/service/data/EXR/D.USD.EUR.SP00.A
62456,90629,27985,Swim,2024-01-16,SHIPPED,75.00,"USD (POC assumption, unverified)",2024-01-16,1.08820000,0,68.92,https://data-api.ecb.europa.eu/service/data/EXR/D.USD.EUR.SP00.A
62456,90630,19450,Sweaters,2024-01-17,SHIPPED,328.00,"USD (POC assumption, unverified)",2024-01-17,1.08770000,0,301.55,https://data-api.ecb.europa.eu/service/data/EXR/D.USD.EUR.SP00.A
62481,90661,21289,Jeans,2024-01-14,SHIPPED,178.00,"USD (POC assumption, unverified)",2024-01-12,1.09420000,2,162.68,https://data-api.ecb.europa.eu/service/data/EXR/D.USD.EUR.SP00.A
62528,90721,7707,Blazers & Jackets,2024-01-24,COMPLETE,52.99,"USD (POC assumption, unverified)",2024-01-24,1.09050000,0,48.59,https://data-api.ecb.europa.eu/service/data/EXR/D.USD.EUR.SP00.A
62579,90796,25079,Socks,2024-01-16,COMPLETE,18.55,"USD (POC assumption, unverified)",2024-01-16,1.08820000,0,17.05,https://data-api.ecb.europa.eu/service/data/EXR/D.USD.EUR.SP00.A
62669,90924,10874,Intimates,2024-01-30,COMPLETE,25.00,"USD (POC assumption, unverified)",2024-01-30,1.08460000,0,23.05,https://data-api.ecb.europa.eu/service/data/EXR/D.USD.EUR.SP00.A
62705,90972,7064,Shorts,2024-01-03,SHIPPED,81.00,"USD (POC assumption, unverified)",2024-01-03,1.09190000,0,74.18,https://data-api.ecb.europa.eu/service/data/EXR/D.USD.EUR.SP00.A
62868,91202,19903,Suits & Sport Coats,2024-01-26,COMPLETE,36.18,"USD (POC assumption, unverified)",2024-01-26,1.08710000,0,33.28,https://data-api.ecb.europa.eu/service/data/EXR/D.USD.EUR.SP00.A
62870,91204,1088,Sweaters,2024-01-08,SHIPPED,109.00,"USD (POC assumption, unverified)",2024-01-08,1.09460000,0,99.58,https://data-api.ecb.europa.eu/service/data/EXR/D.USD.EUR.SP00.A
62870,91205,7527,Blazers & Jackets,2024-01-08,SHIPPED,119.04,"USD (POC assumption, unverified)",2024-01-08,1.09460000,0,108.75,https://data-api.ecb.europa.eu/service/data/EXR/D.USD.EUR.SP00.A
62870,91206,2492,Active,2024-01-08,SHIPPED,25.00,"USD (POC assumption, unverified)",2024-01-08,1.09460000,0,22.84,https://data-api.ecb.europa.eu/service/data/EXR/D.USD.EUR.SP00.A
63205,91690,19947,Suits & Sport Coats,2024-01-27,COMPLETE,48.00,"USD (POC assumption, unverified)",2024-01-26,1.08710000,1,44.15,https://data-api.ecb.europa.eu/service/data/EXR/D.USD.EUR.SP00.A
63205,91691,18413,Active,2024-01-28,COMPLETE,44.39,"USD (POC assumption, unverified)",2024-01-26,1.08710000,2,40.83,https://data-api.ecb.europa.eu/service/data/EXR/D.USD.EUR.SP00.A
63331,91870,16521,Tops & Tees,2024-01-09,SHIPPED,22.50,"USD (POC assumption, unverified)",2024-01-09,1.09400000,0,20.57,https://data-api.ecb.europa.eu/service/data/EXR/D.USD.EUR.SP00.A
63837,92610,15484,Plus,2024-01-06,COMPLETE,73.73,"USD (POC assumption, unverified)",2024-01-05,1.09210000,1,67.51,https://data-api.ecb.europa.eu/service/data/EXR/D.USD.EUR.SP00.A
63873,92676,25315,Socks,2024-01-07,COMPLETE,11.00,"USD (POC assumption, unverified)",2024-01-05,1.09210000,2,10.07,https://data-api.ecb.europa.eu/service/data/EXR/D.USD.EUR.SP00.A
63873,92677,16688,Tops & Tees,2024-01-05,COMPLETE,41.99,"USD (POC assumption, unverified)",2024-01-05,1.09210000,0,38.45,https://data-api.ecb.europa.eu/service/data/EXR/D.USD.EUR.SP00.A
64283,93246,12909,Swim,2024-01-26,SHIPPED,150.00,"USD (POC assumption, unverified)",2024-01-26,1.08710000,0,137.98,https://data-api.ecb.europa.eu/service/data/EXR/D.USD.EUR.SP00.A
64398,93414,25348,Socks,2024-01-30,SHIPPED,903.00,"USD (POC assumption, unverified)",2024-01-30,1.08460000,0,832.57,https://data-api.ecb.europa.eu/service/data/EXR/D.USD.EUR.SP00.A
64454,93499,13890,Accessories,2024-01-29,COMPLETE,23.99,"USD (POC assumption, unverified)",2024-01-29,1.08230000,0,22.17,https://data-api.ecb.europa.eu/service/data/EXR/D.USD.EUR.SP00.A
64480,93535,13663,Accessories,2024-01-25,SHIPPED,13.31,"USD (POC assumption, unverified)",2024-01-25,1.08930000,0,12.22,https://data-api.ecb.europa.eu/service/data/EXR/D.USD.EUR.SP00.A
64858,94091,9363,Socks & Hosiery,2024-01-15,COMPLETE,7.99,"USD (POC assumption, unverified)",2024-01-15,1.09450000,0,7.30,https://data-api.ecb.europa.eu/service/data/EXR/D.USD.EUR.SP00.A
64903,94162,6167,Leggings,2024-01-04,COMPLETE,19.99,"USD (POC assumption, unverified)",2024-01-04,1.09530000,0,18.25,https://data-api.ecb.europa.eu/service/data/EXR/D.USD.EUR.SP00.A
64903,94163,277,Tops & Tees,2024-01-02,COMPLETE,22.99,"USD (POC assumption, unverified)",2024-01-02,1.09560000,0,20.98,https://data-api.ecb.europa.eu/service/data/EXR/D.USD.EUR.SP00.A
64918,94184,5986,Leggings,2024-01-19,SHIPPED,6.94,"USD (POC assumption, unverified)",2024-01-19,1.08870000,0,6.37,https://data-api.ecb.europa.eu/service/data/EXR/D.USD.EUR.SP00.A
65407,94909,22418,Pants,2024-01-12,COMPLETE,16.50,"USD (POC assumption, unverified)",2024-01-12,1.09420000,0,15.08,https://data-api.ecb.europa.eu/service/data/EXR/D.USD.EUR.SP00.A
65407,94910,26347,Underwear,2024-01-10,COMPLETE,29.00,"USD (POC assumption, unverified)",2024-01-10,1.09460000,0,26.49,https://data-api.ecb.europa.eu/service/data/EXR/D.USD.EUR.SP00.A
65407,94911,18820,Sweaters,2024-01-10,COMPLETE,104.00,"USD (POC assumption, unverified)",2024-01-10,1.09460000,0,95.01,https://data-api.ecb.europa.eu/service/data/EXR/D.USD.EUR.SP00.A
65407,94912,22702,Shorts,2024-01-10,COMPLETE,49.50,"USD (POC assumption, unverified)",2024-01-10,1.09460000,0,45.22,https://data-api.ecb.europa.eu/service/data/EXR/D.USD.EUR.SP00.A
65556,95131,28103,Swim,2024-01-08,SHIPPED,59.99,"USD (POC assumption, unverified)",2024-01-08,1.09460000,0,54.81,https://data-api.ecb.europa.eu/service/data/EXR/D.USD.EUR.SP00.A
65606,95194,25386,Underwear,2024-01-02,SHIPPED,20.00,"USD (POC assumption, unverified)",2024-01-02,1.09560000,0,18.25,https://data-api.ecb.europa.eu/service/data/EXR/D.USD.EUR.SP00.A
65659,95266,9442,Socks & Hosiery,2024-01-19,SHIPPED,4.99,"USD (POC assumption, unverified)",2024-01-19,1.08870000,0,4.58,https://data-api.ecb.europa.eu/service/data/EXR/D.USD.EUR.SP00.A
65659,95267,9146,Socks & Hosiery,2024-01-23,SHIPPED,9.40,"USD (POC assumption, unverified)",2024-01-23,1.08720000,0,8.65,https://data-api.ecb.europa.eu/service/data/EXR/D.USD.EUR.SP00.A
65810,95482,8601,Outerwear & Coats,2024-01-22,COMPLETE,99.99,"USD (POC assumption, unverified)",2024-01-22,1.08900000,0,91.82,https://data-api.ecb.europa.eu/service/data/EXR/D.USD.EUR.SP00.A
66336,96265,19571,Sweaters,2024-01-30,COMPLETE,129.99,"USD (POC assumption, unverified)",2024-01-30,1.08460000,0,119.85,https://data-api.ecb.europa.eu/service/data/EXR/D.USD.EUR.SP00.A
66387,96344,20943,Jeans,2024-01-07,SHIPPED,63.99,"USD (POC assumption, unverified)",2024-01-05,1.09210000,2,58.59,https://data-api.ecb.europa.eu/service/data/EXR/D.USD.EUR.SP00.A
66703,96800,17806,Fashion Hoodies & Sweatshirts,2024-01-10,COMPLETE,44.95,"USD (POC assumption, unverified)",2024-01-10,1.09460000,0,41.07,https://data-api.ecb.europa.eu/service/data/EXR/D.USD.EUR.SP00.A
66869,97031,3270,Dresses,2024-01-22,COMPLETE,81.40,"USD (POC assumption, unverified)",2024-01-22,1.08900000,0,74.75,https://data-api.ecb.europa.eu/service/data/EXR/D.USD.EUR.SP00.A
67193,97502,11896,Intimates,2024-01-19,SHIPPED,69.00,"USD (POC assumption, unverified)",2024-01-19,1.08870000,0,63.38,https://data-api.ecb.europa.eu/service/data/EXR/D.USD.EUR.SP00.A
67193,97503,4348,Jeans,2024-01-17,SHIPPED,36.99,"USD (POC assumption, unverified)",2024-01-17,1.08770000,0,34.01,https://data-api.ecb.europa.eu/service/data/EXR/D.USD.EUR.SP00.A
67193,97504,2143,Fashion Hoodies & Sweatshirts,2024-01-15,SHIPPED,16.75,"USD (POC assumption, unverified)",2024-01-15,1.09450000,0,15.30,https://data-api.ecb.europa.eu/service/data/EXR/D.USD.EUR.SP00.A
67235,97559,13412,Swim,2024-01-11,COMPLETE,70.00,"USD (POC assumption, unverified)",2024-01-11,1.09870000,0,63.71,https://data-api.ecb.europa.eu/service/data/EXR/D.USD.EUR.SP00.A
67236,97560,21482,Jeans,2024-01-26,SHIPPED,59.98,"USD (POC assumption, unverified)",2024-01-26,1.08710000,0,55.17,https://data-api.ecb.europa.eu/service/data/EXR/D.USD.EUR.SP00.A
67323,97697,16057,Tops & Tees,2024-01-14,COMPLETE,40.00,"USD (POC assumption, unverified)",2024-01-12,1.09420000,2,36.56,https://data-api.ecb.europa.eu/service/data/EXR/D.USD.EUR.SP00.A
67323,97698,24011,Outerwear & Coats,2024-01-14,COMPLETE,249.89,"USD (POC assumption, unverified)",2024-01-12,1.09420000,2,228.38,https://data-api.ecb.europa.eu/service/data/EXR/D.USD.EUR.SP00.A
67323,97699,18209,Active,2024-01-16,COMPLETE,45.00,"USD (POC assumption, unverified)",2024-01-16,1.08820000,0,41.35,https://data-api.ecb.europa.eu/service/data/EXR/D.USD.EUR.SP00.A
67323,97700,27281,Sleep & Lounge,2024-01-15,COMPLETE,49.00,"USD (POC assumption, unverified)",2024-01-15,1.09450000,0,44.77,https://data-api.ecb.europa.eu/service/data/EXR/D.USD.EUR.SP00.A
67649,98166,14568,Maternity,2024-01-24,SHIPPED,92.00,"USD (POC assumption, unverified)",2024-01-24,1.09050000,0,84.36,https://data-api.ecb.europa.eu/service/data/EXR/D.USD.EUR.SP00.A
67649,98167,14545,Maternity,2024-01-24,SHIPPED,34.50,"USD (POC assumption, unverified)",2024-01-24,1.09050000,0,31.64,https://data-api.ecb.europa.eu/service/data/EXR/D.USD.EUR.SP00.A
67778,98366,12113,Intimates,2024-01-09,COMPLETE,59.99,"USD (POC assumption, unverified)",2024-01-09,1.09400000,0,54.84,https://data-api.ecb.europa.eu/service/data/EXR/D.USD.EUR.SP00.A
67797,98401,14299,Accessories,2024-01-06,SHIPPED,20.99,"USD (POC assumption, unverified)",2024-01-05,1.09210000,1,19.22,https://data-api.ecb.europa.eu/service/data/EXR/D.USD.EUR.SP00.A
67808,98421,8349,Outerwear & Coats,2024-01-20,SHIPPED,105.56,"USD (POC assumption, unverified)",2024-01-19,1.08870000,1,96.96,https://data-api.ecb.europa.eu/service/data/EXR/D.USD.EUR.SP00.A
67808,98422,2309,Fashion Hoodies & Sweatshirts,2024-01-18,SHIPPED,22.10,"USD (POC assumption, unverified)",2024-01-18,1.08750000,0,20.32,https://data-api.ecb.europa.eu/service/data/EXR/D.USD.EUR.SP00.A
67808,98423,5297,Pants & Capris,2024-01-20,SHIPPED,180.00,"USD (POC assumption, unverified)",2024-01-19,1.08870000,1,165.33,https://data-api.ecb.europa.eu/service/data/EXR/D.USD.EUR.SP00.A
67808,98424,15587,Plus,2024-01-18,SHIPPED,18.00,"USD (POC assumption, unverified)",2024-01-18,1.08750000,0,16.55,https://data-api.ecb.europa.eu/service/data/EXR/D.USD.EUR.SP00.A
67899,98548,6912,Shorts,2024-01-26,COMPLETE,39.50,"USD (POC assumption, unverified)",2024-01-26,1.08710000,0,36.34,https://data-api.ecb.europa.eu/service/data/EXR/D.USD.EUR.SP00.A
68006,98710,10799,Intimates,2024-01-24,SHIPPED,12.00,"USD (POC assumption, unverified)",2024-01-24,1.09050000,0,11.00,https://data-api.ecb.europa.eu/service/data/EXR/D.USD.EUR.SP00.A
68077,98808,26103,Underwear,2024-01-11,SHIPPED,32.00,"USD (POC assumption, unverified)",2024-01-11,1.09870000,0,29.13,https://data-api.ecb.europa.eu/service/data/EXR/D.USD.EUR.SP00.A
68136,98887,12075,Intimates,2024-01-19,SHIPPED,36.00,"USD (POC assumption, unverified)",2024-01-19,1.08870000,0,33.07,https://data-api.ecb.europa.eu/service/data/EXR/D.USD.EUR.SP00.A
68136,98888,3360,Dresses,2024-01-17,SHIPPED,396.00,"USD (POC assumption, unverified)",2024-01-17,1.08770000,0,364.07,https://data-api.ecb.europa.eu/service/data/EXR/D.USD.EUR.SP00.A
68136,98889,7458,Skirts,2024-01-20,SHIPPED,49.99,"USD (POC assumption, unverified)",2024-01-19,1.08870000,1,45.92,https://data-api.ecb.europa.eu/service/data/EXR/D.USD.EUR.SP00.A
68140,98895,17327,Fashion Hoodies & Sweatshirts,2024-01-02,COMPLETE,109.95,"USD (POC assumption, unverified)",2024-01-02,1.09560000,0,100.36,https://data-api.ecb.europa.eu/service/data/EXR/D.USD.EUR.SP00.A
68368,99223,11224,Intimates,2024-01-25,SHIPPED,98.00,"USD (POC assumption, unverified)",2024-01-25,1.08930000,0,89.97,https://data-api.ecb.europa.eu/service/data/EXR/D.USD.EUR.SP00.A
68519,99458,12684,Intimates,2024-01-12,SHIPPED,3.88,"USD (POC assumption, unverified)",2024-01-12,1.09420000,0,3.55,https://data-api.ecb.europa.eu/service/data/EXR/D.USD.EUR.SP00.A
68640,99640,27903,Swim,2024-01-07,SHIPPED,59.50,"USD (POC assumption, unverified)",2024-01-05,1.09210000,2,54.48,https://data-api.ecb.europa.eu/service/data/EXR/D.USD.EUR.SP00.A
68640,99641,27926,Swim,2024-01-11,SHIPPED,34.00,"USD (POC assumption, unverified)",2024-01-11,1.09870000,0,30.95,https://data-api.ecb.europa.eu/service/data/EXR/D.USD.EUR.SP00.A
68780,99842,15879,Plus,2024-01-23,COMPLETE,12.99,"USD (POC assumption, unverified)",2024-01-23,1.08720000,0,11.95,https://data-api.ecb.europa.eu/service/data/EXR/D.USD.EUR.SP00.A
68924,100057,25768,Underwear,2024-01-16,COMPLETE,36.00,"USD (POC assumption, unverified)",2024-01-16,1.08820000,0,33.08,https://data-api.ecb.europa.eu/service/data/EXR/D.USD.EUR.SP00.A
68983,100135,25223,Socks,2024-01-10,SHIPPED,19.99,"USD (POC assumption, unverified)",2024-01-10,1.09460000,0,18.26,https://data-api.ecb.europa.eu/service/data/EXR/D.USD.EUR.SP00.A
69298,100589,28822,Accessories,2024-01-26,COMPLETE,54.00,"USD (POC assumption, unverified)",2024-01-26,1.08710000,0,49.67,https://data-api.ecb.europa.eu/service/data/EXR/D.USD.EUR.SP00.A
69384,100713,17106,Fashion Hoodies & Sweatshirts,2024-01-29,COMPLETE,293.33,"USD (POC assumption, unverified)",2024-01-29,1.08230000,0,271.02,https://data-api.ecb.europa.eu/service/data/EXR/D.USD.EUR.SP00.A
69384,100714,20034,Suits & Sport Coats,2024-01-28,COMPLETE,239.99,"USD (POC assumption, unverified)",2024-01-26,1.08710000,2,220.76,https://data-api.ecb.europa.eu/service/data/EXR/D.USD.EUR.SP00.A
69384,100715,18310,Active,2024-01-29,COMPLETE,22.00,"USD (POC assumption, unverified)",2024-01-29,1.08230000,0,20.33,https://data-api.ecb.europa.eu/service/data/EXR/D.USD.EUR.SP00.A
69407,100755,12542,Intimates,2024-01-26,SHIPPED,21.75,"USD (POC assumption, unverified)",2024-01-26,1.08710000,0,20.01,https://data-api.ecb.europa.eu/service/data/EXR/D.USD.EUR.SP00.A
69951,101538,27193,Sleep & Lounge,2024-01-29,COMPLETE,32.85,"USD (POC assumption, unverified)",2024-01-29,1.08230000,0,30.35,https://data-api.ecb.europa.eu/service/data/EXR/D.USD.EUR.SP00.A
70240,101965,13153,Swim,2024-01-18,SHIPPED,36.75,"USD (POC assumption, unverified)",2024-01-18,1.08750000,0,33.79,https://data-api.ecb.europa.eu/service/data/EXR/D.USD.EUR.SP00.A
70663,102571,2544,Active,2024-01-24,SHIPPED,46.00,"USD (POC assumption, unverified)",2024-01-24,1.09050000,0,42.18,https://data-api.ecb.europa.eu/service/data/EXR/D.USD.EUR.SP00.A
70837,102833,22465,Pants,2024-01-16,COMPLETE,109.00,"USD (POC assumption, unverified)",2024-01-16,1.08820000,0,100.17,https://data-api.ecb.europa.eu/service/data/EXR/D.USD.EUR.SP00.A
71107,103215,1993,Fashion Hoodies & Sweatshirts,2024-01-21,COMPLETE,52.12,"USD (POC assumption, unverified)",2024-01-19,1.08870000,2,47.87,https://data-api.ecb.europa.eu/service/data/EXR/D.USD.EUR.SP00.A
71107,103216,11192,Intimates,2024-01-24,COMPLETE,25.00,"USD (POC assumption, unverified)",2024-01-24,1.09050000,0,22.93,https://data-api.ecb.europa.eu/service/data/EXR/D.USD.EUR.SP00.A
71240,103405,1748,Fashion Hoodies & Sweatshirts,2024-01-04,COMPLETE,94.50,"USD (POC assumption, unverified)",2024-01-04,1.09530000,0,86.28,https://data-api.ecb.europa.eu/service/data/EXR/D.USD.EUR.SP00.A
71284,103466,22016,Pants,2024-01-25,SHIPPED,49.99,"USD (POC assumption, unverified)",2024-01-25,1.08930000,0,45.89,https://data-api.ecb.europa.eu/service/data/EXR/D.USD.EUR.SP00.A
71284,103467,26633,Sleep & Lounge,2024-01-24,SHIPPED,18.99,"USD (POC assumption, unverified)",2024-01-24,1.09050000,0,17.41,https://data-api.ecb.europa.eu/service/data/EXR/D.USD.EUR.SP00.A
71394,103621,524,Tops & Tees,2024-01-30,SHIPPED,12.23,"USD (POC assumption, unverified)",2024-01-30,1.08460000,0,11.28,https://data-api.ecb.europa.eu/service/data/EXR/D.USD.EUR.SP00.A
71400,103628,3058,Active,2024-01-03,SHIPPED,13.95,"USD (POC assumption, unverified)",2024-01-03,1.09190000,0,12.78,https://data-api.ecb.europa.eu/service/data/EXR/D.USD.EUR.SP00.A
71535,103813,27457,Swim,2024-01-04,COMPLETE,27.60,"USD (POC assumption, unverified)",2024-01-04,1.09530000,0,25.20,https://data-api.ecb.europa.eu/service/data/EXR/D.USD.EUR.SP00.A
71535,103814,16039,Tops & Tees,2024-01-04,COMPLETE,49.50,"USD (POC assumption, unverified)",2024-01-04,1.09530000,0,45.19,https://data-api.ecb.europa.eu/service/data/EXR/D.USD.EUR.SP00.A
71709,104069,11842,Intimates,2024-01-18,SHIPPED,112.75,"USD (POC assumption, unverified)",2024-01-18,1.08750000,0,103.68,https://data-api.ecb.europa.eu/service/data/EXR/D.USD.EUR.SP00.A
71763,104143,5350,Pants & Capris,2024-01-01,COMPLETE,51.95,"USD (POC assumption, unverified)",2023-12-29,1.10500000,3,47.01,https://data-api.ecb.europa.eu/service/data/EXR/D.USD.EUR.SP00.A
71928,104399,27824,Swim,2024-01-23,SHIPPED,49.50,"USD (POC assumption, unverified)",2024-01-23,1.08720000,0,45.53,https://data-api.ecb.europa.eu/service/data/EXR/D.USD.EUR.SP00.A
72145,104702,25945,Underwear,2024-01-25,COMPLETE,47.95,"USD (POC assumption, unverified)",2024-01-25,1.08930000,0,44.02,https://data-api.ecb.europa.eu/service/data/EXR/D.USD.EUR.SP00.A
72145,104703,28597,Accessories,2024-01-23,COMPLETE,72.25,"USD (POC assumption, unverified)",2024-01-23,1.08720000,0,66.46,https://data-api.ecb.europa.eu/service/data/EXR/D.USD.EUR.SP00.A
72145,104704,21625,Jeans,2024-01-22,COMPLETE,129.00,"USD (POC assumption, unverified)",2024-01-22,1.08900000,0,118.46,https://data-api.ecb.europa.eu/service/data/EXR/D.USD.EUR.SP00.A
72145,104705,26650,Sleep & Lounge,2024-01-22,COMPLETE,13.49,"USD (POC assumption, unverified)",2024-01-22,1.08900000,0,12.39,https://data-api.ecb.europa.eu/service/data/EXR/D.USD.EUR.SP00.A
72252,104843,279,Tops & Tees,2024-01-21,SHIPPED,14.99,"USD (POC assumption, unverified)",2024-01-19,1.08870000,2,13.77,https://data-api.ecb.europa.eu/service/data/EXR/D.USD.EUR.SP00.A
72252,104844,493,Tops & Tees,2024-01-20,SHIPPED,107.00,"USD (POC assumption, unverified)",2024-01-19,1.08870000,1,98.28,https://data-api.ecb.europa.eu/service/data/EXR/D.USD.EUR.SP00.A
72613,105384,14823,Maternity,2024-01-17,SHIPPED,22.19,"USD (POC assumption, unverified)",2024-01-17,1.08770000,0,20.40,https://data-api.ecb.europa.eu/service/data/EXR/D.USD.EUR.SP00.A
72648,105431,11838,Intimates,2024-01-17,SHIPPED,61.00,"USD (POC assumption, unverified)",2024-01-17,1.08770000,0,56.08,https://data-api.ecb.europa.eu/service/data/EXR/D.USD.EUR.SP00.A
72648,105432,10380,Intimates,2024-01-17,SHIPPED,31.95,"USD (POC assumption, unverified)",2024-01-17,1.08770000,0,29.37,https://data-api.ecb.europa.eu/service/data/EXR/D.USD.EUR.SP00.A
72836,105710,22261,Pants,2024-01-11,SHIPPED,38.99,"USD (POC assumption, unverified)",2024-01-11,1.09870000,0,35.49,https://data-api.ecb.europa.eu/service/data/EXR/D.USD.EUR.SP00.A
72933,105842,23199,Shorts,2024-01-19,COMPLETE,103.50,"USD (POC assumption, unverified)",2024-01-19,1.08870000,0,95.07,https://data-api.ecb.europa.eu/service/data/EXR/D.USD.EUR.SP00.A
73125,106134,9084,Socks & Hosiery,2024-01-19,SHIPPED,11.25,"USD (POC assumption, unverified)",2024-01-19,1.08870000,0,10.33,https://data-api.ecb.europa.eu/service/data/EXR/D.USD.EUR.SP00.A
73189,106237,22846,Shorts,2024-01-29,COMPLETE,52.00,"USD (POC assumption, unverified)",2024-01-29,1.08230000,0,48.05,https://data-api.ecb.europa.eu/service/data/EXR/D.USD.EUR.SP00.A
73189,106238,26924,Sleep & Lounge,2024-01-30,COMPLETE,18.50,"USD (POC assumption, unverified)",2024-01-30,1.08460000,0,17.06,https://data-api.ecb.europa.eu/service/data/EXR/D.USD.EUR.SP00.A
73258,106339,1709,Fashion Hoodies & Sweatshirts,2024-01-22,COMPLETE,47.98,"USD (POC assumption, unverified)",2024-01-22,1.08900000,0,44.06,https://data-api.ecb.europa.eu/service/data/EXR/D.USD.EUR.SP00.A
73324,106431,11969,Intimates,2024-01-30,COMPLETE,23.99,"USD (POC assumption, unverified)",2024-01-30,1.08460000,0,22.12,https://data-api.ecb.europa.eu/service/data/EXR/D.USD.EUR.SP00.A
73397,106534,6779,Shorts,2024-01-09,SHIPPED,24.99,"USD (POC assumption, unverified)",2024-01-09,1.09400000,0,22.84,https://data-api.ecb.europa.eu/service/data/EXR/D.USD.EUR.SP00.A
73397,106535,12722,Swim,2024-01-08,SHIPPED,74.95,"USD (POC assumption, unverified)",2024-01-08,1.09460000,0,68.47,https://data-api.ecb.europa.eu/service/data/EXR/D.USD.EUR.SP00.A
73662,106923,28818,Accessories,2024-01-06,SHIPPED,39.95,"USD (POC assumption, unverified)",2024-01-05,1.09210000,1,36.58,https://data-api.ecb.europa.eu/service/data/EXR/D.USD.EUR.SP00.A
73792,107114,7874,Blazers & Jackets,2024-01-01,SHIPPED,50.99,"USD (POC assumption, unverified)",2023-12-29,1.10500000,3,46.14,https://data-api.ecb.europa.eu/service/data/EXR/D.USD.EUR.SP00.A
73792,107115,2316,Fashion Hoodies & Sweatshirts,2024-01-05,SHIPPED,19.26,"USD (POC assumption, unverified)",2024-01-05,1.09210000,0,17.64,https://data-api.ecb.europa.eu/service/data/EXR/D.USD.EUR.SP00.A
73792,107116,1356,Sweaters,2024-01-01,SHIPPED,139.00,"USD (POC assumption, unverified)",2023-12-29,1.10500000,3,125.79,https://data-api.ecb.europa.eu/service/data/EXR/D.USD.EUR.SP00.A
73794,107118,21309,Jeans,2024-01-13,SHIPPED,71.95,"USD (POC assumption, unverified)",2024-01-12,1.09420000,1,65.76,https://data-api.ecb.europa.eu/service/data/EXR/D.USD.EUR.SP00.A
73794,107119,21139,Jeans,2024-01-14,SHIPPED,53.99,"USD (POC assumption, unverified)",2024-01-12,1.09420000,2,49.34,https://data-api.ecb.europa.eu/service/data/EXR/D.USD.EUR.SP00.A
73795,107120,3827,Dresses,2024-01-31,SHIPPED,74.00,"USD (POC assumption, unverified)",2024-01-31,1.08370000,0,68.28,https://data-api.ecb.europa.eu/service/data/EXR/D.USD.EUR.SP00.A
73944,107311,20408,Suits & Sport Coats,2024-01-06,COMPLETE,79.95,"USD (POC assumption, unverified)",2024-01-05,1.09210000,1,73.21,https://data-api.ecb.europa.eu/service/data/EXR/D.USD.EUR.SP00.A
74412,107975,25276,Socks,2024-01-09,COMPLETE,2.99,"USD (POC assumption, unverified)",2024-01-09,1.09400000,0,2.73,https://data-api.ecb.europa.eu/service/data/EXR/D.USD.EUR.SP00.A
74552,108182,15871,Plus,2024-01-15,SHIPPED,16.00,"USD (POC assumption, unverified)",2024-01-15,1.09450000,0,14.62,https://data-api.ecb.europa.eu/service/data/EXR/D.USD.EUR.SP00.A
74552,108183,4375,Jeans,2024-01-15,SHIPPED,25.00,"USD (POC assumption, unverified)",2024-01-15,1.09450000,0,22.84,https://data-api.ecb.europa.eu/service/data/EXR/D.USD.EUR.SP00.A
74685,108359,28009,Swim,2024-01-16,SHIPPED,24.99,"USD (POC assumption, unverified)",2024-01-16,1.08820000,0,22.96,https://data-api.ecb.europa.eu/service/data/EXR/D.USD.EUR.SP00.A
74818,108551,28276,Swim,2024-01-15,COMPLETE,38.00,"USD (POC assumption, unverified)",2024-01-15,1.09450000,0,34.72,https://data-api.ecb.europa.eu/service/data/EXR/D.USD.EUR.SP00.A
75232,109134,13438,Swim,2024-01-12,SHIPPED,101.00,"USD (POC assumption, unverified)",2024-01-12,1.09420000,0,92.30,https://data-api.ecb.europa.eu/service/data/EXR/D.USD.EUR.SP00.A
75427,109444,10274,Sleep & Lounge,2024-01-11,SHIPPED,79.99,"USD (POC assumption, unverified)",2024-01-11,1.09870000,0,72.80,https://data-api.ecb.europa.eu/service/data/EXR/D.USD.EUR.SP00.A
75721,109884,27383,Sleep & Lounge,2024-01-15,SHIPPED,12.99,"USD (POC assumption, unverified)",2024-01-15,1.09450000,0,11.87,https://data-api.ecb.europa.eu/service/data/EXR/D.USD.EUR.SP00.A
75820,110032,6772,Shorts,2024-01-04,SHIPPED,9.84,"USD (POC assumption, unverified)",2024-01-04,1.09530000,0,8.98,https://data-api.ecb.europa.eu/service/data/EXR/D.USD.EUR.SP00.A
76005,110298,20171,Suits & Sport Coats,2024-01-07,COMPLETE,598.00,"USD (POC assumption, unverified)",2024-01-05,1.09210000,2,547.57,https://data-api.ecb.europa.eu/service/data/EXR/D.USD.EUR.SP00.A
76055,110371,27229,Sleep & Lounge,2024-01-21,COMPLETE,17.99,"USD (POC assumption, unverified)",2024-01-19,1.08870000,2,16.52,https://data-api.ecb.europa.eu/service/data/EXR/D.USD.EUR.SP00.A
76055,110372,26148,Underwear,2024-01-19,COMPLETE,24.00,"USD (POC assumption, unverified)",2024-01-19,1.08870000,0,22.04,https://data-api.ecb.europa.eu/service/data/EXR/D.USD.EUR.SP00.A
76778,111429,24881,Socks,2024-01-04,COMPLETE,12.00,"USD (POC assumption, unverified)",2024-01-04,1.09530000,0,10.96,https://data-api.ecb.europa.eu/service/data/EXR/D.USD.EUR.SP00.A
76879,111578,24501,Socks,2024-01-24,COMPLETE,20.00,"USD (POC assumption, unverified)",2024-01-24,1.09050000,0,18.34,https://data-api.ecb.europa.eu/service/data/EXR/D.USD.EUR.SP00.A
77237,112095,684,Tops & Tees,2024-01-15,SHIPPED,27.99,"USD (POC assumption, unverified)",2024-01-15,1.09450000,0,25.57,https://data-api.ecb.europa.eu/service/data/EXR/D.USD.EUR.SP00.A
77237,112096,6063,Leggings,2024-01-16,SHIPPED,5.99,"USD (POC assumption, unverified)",2024-01-16,1.08820000,0,5.50,https://data-api.ecb.europa.eu/service/data/EXR/D.USD.EUR.SP00.A
77290,112161,21835,Pants,2024-01-31,COMPLETE,64.95,"USD (POC assumption, unverified)",2024-01-31,1.08370000,0,59.93,https://data-api.ecb.europa.eu/service/data/EXR/D.USD.EUR.SP00.A
77386,112294,21633,Jeans,2024-01-12,COMPLETE,69.50,"USD (POC assumption, unverified)",2024-01-12,1.09420000,0,63.52,https://data-api.ecb.europa.eu/service/data/EXR/D.USD.EUR.SP00.A
77404,112322,19205,Sweaters,2024-01-03,SHIPPED,107.10,"USD (POC assumption, unverified)",2024-01-03,1.09190000,0,98.09,https://data-api.ecb.europa.eu/service/data/EXR/D.USD.EUR.SP00.A
77509,112467,15935,Plus,2024-01-15,SHIPPED,25.00,"USD (POC assumption, unverified)",2024-01-15,1.09450000,0,22.84,https://data-api.ecb.europa.eu/service/data/EXR/D.USD.EUR.SP00.A
77516,112474,15581,Plus,2024-01-19,COMPLETE,11.08,"USD (POC assumption, unverified)",2024-01-19,1.08870000,0,10.18,https://data-api.ecb.europa.eu/service/data/EXR/D.USD.EUR.SP00.A
77516,112475,13850,Accessories,2024-01-17,COMPLETE,11.13,"USD (POC assumption, unverified)",2024-01-17,1.08770000,0,10.23,https://data-api.ecb.europa.eu/service/data/EXR/D.USD.EUR.SP00.A
77571,112562,18524,Active,2024-01-21,SHIPPED,68.01,"USD (POC assumption, unverified)",2024-01-19,1.08870000,2,62.47,https://data-api.ecb.europa.eu/service/data/EXR/D.USD.EUR.SP00.A
78035,113243,17409,Fashion Hoodies & Sweatshirts,2024-01-31,SHIPPED,54.95,"USD (POC assumption, unverified)",2024-01-31,1.08370000,0,50.71,https://data-api.ecb.europa.eu/service/data/EXR/D.USD.EUR.SP00.A
78214,113519,27158,Sleep & Lounge,2024-01-04,COMPLETE,49.99,"USD (POC assumption, unverified)",2024-01-04,1.09530000,0,45.64,https://data-api.ecb.europa.eu/service/data/EXR/D.USD.EUR.SP00.A
78404,113789,3044,Active,2024-01-26,COMPLETE,175.00,"USD (POC assumption, unverified)",2024-01-26,1.08710000,0,160.98,https://data-api.ecb.europa.eu/service/data/EXR/D.USD.EUR.SP00.A
78523,113967,7399,Skirts,2024-01-05,COMPLETE,89.00,"USD (POC assumption, unverified)",2024-01-05,1.09210000,0,81.49,https://data-api.ecb.europa.eu/service/data/EXR/D.USD.EUR.SP00.A
78523,113968,13725,Accessories,2024-01-07,COMPLETE,31.99,"USD (POC assumption, unverified)",2024-01-05,1.09210000,2,29.29,https://data-api.ecb.europa.eu/service/data/EXR/D.USD.EUR.SP00.A
78523,113969,13421,Swim,2024-01-09,COMPLETE,41.99,"USD (POC assumption, unverified)",2024-01-09,1.09400000,0,38.38,https://data-api.ecb.europa.eu/service/data/EXR/D.USD.EUR.SP00.A
78747,114290,3850,Dresses,2024-01-21,COMPLETE,79.00,"USD (POC assumption, unverified)",2024-01-19,1.08870000,2,72.56,https://data-api.ecb.europa.eu/service/data/EXR/D.USD.EUR.SP00.A
78747,114291,2760,Active,2024-01-20,COMPLETE,15.99,"USD (POC assumption, unverified)",2024-01-19,1.08870000,1,14.69,https://data-api.ecb.europa.eu/service/data/EXR/D.USD.EUR.SP00.A
78836,114408,3938,Dresses,2024-01-15,COMPLETE,9.99,"USD (POC assumption, unverified)",2024-01-15,1.09450000,0,9.13,https://data-api.ecb.europa.eu/service/data/EXR/D.USD.EUR.SP00.A
79076,114738,3242,Dresses,2024-01-22,COMPLETE,58.80,"USD (POC assumption, unverified)",2024-01-22,1.08900000,0,53.99,https://data-api.ecb.europa.eu/service/data/EXR/D.USD.EUR.SP00.A
79149,114859,14509,Maternity,2024-01-31,SHIPPED,39.50,"USD (POC assumption, unverified)",2024-01-31,1.08370000,0,36.45,https://data-api.ecb.europa.eu/service/data/EXR/D.USD.EUR.SP00.A
79256,115001,3783,Dresses,2024-01-21,COMPLETE,50.17,"USD (POC assumption, unverified)",2024-01-19,1.08870000,2,46.08,https://data-api.ecb.europa.eu/service/data/EXR/D.USD.EUR.SP00.A
79357,115134,16046,Tops & Tees,2024-01-29,SHIPPED,125.00,"USD (POC assumption, unverified)",2024-01-29,1.08230000,0,115.49,https://data-api.ecb.europa.eu/service/data/EXR/D.USD.EUR.SP00.A
79381,115172,11378,Intimates,2024-01-15,COMPLETE,19.95,"USD (POC assumption, unverified)",2024-01-15,1.09450000,0,18.23,https://data-api.ecb.europa.eu/service/data/EXR/D.USD.EUR.SP00.A
79428,115245,9098,Socks & Hosiery,2024-01-02,SHIPPED,16.95,"USD (POC assumption, unverified)",2024-01-02,1.09560000,0,15.47,https://data-api.ecb.europa.eu/service/data/EXR/D.USD.EUR.SP00.A
79503,115349,27633,Swim,2024-01-30,SHIPPED,12.90,"USD (POC assumption, unverified)",2024-01-30,1.08460000,0,11.89,https://data-api.ecb.europa.eu/service/data/EXR/D.USD.EUR.SP00.A
79663,115590,27267,Sleep & Lounge,2024-01-14,COMPLETE,32.00,"USD (POC assumption, unverified)",2024-01-12,1.09420000,2,29.25,https://data-api.ecb.europa.eu/service/data/EXR/D.USD.EUR.SP00.A
79960,116030,20122,Suits & Sport Coats,2024-01-21,COMPLETE,45.00,"USD (POC assumption, unverified)",2024-01-19,1.08870000,2,41.33,https://data-api.ecb.europa.eu/service/data/EXR/D.USD.EUR.SP00.A
79960,116031,19492,Sweaters,2024-01-20,COMPLETE,39.99,"USD (POC assumption, unverified)",2024-01-19,1.08870000,1,36.73,https://data-api.ecb.europa.eu/service/data/EXR/D.USD.EUR.SP00.A
80207,116383,17236,Fashion Hoodies & Sweatshirts,2024-01-13,SHIPPED,77.84,"USD (POC assumption, unverified)",2024-01-12,1.09420000,1,71.14,https://data-api.ecb.europa.eu/service/data/EXR/D.USD.EUR.SP00.A
80230,116418,9316,Socks & Hosiery,2024-01-02,COMPLETE,12.99,"USD (POC assumption, unverified)",2024-01-02,1.09560000,0,11.86,https://data-api.ecb.europa.eu/service/data/EXR/D.USD.EUR.SP00.A
80378,116640,7250,Skirts,2024-01-01,SHIPPED,79.99,"USD (POC assumption, unverified)",2023-12-29,1.10500000,3,72.39,https://data-api.ecb.europa.eu/service/data/EXR/D.USD.EUR.SP00.A
80429,116709,2607,Active,2024-01-17,SHIPPED,41.98,"USD (POC assumption, unverified)",2024-01-17,1.08770000,0,38.60,https://data-api.ecb.europa.eu/service/data/EXR/D.USD.EUR.SP00.A
80436,116718,11731,Intimates,2024-01-05,SHIPPED,28.00,"USD (POC assumption, unverified)",2024-01-05,1.09210000,0,25.64,https://data-api.ecb.europa.eu/service/data/EXR/D.USD.EUR.SP00.A
80436,116719,10121,Sleep & Lounge,2024-01-05,SHIPPED,27.99,"USD (POC assumption, unverified)",2024-01-05,1.09210000,0,25.63,https://data-api.ecb.europa.eu/service/data/EXR/D.USD.EUR.SP00.A
80436,116720,15799,Plus,2024-01-02,SHIPPED,27.99,"USD (POC assumption, unverified)",2024-01-02,1.09560000,0,25.55,https://data-api.ecb.europa.eu/service/data/EXR/D.USD.EUR.SP00.A
80558,116927,11607,Intimates,2024-01-13,SHIPPED,56.95,"USD (POC assumption, unverified)",2024-01-12,1.09420000,1,52.05,https://data-api.ecb.europa.eu/service/data/EXR/D.USD.EUR.SP00.A
80691,117124,9362,Socks & Hosiery,2024-01-31,COMPLETE,13.00,"USD (POC assumption, unverified)",2024-01-31,1.08370000,0,12.00,https://data-api.ecb.europa.eu/service/data/EXR/D.USD.EUR.SP00.A
80794,117281,8577,Outerwear & Coats,2024-01-16,COMPLETE,105.56,"USD (POC assumption, unverified)",2024-01-16,1.08820000,0,97.00,https://data-api.ecb.europa.eu/service/data/EXR/D.USD.EUR.SP00.A
80867,117391,23054,Shorts,2024-01-15,SHIPPED,64.00,"USD (POC assumption, unverified)",2024-01-15,1.09450000,0,58.47,https://data-api.ecb.europa.eu/service/data/EXR/D.USD.EUR.SP00.A
81174,117841,14459,Maternity,2024-01-30,COMPLETE,88.00,"USD (POC assumption, unverified)",2024-01-30,1.08460000,0,81.14,https://data-api.ecb.europa.eu/service/data/EXR/D.USD.EUR.SP00.A
81174,117842,6017,Leggings,2024-01-27,COMPLETE,17.99,"USD (POC assumption, unverified)",2024-01-26,1.08710000,1,16.55,https://data-api.ecb.europa.eu/service/data/EXR/D.USD.EUR.SP00.A
81174,117843,13483,Swim,2024-01-27,COMPLETE,52.00,"USD (POC assumption, unverified)",2024-01-26,1.08710000,1,47.83,https://data-api.ecb.europa.eu/service/data/EXR/D.USD.EUR.SP00.A
81248,117943,8406,Outerwear & Coats,2024-01-19,SHIPPED,80.00,"USD (POC assumption, unverified)",2024-01-19,1.08870000,0,73.48,https://data-api.ecb.europa.eu/service/data/EXR/D.USD.EUR.SP00.A
81547,118389,25832,Underwear,2024-01-23,SHIPPED,39.00,"USD (POC assumption, unverified)",2024-01-23,1.08720000,0,35.87,https://data-api.ecb.europa.eu/service/data/EXR/D.USD.EUR.SP00.A
81586,118440,10179,Sleep & Lounge,2024-01-15,COMPLETE,259.00,"USD (POC assumption, unverified)",2024-01-15,1.09450000,0,236.64,https://data-api.ecb.europa.eu/service/data/EXR/D.USD.EUR.SP00.A
81586,118441,13244,Swim,2024-01-18,COMPLETE,34.99,"USD (POC assumption, unverified)",2024-01-18,1.08750000,0,32.17,https://data-api.ecb.europa.eu/service/data/EXR/D.USD.EUR.SP00.A
81586,118442,6105,Leggings,2024-01-15,COMPLETE,31.99,"USD (POC assumption, unverified)",2024-01-15,1.09450000,0,29.23,https://data-api.ecb.europa.eu/service/data/EXR/D.USD.EUR.SP00.A
81678,118571,19935,Suits & Sport Coats,2024-01-02,COMPLETE,49.99,"USD (POC assumption, unverified)",2024-01-02,1.09560000,0,45.63,https://data-api.ecb.europa.eu/service/data/EXR/D.USD.EUR.SP00.A
81744,118664,5073,Jeans,2024-01-09,COMPLETE,135.00,"USD (POC assumption, unverified)",2024-01-09,1.09400000,0,123.40,https://data-api.ecb.europa.eu/service/data/EXR/D.USD.EUR.SP00.A
81759,118682,7713,Blazers & Jackets,2024-01-23,SHIPPED,58.50,"USD (POC assumption, unverified)",2024-01-23,1.08720000,0,53.81,https://data-api.ecb.europa.eu/service/data/EXR/D.USD.EUR.SP00.A
81931,118912,8559,Outerwear & Coats,2024-01-22,SHIPPED,27.95,"USD (POC assumption, unverified)",2024-01-22,1.08900000,0,25.67,https://data-api.ecb.europa.eu/service/data/EXR/D.USD.EUR.SP00.A
82517,119721,6572,Shorts,2024-01-31,SHIPPED,78.00,"USD (POC assumption, unverified)",2024-01-31,1.08370000,0,71.98,https://data-api.ecb.europa.eu/service/data/EXR/D.USD.EUR.SP00.A
82525,119733,7211,Skirts,2024-01-02,COMPLETE,25.00,"USD (POC assumption, unverified)",2024-01-02,1.09560000,0,22.82,https://data-api.ecb.europa.eu/service/data/EXR/D.USD.EUR.SP00.A
82525,119734,883,Sweaters,2024-01-01,COMPLETE,166.50,"USD (POC assumption, unverified)",2023-12-29,1.10500000,3,150.68,https://data-api.ecb.europa.eu/service/data/EXR/D.USD.EUR.SP00.A
82611,119851,8973,Socks & Hosiery,2024-01-24,SHIPPED,18.42,"USD (POC assumption, unverified)",2024-01-24,1.09050000,0,16.89,https://data-api.ecb.europa.eu/service/data/EXR/D.USD.EUR.SP00.A
83084,120540,18131,Active,2024-01-17,SHIPPED,28.00,"USD (POC assumption, unverified)",2024-01-17,1.08770000,0,25.74,https://data-api.ecb.europa.eu/service/data/EXR/D.USD.EUR.SP00.A
83084,120541,25016,Socks,2024-01-17,SHIPPED,13.99,"USD (POC assumption, unverified)",2024-01-17,1.08770000,0,12.86,https://data-api.ecb.europa.eu/service/data/EXR/D.USD.EUR.SP00.A
83288,120857,21761,Pants,2024-01-09,SHIPPED,39.99,"USD (POC assumption, unverified)",2024-01-09,1.09400000,0,36.55,https://data-api.ecb.europa.eu/service/data/EXR/D.USD.EUR.SP00.A
83288,120858,25611,Underwear,2024-01-08,SHIPPED,27.00,"USD (POC assumption, unverified)",2024-01-08,1.09460000,0,24.67,https://data-api.ecb.europa.eu/service/data/EXR/D.USD.EUR.SP00.A
83318,120907,9817,Sleep & Lounge,2024-01-18,SHIPPED,88.00,"USD (POC assumption, unverified)",2024-01-18,1.08750000,0,80.92,https://data-api.ecb.europa.eu/service/data/EXR/D.USD.EUR.SP00.A
83318,120908,809,Sweaters,2024-01-18,SHIPPED,43.97,"USD (POC assumption, unverified)",2024-01-18,1.08750000,0,40.43,https://data-api.ecb.europa.eu/service/data/EXR/D.USD.EUR.SP00.A
83318,120909,524,Tops & Tees,2024-01-17,SHIPPED,12.23,"USD (POC assumption, unverified)",2024-01-17,1.08770000,0,11.24,https://data-api.ecb.europa.eu/service/data/EXR/D.USD.EUR.SP00.A
83318,120910,13351,Swim,2024-01-18,SHIPPED,54.00,"USD (POC assumption, unverified)",2024-01-18,1.08750000,0,49.66,https://data-api.ecb.europa.eu/service/data/EXR/D.USD.EUR.SP00.A
83352,120957,4804,Jeans,2024-01-20,COMPLETE,154.00,"USD (POC assumption, unverified)",2024-01-19,1.08870000,1,141.45,https://data-api.ecb.europa.eu/service/data/EXR/D.USD.EUR.SP00.A
83470,121131,24138,Outerwear & Coats,2024-01-28,COMPLETE,450.00,"USD (POC assumption, unverified)",2024-01-26,1.08710000,2,413.95,https://data-api.ecb.europa.eu/service/data/EXR/D.USD.EUR.SP00.A
83470,121132,24684,Socks,2024-01-26,COMPLETE,12.00,"USD (POC assumption, unverified)",2024-01-26,1.08710000,0,11.04,https://data-api.ecb.europa.eu/service/data/EXR/D.USD.EUR.SP00.A
83475,121140,3696,Dresses,2024-01-29,COMPLETE,39.99,"USD (POC assumption, unverified)",2024-01-29,1.08230000,0,36.95,https://data-api.ecb.europa.eu/service/data/EXR/D.USD.EUR.SP00.A
83639,121366,2808,Active,2024-01-31,SHIPPED,59.99,"USD (POC assumption, unverified)",2024-01-31,1.08370000,0,55.36,https://data-api.ecb.europa.eu/service/data/EXR/D.USD.EUR.SP00.A
83688,121438,10782,Intimates,2024-01-06,SHIPPED,10.50,"USD (POC assumption, unverified)",2024-01-05,1.09210000,1,9.61,https://data-api.ecb.europa.eu/service/data/EXR/D.USD.EUR.SP00.A
83688,121439,389,Tops & Tees,2024-01-09,SHIPPED,23.99,"USD (POC assumption, unverified)",2024-01-09,1.09400000,0,21.93,https://data-api.ecb.europa.eu/service/data/EXR/D.USD.EUR.SP00.A
83752,121530,27634,Swim,2024-01-20,SHIPPED,45.00,"USD (POC assumption, unverified)",2024-01-19,1.08870000,1,41.33,https://data-api.ecb.europa.eu/service/data/EXR/D.USD.EUR.SP00.A
83752,121531,20401,Suits & Sport Coats,2024-01-19,SHIPPED,79.95,"USD (POC assumption, unverified)",2024-01-19,1.08870000,0,73.44,https://data-api.ecb.europa.eu/service/data/EXR/D.USD.EUR.SP00.A
83858,121674,20981,Jeans,2024-01-21,COMPLETE,78.00,"USD (POC assumption, unverified)",2024-01-19,1.08870000,2,71.65,https://data-api.ecb.europa.eu/service/data/EXR/D.USD.EUR.SP00.A
83858,121675,19207,Sweaters,2024-01-24,COMPLETE,39.99,"USD (POC assumption, unverified)",2024-01-24,1.09050000,0,36.67,https://data-api.ecb.europa.eu/service/data/EXR/D.USD.EUR.SP00.A
83858,121676,21947,Pants,2024-01-25,COMPLETE,29.99,"USD (POC assumption, unverified)",2024-01-25,1.08930000,0,27.53,https://data-api.ecb.europa.eu/service/data/EXR/D.USD.EUR.SP00.A
83867,121687,21531,Jeans,2024-01-23,COMPLETE,325.00,"USD (POC assumption, unverified)",2024-01-23,1.08720000,0,298.93,https://data-api.ecb.europa.eu/service/data/EXR/D.USD.EUR.SP00.A
83867,121688,25646,Underwear,2024-01-23,COMPLETE,30.00,"USD (POC assumption, unverified)",2024-01-23,1.08720000,0,27.59,https://data-api.ecb.europa.eu/service/data/EXR/D.USD.EUR.SP00.A
84104,122034,16173,Tops & Tees,2024-01-03,SHIPPED,54.99,"USD (POC assumption, unverified)",2024-01-03,1.09190000,0,50.36,https://data-api.ecb.europa.eu/service/data/EXR/D.USD.EUR.SP00.A
84120,122057,20787,Jeans,2024-01-30,SHIPPED,64.95,"USD (POC assumption, unverified)",2024-01-30,1.08460000,0,59.88,https://data-api.ecb.europa.eu/service/data/EXR/D.USD.EUR.SP00.A
84164,122117,20809,Jeans,2024-01-02,SHIPPED,31.49,"USD (POC assumption, unverified)",2024-01-02,1.09560000,0,28.74,https://data-api.ecb.europa.eu/service/data/EXR/D.USD.EUR.SP00.A
84186,122149,8618,Outerwear & Coats,2024-01-22,SHIPPED,190.00,"USD (POC assumption, unverified)",2024-01-22,1.08900000,0,174.47,https://data-api.ecb.europa.eu/service/data/EXR/D.USD.EUR.SP00.A
84517,122642,4890,Jeans,2024-01-02,COMPLETE,75.78,"USD (POC assumption, unverified)",2024-01-02,1.09560000,0,69.17,https://data-api.ecb.europa.eu/service/data/EXR/D.USD.EUR.SP00.A
84558,122702,10874,Intimates,2024-01-07,SHIPPED,25.00,"USD (POC assumption, unverified)",2024-01-05,1.09210000,2,22.89,https://data-api.ecb.europa.eu/service/data/EXR/D.USD.EUR.SP00.A
84558,122703,5359,Pants & Capris,2024-01-07,SHIPPED,25.00,"USD (POC assumption, unverified)",2024-01-05,1.09210000,2,22.89,https://data-api.ecb.europa.eu/service/data/EXR/D.USD.EUR.SP00.A
84558,122704,10689,Intimates,2024-01-04,SHIPPED,124.80,"USD (POC assumption, unverified)",2024-01-04,1.09530000,0,113.94,https://data-api.ecb.europa.eu/service/data/EXR/D.USD.EUR.SP00.A
84558,122705,11175,Intimates,2024-01-05,SHIPPED,87.58,"USD (POC assumption, unverified)",2024-01-05,1.09210000,0,80.19,https://data-api.ecb.europa.eu/service/data/EXR/D.USD.EUR.SP00.A
84653,122840,5768,Leggings,2024-01-16,SHIPPED,27.95,"USD (POC assumption, unverified)",2024-01-16,1.08820000,0,25.68,https://data-api.ecb.europa.eu/service/data/EXR/D.USD.EUR.SP00.A
85938,124670,11084,Intimates,2024-01-25,SHIPPED,18.00,"USD (POC assumption, unverified)",2024-01-25,1.08930000,0,16.52,https://data-api.ecb.europa.eu/service/data/EXR/D.USD.EUR.SP00.A
86445,125395,23,Tops & Tees,2024-01-24,COMPLETE,59.50,"USD (POC assumption, unverified)",2024-01-24,1.09050000,0,54.56,https://data-api.ecb.europa.eu/service/data/EXR/D.USD.EUR.SP00.A
86483,125454,18840,Sweaters,2024-01-28,COMPLETE,82.60,"USD (POC assumption, unverified)",2024-01-26,1.08710000,2,75.98,https://data-api.ecb.europa.eu/service/data/EXR/D.USD.EUR.SP00.A
86498,125477,11380,Intimates,2024-01-14,COMPLETE,25.00,"USD (POC assumption, unverified)",2024-01-12,1.09420000,2,22.85,https://data-api.ecb.europa.eu/service/data/EXR/D.USD.EUR.SP00.A
86511,125498,23005,Shorts,2024-01-13,SHIPPED,49.50,"USD (POC assumption, unverified)",2024-01-12,1.09420000,1,45.24,https://data-api.ecb.europa.eu/service/data/EXR/D.USD.EUR.SP00.A
86529,125525,12137,Intimates,2024-01-08,COMPLETE,19.99,"USD (POC assumption, unverified)",2024-01-08,1.09460000,0,18.26,https://data-api.ecb.europa.eu/service/data/EXR/D.USD.EUR.SP00.A
86529,125526,6867,Shorts,2024-01-07,COMPLETE,14.75,"USD (POC assumption, unverified)",2024-01-05,1.09210000,2,13.51,https://data-api.ecb.europa.eu/service/data/EXR/D.USD.EUR.SP00.A
86728,125799,1585,Fashion Hoodies & Sweatshirts,2024-01-15,SHIPPED,108.00,"USD (POC assumption, unverified)",2024-01-15,1.09450000,0,98.68,https://data-api.ecb.europa.eu/service/data/EXR/D.USD.EUR.SP00.A
86960,126151,10860,Intimates,2024-01-09,COMPLETE,10.50,"USD (POC assumption, unverified)",2024-01-09,1.09400000,0,9.60,https://data-api.ecb.europa.eu/service/data/EXR/D.USD.EUR.SP00.A
86960,126152,1523,Fashion Hoodies & Sweatshirts,2024-01-06,COMPLETE,117.99,"USD (POC assumption, unverified)",2024-01-05,1.09210000,1,108.04,https://data-api.ecb.europa.eu/service/data/EXR/D.USD.EUR.SP00.A
87087,126324,21073,Jeans,2024-01-20,COMPLETE,69.00,"USD (POC assumption, unverified)",2024-01-19,1.08870000,1,63.38,https://data-api.ecb.europa.eu/service/data/EXR/D.USD.EUR.SP00.A
87087,126325,20679,Jeans,2024-01-19,COMPLETE,29.99,"USD (POC assumption, unverified)",2024-01-19,1.08870000,0,27.55,https://data-api.ecb.europa.eu/service/data/EXR/D.USD.EUR.SP00.A
87087,126326,22768,Shorts,2024-01-21,COMPLETE,38.00,"USD (POC assumption, unverified)",2024-01-19,1.08870000,2,34.90,https://data-api.ecb.europa.eu/service/data/EXR/D.USD.EUR.SP00.A
87087,126327,24846,Socks,2024-01-17,COMPLETE,19.99,"USD (POC assumption, unverified)",2024-01-17,1.08770000,0,18.38,https://data-api.ecb.europa.eu/service/data/EXR/D.USD.EUR.SP00.A
87150,126424,27282,Sleep & Lounge,2024-01-27,COMPLETE,45.17,"USD (POC assumption, unverified)",2024-01-26,1.08710000,1,41.55,https://data-api.ecb.europa.eu/service/data/EXR/D.USD.EUR.SP00.A
87606,127067,17012,Tops & Tees,2024-01-08,SHIPPED,25.00,"USD (POC assumption, unverified)",2024-01-08,1.09460000,0,22.84,https://data-api.ecb.europa.eu/service/data/EXR/D.USD.EUR.SP00.A
87847,127438,13397,Swim,2024-01-01,COMPLETE,98.00,"USD (POC assumption, unverified)",2023-12-29,1.10500000,3,88.69,https://data-api.ecb.europa.eu/service/data/EXR/D.USD.EUR.SP00.A
87946,127586,26780,Sleep & Lounge,2024-01-21,COMPLETE,32.49,"USD (POC assumption, unverified)",2024-01-19,1.08870000,2,29.84,https://data-api.ecb.europa.eu/service/data/EXR/D.USD.EUR.SP00.A
87946,127587,28282,Swim,2024-01-21,COMPLETE,59.50,"USD (POC assumption, unverified)",2024-01-19,1.08870000,2,54.65,https://data-api.ecb.europa.eu/service/data/EXR/D.USD.EUR.SP00.A
88001,127667,17711,Fashion Hoodies & Sweatshirts,2024-01-20,COMPLETE,170.01,"USD (POC assumption, unverified)",2024-01-19,1.08870000,1,156.16,https://data-api.ecb.europa.eu/service/data/EXR/D.USD.EUR.SP00.A
88042,127722,26227,Underwear,2024-01-18,SHIPPED,29.00,"USD (POC assumption, unverified)",2024-01-18,1.08750000,0,26.67,https://data-api.ecb.europa.eu/service/data/EXR/D.USD.EUR.SP00.A
88042,127723,19737,Sweaters,2024-01-17,SHIPPED,33.99,"USD (POC assumption, unverified)",2024-01-17,1.08770000,0,31.25,https://data-api.ecb.europa.eu/service/data/EXR/D.USD.EUR.SP00.A
88119,127840,23131,Shorts,2024-01-02,SHIPPED,34.99,"USD (POC assumption, unverified)",2024-01-02,1.09560000,0,31.94,https://data-api.ecb.europa.eu/service/data/EXR/D.USD.EUR.SP00.A
88610,128545,11657,Intimates,2024-01-08,SHIPPED,17.98,"USD (POC assumption, unverified)",2024-01-08,1.09460000,0,16.43,https://data-api.ecb.europa.eu/service/data/EXR/D.USD.EUR.SP00.A
88740,128747,16074,Tops & Tees,2024-01-15,SHIPPED,39.99,"USD (POC assumption, unverified)",2024-01-15,1.09450000,0,36.54,https://data-api.ecb.europa.eu/service/data/EXR/D.USD.EUR.SP00.A
88807,128837,25506,Underwear,2024-01-08,COMPLETE,21.50,"USD (POC assumption, unverified)",2024-01-08,1.09460000,0,19.64,https://data-api.ecb.europa.eu/service/data/EXR/D.USD.EUR.SP00.A
89067,129206,5884,Leggings,2024-01-12,COMPLETE,19.99,"USD (POC assumption, unverified)",2024-01-12,1.09420000,0,18.27,https://data-api.ecb.europa.eu/service/data/EXR/D.USD.EUR.SP00.A
89475,129797,20575,Jeans,2024-01-10,COMPLETE,66.55,"USD (POC assumption, unverified)",2024-01-10,1.09460000,0,60.80,https://data-api.ecb.europa.eu/service/data/EXR/D.USD.EUR.SP00.A
89488,129817,563,Tops & Tees,2024-01-18,COMPLETE,64.00,"USD (POC assumption, unverified)",2024-01-18,1.08750000,0,58.85,https://data-api.ecb.europa.eu/service/data/EXR/D.USD.EUR.SP00.A
89543,129892,28621,Accessories,2024-01-23,SHIPPED,124.00,"USD (POC assumption, unverified)",2024-01-23,1.08720000,0,114.05,https://data-api.ecb.europa.eu/service/data/EXR/D.USD.EUR.SP00.A
89759,130210,26739,Sleep & Lounge,2024-01-10,COMPLETE,9.95,"USD (POC assumption, unverified)",2024-01-10,1.09460000,0,9.09,https://data-api.ecb.europa.eu/service/data/EXR/D.USD.EUR.SP00.A
89760,130211,18471,Active,2024-01-07,COMPLETE,23.99,"USD (POC assumption, unverified)",2024-01-05,1.09210000,2,21.97,https://data-api.ecb.europa.eu/service/data/EXR/D.USD.EUR.SP00.A
89770,130228,19181,Sweaters,2024-01-11,COMPLETE,39.99,"USD (POC assumption, unverified)",2024-01-11,1.09870000,0,36.40,https://data-api.ecb.europa.eu/service/data/EXR/D.USD.EUR.SP00.A
89770,130229,21591,Jeans,2024-01-08,COMPLETE,167.00,"USD (POC assumption, unverified)",2024-01-08,1.09460000,0,152.57,https://data-api.ecb.europa.eu/service/data/EXR/D.USD.EUR.SP00.A
89770,130230,25945,Underwear,2024-01-07,COMPLETE,47.95,"USD (POC assumption, unverified)",2024-01-05,1.09210000,2,43.91,https://data-api.ecb.europa.eu/service/data/EXR/D.USD.EUR.SP00.A
89843,130332,13058,Swim,2024-01-15,SHIPPED,24.99,"USD (POC assumption, unverified)",2024-01-15,1.09450000,0,22.83,https://data-api.ecb.europa.eu/service/data/EXR/D.USD.EUR.SP00.A
89843,130333,9431,Socks & Hosiery,2024-01-14,SHIPPED,10.99,"USD (POC assumption, unverified)",2024-01-12,1.09420000,2,10.04,https://data-api.ecb.europa.eu/service/data/EXR/D.USD.EUR.SP00.A
90018,130592,27119,Sleep & Lounge,2024-01-14,SHIPPED,25.00,"USD (POC assumption, unverified)",2024-01-12,1.09420000,2,22.85,https://data-api.ecb.europa.eu/service/data/EXR/D.USD.EUR.SP00.A
90153,130789,12321,Intimates,2024-01-01,SHIPPED,28.00,"USD (POC assumption, unverified)",2023-12-29,1.10500000,3,25.34,https://data-api.ecb.europa.eu/service/data/EXR/D.USD.EUR.SP00.A
90182,130834,13183,Swim,2024-01-06,COMPLETE,29.00,"USD (POC assumption, unverified)",2024-01-05,1.09210000,1,26.55,https://data-api.ecb.europa.eu/service/data/EXR/D.USD.EUR.SP00.A
90182,130835,7322,Skirts,2024-01-04,COMPLETE,59.99,"USD (POC assumption, unverified)",2024-01-04,1.09530000,0,54.77,https://data-api.ecb.europa.eu/service/data/EXR/D.USD.EUR.SP00.A
90343,131072,19108,Sweaters,2024-01-26,SHIPPED,129.00,"USD (POC assumption, unverified)",2024-01-26,1.08710000,0,118.66,https://data-api.ecb.europa.eu/service/data/EXR/D.USD.EUR.SP00.A
90343,131073,19514,Sweaters,2024-01-25,SHIPPED,145.00,"USD (POC assumption, unverified)",2024-01-25,1.08930000,0,133.11,https://data-api.ecb.europa.eu/service/data/EXR/D.USD.EUR.SP00.A
90347,131077,27131,Sleep & Lounge,2024-01-11,COMPLETE,27.00,"USD (POC assumption, unverified)",2024-01-11,1.09870000,0,24.57,https://data-api.ecb.europa.eu/service/data/EXR/D.USD.EUR.SP00.A
90381,131130,5426,Pants & Capris,2024-01-13,SHIPPED,29.99,"USD (POC assumption, unverified)",2024-01-12,1.09420000,1,27.41,https://data-api.ecb.europa.eu/service/data/EXR/D.USD.EUR.SP00.A
90880,131867,23683,Outerwear & Coats,2024-01-29,SHIPPED,99.99,"USD (POC assumption, unverified)",2024-01-29,1.08230000,0,92.39,https://data-api.ecb.europa.eu/service/data/EXR/D.USD.EUR.SP00.A
90880,131868,23271,Shorts,2024-01-29,SHIPPED,45.00,"USD (POC assumption, unverified)",2024-01-29,1.08230000,0,41.58,https://data-api.ecb.europa.eu/service/data/EXR/D.USD.EUR.SP00.A
91218,132332,24666,Socks,2024-01-21,COMPLETE,16.44,"USD (POC assumption, unverified)",2024-01-19,1.08870000,2,15.10,https://data-api.ecb.europa.eu/service/data/EXR/D.USD.EUR.SP00.A
91218,132333,21117,Jeans,2024-01-20,COMPLETE,319.00,"USD (POC assumption, unverified)",2024-01-19,1.08870000,1,293.01,https://data-api.ecb.europa.eu/service/data/EXR/D.USD.EUR.SP00.A
91218,132334,25442,Underwear,2024-01-18,COMPLETE,110.00,"USD (POC assumption, unverified)",2024-01-18,1.08750000,0,101.15,https://data-api.ecb.europa.eu/service/data/EXR/D.USD.EUR.SP00.A
91597,132891,28247,Swim,2024-01-28,SHIPPED,89.50,"USD (POC assumption, unverified)",2024-01-26,1.08710000,2,82.33,https://data-api.ecb.europa.eu/service/data/EXR/D.USD.EUR.SP00.A
91942,133381,12972,Swim,2024-01-21,COMPLETE,66.00,"USD (POC assumption, unverified)",2024-01-19,1.08870000,2,60.62,https://data-api.ecb.europa.eu/service/data/EXR/D.USD.EUR.SP00.A
91942,133382,8856,Socks & Hosiery,2024-01-18,COMPLETE,18.90,"USD (POC assumption, unverified)",2024-01-18,1.08750000,0,17.38,https://data-api.ecb.europa.eu/service/data/EXR/D.USD.EUR.SP00.A
91942,133383,479,Tops & Tees,2024-01-20,COMPLETE,80.00,"USD (POC assumption, unverified)",2024-01-19,1.08870000,1,73.48,https://data-api.ecb.europa.eu/service/data/EXR/D.USD.EUR.SP00.A
92125,133648,23979,Outerwear & Coats,2024-01-24,COMPLETE,39.99,"USD (POC assumption, unverified)",2024-01-24,1.09050000,0,36.67,https://data-api.ecb.europa.eu/service/data/EXR/D.USD.EUR.SP00.A
92125,133649,19940,Suits & Sport Coats,2024-01-22,COMPLETE,139.99,"USD (POC assumption, unverified)",2024-01-22,1.08900000,0,128.55,https://data-api.ecb.europa.eu/service/data/EXR/D.USD.EUR.SP00.A
92247,133824,21947,Pants,2024-01-24,SHIPPED,29.99,"USD (POC assumption, unverified)",2024-01-24,1.09050000,0,27.50,https://data-api.ecb.europa.eu/service/data/EXR/D.USD.EUR.SP00.A
92542,134246,25920,Underwear,2024-01-21,COMPLETE,40.00,"USD (POC assumption, unverified)",2024-01-19,1.08870000,2,36.74,https://data-api.ecb.europa.eu/service/data/EXR/D.USD.EUR.SP00.A
92542,134247,19341,Sweaters,2024-01-22,COMPLETE,23.48,"USD (POC assumption, unverified)",2024-01-22,1.08900000,0,21.56,https://data-api.ecb.europa.eu/service/data/EXR/D.USD.EUR.SP00.A
92542,134248,21350,Jeans,2024-01-25,COMPLETE,135.00,"USD (POC assumption, unverified)",2024-01-25,1.08930000,0,123.93,https://data-api.ecb.europa.eu/service/data/EXR/D.USD.EUR.SP00.A
92542,134249,22261,Pants,2024-01-25,COMPLETE,38.99,"USD (POC assumption, unverified)",2024-01-25,1.08930000,0,35.79,https://data-api.ecb.europa.eu/service/data/EXR/D.USD.EUR.SP00.A
92565,134283,14907,Maternity,2024-01-25,COMPLETE,34.99,"USD (POC assumption, unverified)",2024-01-25,1.08930000,0,32.12,https://data-api.ecb.europa.eu/service/data/EXR/D.USD.EUR.SP00.A
92647,134399,5607,Pants & Capris,2024-01-04,SHIPPED,198.84,"USD (POC assumption, unverified)",2024-01-04,1.09530000,0,181.54,https://data-api.ecb.europa.eu/service/data/EXR/D.USD.EUR.SP00.A
92654,134408,19718,Sweaters,2024-01-21,COMPLETE,61.74,"USD (POC assumption, unverified)",2024-01-19,1.08870000,2,56.71,https://data-api.ecb.europa.eu/service/data/EXR/D.USD.EUR.SP00.A
93295,135345,8586,Outerwear & Coats,2024-01-31,COMPLETE,27.95,"USD (POC assumption, unverified)",2024-01-31,1.08370000,0,25.79,https://data-api.ecb.europa.eu/service/data/EXR/D.USD.EUR.SP00.A
93471,135601,17363,Fashion Hoodies & Sweatshirts,2024-01-27,SHIPPED,87.89,"USD (POC assumption, unverified)",2024-01-26,1.08710000,1,80.85,https://data-api.ecb.europa.eu/service/data/EXR/D.USD.EUR.SP00.A
93471,135602,21347,Jeans,2024-01-27,SHIPPED,69.95,"USD (POC assumption, unverified)",2024-01-26,1.08710000,1,64.35,https://data-api.ecb.europa.eu/service/data/EXR/D.USD.EUR.SP00.A
93509,135654,17174,Fashion Hoodies & Sweatshirts,2024-01-04,COMPLETE,79.99,"USD (POC assumption, unverified)",2024-01-04,1.09530000,0,73.03,https://data-api.ecb.europa.eu/service/data/EXR/D.USD.EUR.SP00.A
93716,135970,6453,Shorts,2024-01-25,SHIPPED,141.00,"USD (POC assumption, unverified)",2024-01-25,1.08930000,0,129.44,https://data-api.ecb.europa.eu/service/data/EXR/D.USD.EUR.SP00.A
93763,136033,27826,Swim,2024-01-01,SHIPPED,64.95,"USD (POC assumption, unverified)",2023-12-29,1.10500000,3,58.78,https://data-api.ecb.europa.eu/service/data/EXR/D.USD.EUR.SP00.A
93864,136181,25372,Underwear,2024-01-18,COMPLETE,26.00,"USD (POC assumption, unverified)",2024-01-18,1.08750000,0,23.91,https://data-api.ecb.europa.eu/service/data/EXR/D.USD.EUR.SP00.A
94350,136873,12941,Swim,2024-01-02,SHIPPED,150.00,"USD (POC assumption, unverified)",2024-01-02,1.09560000,0,136.91,https://data-api.ecb.europa.eu/service/data/EXR/D.USD.EUR.SP00.A
94510,137114,11537,Intimates,2024-01-12,COMPLETE,11.98,"USD (POC assumption, unverified)",2024-01-12,1.09420000,0,10.95,https://data-api.ecb.europa.eu/service/data/EXR/D.USD.EUR.SP00.A
94510,137115,10199,Sleep & Lounge,2024-01-16,COMPLETE,79.99,"USD (POC assumption, unverified)",2024-01-16,1.08820000,0,73.51,https://data-api.ecb.europa.eu/service/data/EXR/D.USD.EUR.SP00.A
94632,137294,1389,Sweaters,2024-01-26,COMPLETE,240.98,"USD (POC assumption, unverified)",2024-01-26,1.08710000,0,221.67,https://data-api.ecb.europa.eu/service/data/EXR/D.USD.EUR.SP00.A
94632,137295,8301,Outerwear & Coats,2024-01-24,COMPLETE,99.99,"USD (POC assumption, unverified)",2024-01-24,1.09050000,0,91.69,https://data-api.ecb.europa.eu/service/data/EXR/D.USD.EUR.SP00.A
94868,137634,26644,Sleep & Lounge,2024-01-28,COMPLETE,25.50,"USD (POC assumption, unverified)",2024-01-26,1.08710000,2,23.46,https://data-api.ecb.europa.eu/service/data/EXR/D.USD.EUR.SP00.A
95026,137858,17929,Fashion Hoodies & Sweatshirts,2024-01-14,COMPLETE,23.05,"USD (POC assumption, unverified)",2024-01-12,1.09420000,2,21.07,https://data-api.ecb.europa.eu/service/data/EXR/D.USD.EUR.SP00.A
95026,137859,22500,Pants,2024-01-11,COMPLETE,75.00,"USD (POC assumption, unverified)",2024-01-11,1.09870000,0,68.26,https://data-api.ecb.europa.eu/service/data/EXR/D.USD.EUR.SP00.A
95322,138280,3347,Dresses,2024-01-31,SHIPPED,298.00,"USD (POC assumption, unverified)",2024-01-31,1.08370000,0,274.98,https://data-api.ecb.europa.eu/service/data/EXR/D.USD.EUR.SP00.A
95322,138281,11636,Intimates,2024-01-30,SHIPPED,13.50,"USD (POC assumption, unverified)",2024-01-30,1.08460000,0,12.45,https://data-api.ecb.europa.eu/service/data/EXR/D.USD.EUR.SP00.A
95646,138754,5082,Jeans,2024-01-15,COMPLETE,32.90,"USD (POC assumption, unverified)",2024-01-15,1.09450000,0,30.06,https://data-api.ecb.europa.eu/service/data/EXR/D.USD.EUR.SP00.A
95646,138755,3352,Dresses,2024-01-14,COMPLETE,34.95,"USD (POC assumption, unverified)",2024-01-12,1.09420000,2,31.94,https://data-api.ecb.europa.eu/service/data/EXR/D.USD.EUR.SP00.A
95690,138816,20467,Suits & Sport Coats,2024-01-25,SHIPPED,269.50,"USD (POC assumption, unverified)",2024-01-25,1.08930000,0,247.41,https://data-api.ecb.europa.eu/service/data/EXR/D.USD.EUR.SP00.A
96216,139587,5959,Leggings,2024-01-16,SHIPPED,14.99,"USD (POC assumption, unverified)",2024-01-16,1.08820000,0,13.78,https://data-api.ecb.europa.eu/service/data/EXR/D.USD.EUR.SP00.A
96262,139650,1582,Fashion Hoodies & Sweatshirts,2024-01-29,COMPLETE,24.99,"USD (POC assumption, unverified)",2024-01-29,1.08230000,0,23.09,https://data-api.ecb.europa.eu/service/data/EXR/D.USD.EUR.SP00.A
96262,139651,5431,Pants & Capris,2024-01-28,COMPLETE,44.00,"USD (POC assumption, unverified)",2024-01-26,1.08710000,2,40.47,https://data-api.ecb.europa.eu/service/data/EXR/D.USD.EUR.SP00.A
96435,139908,7295,Skirts,2024-01-13,COMPLETE,24.78,"USD (POC assumption, unverified)",2024-01-12,1.09420000,1,22.65,https://data-api.ecb.europa.eu/service/data/EXR/D.USD.EUR.SP00.A
96502,140002,11069,Intimates,2024-01-20,COMPLETE,15.28,"USD (POC assumption, unverified)",2024-01-19,1.08870000,1,14.04,https://data-api.ecb.europa.eu/service/data/EXR/D.USD.EUR.SP00.A
96828,140511,14232,Accessories,2024-01-25,SHIPPED,28.00,"USD (POC assumption, unverified)",2024-01-25,1.08930000,0,25.70,https://data-api.ecb.europa.eu/service/data/EXR/D.USD.EUR.SP00.A
96828,140512,8271,Outerwear & Coats,2024-01-25,SHIPPED,39.99,"USD (POC assumption, unverified)",2024-01-25,1.08930000,0,36.71,https://data-api.ecb.europa.eu/service/data/EXR/D.USD.EUR.SP00.A
96828,140513,10454,Intimates,2024-01-24,SHIPPED,34.00,"USD (POC assumption, unverified)",2024-01-24,1.09050000,0,31.18,https://data-api.ecb.europa.eu/service/data/EXR/D.USD.EUR.SP00.A
96828,140514,4221,Jeans,2024-01-25,SHIPPED,69.00,"USD (POC assumption, unverified)",2024-01-25,1.08930000,0,63.34,https://data-api.ecb.europa.eu/service/data/EXR/D.USD.EUR.SP00.A
97087,140898,16701,Tops & Tees,2024-01-08,SHIPPED,28.00,"USD (POC assumption, unverified)",2024-01-08,1.09460000,0,25.58,https://data-api.ecb.europa.eu/service/data/EXR/D.USD.EUR.SP00.A
97201,141060,24040,Outerwear & Coats,2024-01-07,COMPLETE,60.00,"USD (POC assumption, unverified)",2024-01-05,1.09210000,2,54.94,https://data-api.ecb.europa.eu/service/data/EXR/D.USD.EUR.SP00.A
97201,141061,18734,Active,2024-01-08,COMPLETE,59.00,"USD (POC assumption, unverified)",2024-01-08,1.09460000,0,53.90,https://data-api.ecb.europa.eu/service/data/EXR/D.USD.EUR.SP00.A
97304,141202,10157,Sleep & Lounge,2024-01-11,SHIPPED,19.90,"USD (POC assumption, unverified)",2024-01-11,1.09870000,0,18.11,https://data-api.ecb.europa.eu/service/data/EXR/D.USD.EUR.SP00.A
97389,141330,423,Tops & Tees,2024-01-18,SHIPPED,13.31,"USD (POC assumption, unverified)",2024-01-18,1.08750000,0,12.24,https://data-api.ecb.europa.eu/service/data/EXR/D.USD.EUR.SP00.A
97491,141480,27066,Sleep & Lounge,2024-01-10,SHIPPED,70.00,"USD (POC assumption, unverified)",2024-01-10,1.09460000,0,63.95,https://data-api.ecb.europa.eu/service/data/EXR/D.USD.EUR.SP00.A
97491,141481,21279,Jeans,2024-01-10,SHIPPED,60.00,"USD (POC assumption, unverified)",2024-01-10,1.09460000,0,54.81,https://data-api.ecb.europa.eu/service/data/EXR/D.USD.EUR.SP00.A
97491,141482,19596,Sweaters,2024-01-12,SHIPPED,95.99,"USD (POC assumption, unverified)",2024-01-12,1.09420000,0,87.73,https://data-api.ecb.europa.eu/service/data/EXR/D.USD.EUR.SP00.A
97609,141649,17424,Fashion Hoodies & Sweatshirts,2024-01-17,COMPLETE,148.00,"USD (POC assumption, unverified)",2024-01-17,1.08770000,0,136.07,https://data-api.ecb.europa.eu/service/data/EXR/D.USD.EUR.SP00.A
97609,141650,20095,Suits & Sport Coats,2024-01-18,COMPLETE,178.00,"USD (POC assumption, unverified)",2024-01-18,1.08750000,0,163.68,https://data-api.ecb.europa.eu/service/data/EXR/D.USD.EUR.SP00.A
97668,141733,2698,Active,2024-01-15,SHIPPED,24.99,"USD (POC assumption, unverified)",2024-01-15,1.09450000,0,22.83,https://data-api.ecb.europa.eu/service/data/EXR/D.USD.EUR.SP00.A
97674,141742,2126,Fashion Hoodies & Sweatshirts,2024-01-29,COMPLETE,89.50,"USD (POC assumption, unverified)",2024-01-29,1.08230000,0,82.69,https://data-api.ecb.europa.eu/service/data/EXR/D.USD.EUR.SP00.A
98067,142315,15662,Plus,2024-01-28,SHIPPED,127.15,"USD (POC assumption, unverified)",2024-01-26,1.08710000,2,116.96,https://data-api.ecb.europa.eu/service/data/EXR/D.USD.EUR.SP00.A
98526,142994,23244,Shorts,2024-01-28,SHIPPED,69.98,"USD (POC assumption, unverified)",2024-01-26,1.08710000,2,64.37,https://data-api.ecb.europa.eu/service/data/EXR/D.USD.EUR.SP00.A
98700,143244,19915,Suits & Sport Coats,2024-01-29,SHIPPED,14.60,"USD (POC assumption, unverified)",2024-01-29,1.08230000,0,13.49,https://data-api.ecb.europa.eu/service/data/EXR/D.USD.EUR.SP00.A
98730,143292,11475,Intimates,2024-01-19,SHIPPED,35.72,"USD (POC assumption, unverified)",2024-01-19,1.08870000,0,32.81,https://data-api.ecb.europa.eu/service/data/EXR/D.USD.EUR.SP00.A
98873,143483,11192,Intimates,2024-01-04,SHIPPED,25.00,"USD (POC assumption, unverified)",2024-01-04,1.09530000,0,22.82,https://data-api.ecb.europa.eu/service/data/EXR/D.USD.EUR.SP00.A
98937,143578,25691,Underwear,2024-01-13,COMPLETE,19.00,"USD (POC assumption, unverified)",2024-01-12,1.09420000,1,17.36,https://data-api.ecb.europa.eu/service/data/EXR/D.USD.EUR.SP00.A
99043,143738,27365,Sleep & Lounge,2024-01-19,SHIPPED,9.99,"USD (POC assumption, unverified)",2024-01-19,1.08870000,0,9.18,https://data-api.ecb.europa.eu/service/data/EXR/D.USD.EUR.SP00.A
99043,143739,25483,Underwear,2024-01-21,SHIPPED,18.00,"USD (POC assumption, unverified)",2024-01-19,1.08870000,2,16.53,https://data-api.ecb.europa.eu/service/data/EXR/D.USD.EUR.SP00.A
99223,143984,1486,Sweaters,2024-01-23,COMPLETE,59.00,"USD (POC assumption, unverified)",2024-01-23,1.08720000,0,54.27,https://data-api.ecb.europa.eu/service/data/EXR/D.USD.EUR.SP00.A
99415,144262,24201,Outerwear & Coats,2024-01-11,COMPLETE,903.00,"USD (POC assumption, unverified)",2024-01-11,1.09870000,0,821.88,https://data-api.ecb.europa.eu/service/data/EXR/D.USD.EUR.SP00.A
99779,144782,18457,Active,2024-01-27,COMPLETE,39.99,"USD (POC assumption, unverified)",2024-01-26,1.08710000,1,36.79,https://data-api.ecb.europa.eu/service/data/EXR/D.USD.EUR.SP00.A
99779,144783,26399,Underwear,2024-01-28,COMPLETE,14.99,"USD (POC assumption, unverified)",2024-01-26,1.08710000,2,13.79,https://data-api.ecb.europa.eu/service/data/EXR/D.USD.EUR.SP00.A
99779,144784,26838,Sleep & Lounge,2024-01-27,COMPLETE,14.99,"USD (POC assumption, unverified)",2024-01-26,1.08710000,1,13.79,https://data-api.ecb.europa.eu/service/data/EXR/D.USD.EUR.SP00.A
99779,144785,17706,Fashion Hoodies & Sweatshirts,2024-01-25,COMPLETE,145.00,"USD (POC assumption, unverified)",2024-01-25,1.08930000,0,133.11,https://data-api.ecb.europa.eu/service/data/EXR/D.USD.EUR.SP00.A
99803,144825,28497,Accessories,2024-01-02,SHIPPED,19.50,"USD (POC assumption, unverified)",2024-01-02,1.09560000,0,17.80,https://data-api.ecb.europa.eu/service/data/EXR/D.USD.EUR.SP00.A
99831,144865,23700,Outerwear & Coats,2024-01-28,COMPLETE,79.99,"USD (POC assumption, unverified)",2024-01-26,1.08710000,2,73.58,https://data-api.ecb.europa.eu/service/data/EXR/D.USD.EUR.SP00.A
99831,144866,21386,Jeans,2024-01-28,COMPLETE,49.50,"USD (POC assumption, unverified)",2024-01-26,1.08710000,2,45.53,https://data-api.ecb.europa.eu/service/data/EXR/D.USD.EUR.SP00.A
99831,144867,21708,Pants,2024-01-29,COMPLETE,70.00,"USD (POC assumption, unverified)",2024-01-29,1.08230000,0,64.68,https://data-api.ecb.europa.eu/service/data/EXR/D.USD.EUR.SP00.A
100205,145419,18564,Active,2024-01-21,COMPLETE,33.82,"USD (POC assumption, unverified)",2024-01-19,1.08870000,2,31.06,https://data-api.ecb.europa.eu/service/data/EXR/D.USD.EUR.SP00.A
100229,145450,10651,Intimates,2024-01-20,COMPLETE,57.10,"USD (POC assumption, unverified)",2024-01-19,1.08870000,1,52.45,https://data-api.ecb.europa.eu/service/data/EXR/D.USD.EUR.SP00.A
100229,145451,4251,Jeans,2024-01-20,COMPLETE,69.00,"USD (POC assumption, unverified)",2024-01-19,1.08870000,1,63.38,https://data-api.ecb.europa.eu/service/data/EXR/D.USD.EUR.SP00.A
100407,145732,11264,Intimates,2024-01-27,COMPLETE,25.00,"USD (POC assumption, unverified)",2024-01-26,1.08710000,1,23.00,https://data-api.ecb.europa.eu/service/data/EXR/D.USD.EUR.SP00.A
100509,145877,22364,Pants,2024-01-24,COMPLETE,89.50,"USD (POC assumption, unverified)",2024-01-24,1.09050000,0,82.07,https://data-api.ecb.europa.eu/service/data/EXR/D.USD.EUR.SP00.A
100528,145900,24997,Socks,2024-01-18,COMPLETE,25.00,"USD (POC assumption, unverified)",2024-01-18,1.08750000,0,22.99,https://data-api.ecb.europa.eu/service/data/EXR/D.USD.EUR.SP00.A
100528,145901,18419,Active,2024-01-17,COMPLETE,68.00,"USD (POC assumption, unverified)",2024-01-17,1.08770000,0,62.52,https://data-api.ecb.europa.eu/service/data/EXR/D.USD.EUR.SP00.A
100528,145902,24051,Outerwear & Coats,2024-01-19,COMPLETE,169.99,"USD (POC assumption, unverified)",2024-01-19,1.08870000,0,156.14,https://data-api.ecb.europa.eu/service/data/EXR/D.USD.EUR.SP00.A
100528,145903,20364,Suits & Sport Coats,2024-01-17,COMPLETE,49.99,"USD (POC assumption, unverified)",2024-01-17,1.08770000,0,45.96,https://data-api.ecb.europa.eu/service/data/EXR/D.USD.EUR.SP00.A
100533,145908,6059,Leggings,2024-01-24,SHIPPED,29.99,"USD (POC assumption, unverified)",2024-01-24,1.09050000,0,27.50,https://data-api.ecb.europa.eu/service/data/EXR/D.USD.EUR.SP00.A
100533,145909,4350,Jeans,2024-01-27,SHIPPED,79.00,"USD (POC assumption, unverified)",2024-01-26,1.08710000,1,72.67,https://data-api.ecb.europa.eu/service/data/EXR/D.USD.EUR.SP00.A
100675,146124,1289,Sweaters,2024-01-11,SHIPPED,55.20,"USD (POC assumption, unverified)",2024-01-11,1.09870000,0,50.24,https://data-api.ecb.europa.eu/service/data/EXR/D.USD.EUR.SP00.A
100675,146125,15318,Plus,2024-01-14,SHIPPED,21.39,"USD (POC assumption, unverified)",2024-01-12,1.09420000,2,19.55,https://data-api.ecb.europa.eu/service/data/EXR/D.USD.EUR.SP00.A
100748,146231,25101,Socks,2024-01-10,SHIPPED,12.99,"USD (POC assumption, unverified)",2024-01-10,1.09460000,0,11.87,https://data-api.ecb.europa.eu/service/data/EXR/D.USD.EUR.SP00.A
100786,146288,23567,Shorts,2024-01-30,COMPLETE,59.00,"USD (POC assumption, unverified)",2024-01-30,1.08460000,0,54.40,https://data-api.ecb.europa.eu/service/data/EXR/D.USD.EUR.SP00.A
100786,146289,25791,Underwear,2024-01-27,COMPLETE,25.00,"USD (POC assumption, unverified)",2024-01-26,1.08710000,1,23.00,https://data-api.ecb.europa.eu/service/data/EXR/D.USD.EUR.SP00.A
100804,146318,25971,Underwear,2024-01-15,SHIPPED,30.00,"USD (POC assumption, unverified)",2024-01-15,1.09450000,0,27.41,https://data-api.ecb.europa.eu/service/data/EXR/D.USD.EUR.SP00.A
101014,146623,27272,Sleep & Lounge,2024-01-10,SHIPPED,34.00,"USD (POC assumption, unverified)",2024-01-10,1.09460000,0,31.06,https://data-api.ecb.europa.eu/service/data/EXR/D.USD.EUR.SP00.A
101070,146698,6732,Shorts,2024-01-06,SHIPPED,14.95,"USD (POC assumption, unverified)",2024-01-05,1.09210000,1,13.69,https://data-api.ecb.europa.eu/service/data/EXR/D.USD.EUR.SP00.A
101070,146699,13520,Swim,2024-01-05,SHIPPED,98.00,"USD (POC assumption, unverified)",2024-01-05,1.09210000,0,89.74,https://data-api.ecb.europa.eu/service/data/EXR/D.USD.EUR.SP00.A
101070,146700,14922,Maternity,2024-01-06,SHIPPED,63.75,"USD (POC assumption, unverified)",2024-01-05,1.09210000,1,58.37,https://data-api.ecb.europa.eu/service/data/EXR/D.USD.EUR.SP00.A
101330,147081,9877,Sleep & Lounge,2024-01-17,SHIPPED,129.74,"USD (POC assumption, unverified)",2024-01-17,1.08770000,0,119.28,https://data-api.ecb.europa.eu/service/data/EXR/D.USD.EUR.SP00.A
101674,147580,5498,Pants & Capris,2024-01-08,SHIPPED,25.00,"USD (POC assumption, unverified)",2024-01-08,1.09460000,0,22.84,https://data-api.ecb.europa.eu/service/data/EXR/D.USD.EUR.SP00.A
101693,147610,12293,Intimates,2024-01-29,COMPLETE,13.90,"USD (POC assumption, unverified)",2024-01-29,1.08230000,0,12.84,https://data-api.ecb.europa.eu/service/data/EXR/D.USD.EUR.SP00.A
101879,147888,7925,Blazers & Jackets,2024-01-17,SHIPPED,23.45,"USD (POC assumption, unverified)",2024-01-17,1.08770000,0,21.56,https://data-api.ecb.europa.eu/service/data/EXR/D.USD.EUR.SP00.A
101951,147987,23356,Shorts,2024-01-28,SHIPPED,59.50,"USD (POC assumption, unverified)",2024-01-26,1.08710000,2,54.73,https://data-api.ecb.europa.eu/service/data/EXR/D.USD.EUR.SP00.A
101951,147988,26940,Sleep & Lounge,2024-01-31,SHIPPED,92.40,"USD (POC assumption, unverified)",2024-01-31,1.08370000,0,85.26,https://data-api.ecb.europa.eu/service/data/EXR/D.USD.EUR.SP00.A
101951,147990,23187,Shorts,2024-01-28,SHIPPED,69.00,"USD (POC assumption, unverified)",2024-01-26,1.08710000,2,63.47,https://data-api.ecb.europa.eu/service/data/EXR/D.USD.EUR.SP00.A
102032,148096,17303,Fashion Hoodies & Sweatshirts,2024-01-17,SHIPPED,52.00,"USD (POC assumption, unverified)",2024-01-17,1.08770000,0,47.81,https://data-api.ecb.europa.eu/service/data/EXR/D.USD.EUR.SP00.A
102239,148396,13673,Accessories,2024-01-18,COMPLETE,25.00,"USD (POC assumption, unverified)",2024-01-18,1.08750000,0,22.99,https://data-api.ecb.europa.eu/service/data/EXR/D.USD.EUR.SP00.A
102239,148397,7716,Blazers & Jackets,2024-01-21,COMPLETE,92.60,"USD (POC assumption, unverified)",2024-01-19,1.08870000,2,85.06,https://data-api.ecb.europa.eu/service/data/EXR/D.USD.EUR.SP00.A
102239,148398,15235,Plus,2024-01-20,COMPLETE,79.50,"USD (POC assumption, unverified)",2024-01-19,1.08870000,1,73.02,https://data-api.ecb.europa.eu/service/data/EXR/D.USD.EUR.SP00.A
102239,148399,15514,Plus,2024-01-20,COMPLETE,36.00,"USD (POC assumption, unverified)",2024-01-19,1.08870000,1,33.07,https://data-api.ecb.europa.eu/service/data/EXR/D.USD.EUR.SP00.A
102315,148512,18601,Active,2024-01-12,COMPLETE,26.00,"USD (POC assumption, unverified)",2024-01-12,1.09420000,0,23.76,https://data-api.ecb.europa.eu/service/data/EXR/D.USD.EUR.SP00.A
102459,148720,180,Tops & Tees,2024-01-19,COMPLETE,31.98,"USD (POC assumption, unverified)",2024-01-19,1.08870000,0,29.37,https://data-api.ecb.europa.eu/service/data/EXR/D.USD.EUR.SP00.A
102628,148971,25540,Underwear,2024-01-29,COMPLETE,21.00,"USD (POC assumption, unverified)",2024-01-29,1.08230000,0,19.40,https://data-api.ecb.europa.eu/service/data/EXR/D.USD.EUR.SP00.A
102730,149126,22327,Pants,2024-01-06,COMPLETE,37.72,"USD (POC assumption, unverified)",2024-01-05,1.09210000,1,34.54,https://data-api.ecb.europa.eu/service/data/EXR/D.USD.EUR.SP00.A
102907,149396,17964,Fashion Hoodies & Sweatshirts,2024-01-12,SHIPPED,45.00,"USD (POC assumption, unverified)",2024-01-12,1.09420000,0,41.13,https://data-api.ecb.europa.eu/service/data/EXR/D.USD.EUR.SP00.A
102939,149443,165,Tops & Tees,2024-01-11,COMPLETE,12.13,"USD (POC assumption, unverified)",2024-01-11,1.09870000,0,11.04,https://data-api.ecb.europa.eu/service/data/EXR/D.USD.EUR.SP00.A
102939,149444,4553,Jeans,2024-01-11,COMPLETE,98.00,"USD (POC assumption, unverified)",2024-01-11,1.09870000,0,89.20,https://data-api.ecb.europa.eu/service/data/EXR/D.USD.EUR.SP00.A
102984,149508,18886,Sweaters,2024-01-26,COMPLETE,104.00,"USD (POC assumption, unverified)",2024-01-26,1.08710000,0,95.67,https://data-api.ecb.europa.eu/service/data/EXR/D.USD.EUR.SP00.A
102984,149509,19165,Sweaters,2024-01-26,COMPLETE,219.00,"USD (POC assumption, unverified)",2024-01-26,1.08710000,0,201.45,https://data-api.ecb.europa.eu/service/data/EXR/D.USD.EUR.SP00.A
102984,149510,27413,Swim,2024-01-28,COMPLETE,64.95,"USD (POC assumption, unverified)",2024-01-26,1.08710000,2,59.75,https://data-api.ecb.europa.eu/service/data/EXR/D.USD.EUR.SP00.A
102984,149511,24999,Socks,2024-01-24,COMPLETE,30.00,"USD (POC assumption, unverified)",2024-01-24,1.09050000,0,27.51,https://data-api.ecb.europa.eu/service/data/EXR/D.USD.EUR.SP00.A
103261,149909,9746,Sleep & Lounge,2024-01-30,SHIPPED,120.00,"USD (POC assumption, unverified)",2024-01-30,1.08460000,0,110.64,https://data-api.ecb.europa.eu/service/data/EXR/D.USD.EUR.SP00.A
103473,150205,16489,Tops & Tees,2024-01-02,COMPLETE,46.99,"USD (POC assumption, unverified)",2024-01-02,1.09560000,0,42.89,https://data-api.ecb.europa.eu/service/data/EXR/D.USD.EUR.SP00.A
103473,150206,23224,Shorts,2024-01-01,COMPLETE,49.45,"USD (POC assumption, unverified)",2023-12-29,1.10500000,3,44.75,https://data-api.ecb.europa.eu/service/data/EXR/D.USD.EUR.SP00.A
104486,151667,18018,Fashion Hoodies & Sweatshirts,2024-01-27,COMPLETE,69.50,"USD (POC assumption, unverified)",2024-01-26,1.08710000,1,63.93,https://data-api.ecb.europa.eu/service/data/EXR/D.USD.EUR.SP00.A
104486,151668,20925,Jeans,2024-01-28,COMPLETE,44.99,"USD (POC assumption, unverified)",2024-01-26,1.08710000,2,41.39,https://data-api.ecb.europa.eu/service/data/EXR/D.USD.EUR.SP00.A
104533,151738,24113,Outerwear & Coats,2024-01-05,SHIPPED,199.00,"USD (POC assumption, unverified)",2024-01-05,1.09210000,0,182.22,https://data-api.ecb.europa.eu/service/data/EXR/D.USD.EUR.SP00.A
104572,151791,10989,Intimates,2024-01-08,COMPLETE,9.99,"USD (POC assumption, unverified)",2024-01-08,1.09460000,0,9.13,https://data-api.ecb.europa.eu/service/data/EXR/D.USD.EUR.SP00.A
104635,151887,1668,Fashion Hoodies & Sweatshirts,2024-01-22,SHIPPED,59.50,"USD (POC assumption, unverified)",2024-01-22,1.08900000,0,54.64,https://data-api.ecb.europa.eu/service/data/EXR/D.USD.EUR.SP00.A
104635,151888,10392,Intimates,2024-01-24,SHIPPED,26.00,"USD (POC assumption, unverified)",2024-01-24,1.09050000,0,23.84,https://data-api.ecb.europa.eu/service/data/EXR/D.USD.EUR.SP00.A
104635,151889,12832,Swim,2024-01-24,SHIPPED,25.00,"USD (POC assumption, unverified)",2024-01-24,1.09050000,0,22.93,https://data-api.ecb.europa.eu/service/data/EXR/D.USD.EUR.SP00.A
104727,152026,5907,Leggings,2024-01-01,SHIPPED,10.99,"USD (POC assumption, unverified)",2023-12-29,1.10500000,3,9.95,https://data-api.ecb.europa.eu/service/data/EXR/D.USD.EUR.SP00.A
104861,152224,21836,Pants,2024-01-20,SHIPPED,125.00,"USD (POC assumption, unverified)",2024-01-19,1.08870000,1,114.82,https://data-api.ecb.europa.eu/service/data/EXR/D.USD.EUR.SP00.A
104861,152225,17598,Fashion Hoodies & Sweatshirts,2024-01-23,SHIPPED,36.74,"USD (POC assumption, unverified)",2024-01-23,1.08720000,0,33.79,https://data-api.ecb.europa.eu/service/data/EXR/D.USD.EUR.SP00.A
104861,152226,22435,Pants,2024-01-22,SHIPPED,160.38,"USD (POC assumption, unverified)",2024-01-22,1.08900000,0,147.27,https://data-api.ecb.europa.eu/service/data/EXR/D.USD.EUR.SP00.A
104861,152227,23653,Outerwear & Coats,2024-01-24,SHIPPED,99.50,"USD (POC assumption, unverified)",2024-01-24,1.09050000,0,91.24,https://data-api.ecb.europa.eu/service/data/EXR/D.USD.EUR.SP00.A
104868,152239,5955,Leggings,2024-01-01,SHIPPED,6.00,"USD (POC assumption, unverified)",2023-12-29,1.10500000,3,5.43,https://data-api.ecb.europa.eu/service/data/EXR/D.USD.EUR.SP00.A
104901,152285,14224,Accessories,2024-01-18,SHIPPED,16.95,"USD (POC assumption, unverified)",2024-01-18,1.08750000,0,15.59,https://data-api.ecb.europa.eu/service/data/EXR/D.USD.EUR.SP00.A
105097,152557,3570,Dresses,2024-01-21,COMPLETE,57.99,"USD (POC assumption, unverified)",2024-01-19,1.08870000,2,53.27,https://data-api.ecb.europa.eu/service/data/EXR/D.USD.EUR.SP00.A
105203,152715,28095,Swim,2024-01-23,COMPLETE,36.99,"USD (POC assumption, unverified)",2024-01-23,1.08720000,0,34.02,https://data-api.ecb.europa.eu/service/data/EXR/D.USD.EUR.SP00.A
105612,153338,8559,Outerwear & Coats,2024-01-20,SHIPPED,27.95,"USD (POC assumption, unverified)",2024-01-19,1.08870000,1,25.67,https://data-api.ecb.europa.eu/service/data/EXR/D.USD.EUR.SP00.A
105758,153560,16857,Tops & Tees,2024-01-28,COMPLETE,69.00,"USD (POC assumption, unverified)",2024-01-26,1.08710000,2,63.47,https://data-api.ecb.europa.eu/service/data/EXR/D.USD.EUR.SP00.A
105758,153561,28983,Accessories,2024-01-29,COMPLETE,6.99,"USD (POC assumption, unverified)",2024-01-29,1.08230000,0,6.46,https://data-api.ecb.europa.eu/service/data/EXR/D.USD.EUR.SP00.A
105758,153562,16433,Tops & Tees,2024-01-31,COMPLETE,45.00,"USD (POC assumption, unverified)",2024-01-31,1.08370000,0,41.52,https://data-api.ecb.europa.eu/service/data/EXR/D.USD.EUR.SP00.A
105758,153563,20778,Jeans,2024-01-29,COMPLETE,29.99,"USD (POC assumption, unverified)",2024-01-29,1.08230000,0,27.71,https://data-api.ecb.europa.eu/service/data/EXR/D.USD.EUR.SP00.A
105856,153710,19289,Sweaters,2024-01-30,COMPLETE,148.00,"USD (POC assumption, unverified)",2024-01-30,1.08460000,0,136.46,https://data-api.ecb.europa.eu/service/data/EXR/D.USD.EUR.SP00.A
106006,153935,21926,Pants,2024-01-13,SHIPPED,65.00,"USD (POC assumption, unverified)",2024-01-12,1.09420000,1,59.40,https://data-api.ecb.europa.eu/service/data/EXR/D.USD.EUR.SP00.A
106079,154038,9521,Sleep & Lounge,2024-01-24,COMPLETE,24.99,"USD (POC assumption, unverified)",2024-01-24,1.09050000,0,22.92,https://data-api.ecb.europa.eu/service/data/EXR/D.USD.EUR.SP00.A
106079,154039,12058,Intimates,2024-01-22,COMPLETE,48.30,"USD (POC assumption, unverified)",2024-01-22,1.08900000,0,44.35,https://data-api.ecb.europa.eu/service/data/EXR/D.USD.EUR.SP00.A
106093,154069,25734,Underwear,2024-01-29,COMPLETE,25.00,"USD (POC assumption, unverified)",2024-01-29,1.08230000,0,23.10,https://data-api.ecb.europa.eu/service/data/EXR/D.USD.EUR.SP00.A
106124,154110,22210,Pants,2024-01-24,SHIPPED,49.99,"USD (POC assumption, unverified)",2024-01-24,1.09050000,0,45.84,https://data-api.ecb.europa.eu/service/data/EXR/D.USD.EUR.SP00.A
106131,154120,22361,Pants,2024-01-26,SHIPPED,49.99,"USD (POC assumption, unverified)",2024-01-26,1.08710000,0,45.98,https://data-api.ecb.europa.eu/service/data/EXR/D.USD.EUR.SP00.A
106131,154121,21168,Jeans,2024-01-26,SHIPPED,34.50,"USD (POC assumption, unverified)",2024-01-26,1.08710000,0,31.74,https://data-api.ecb.europa.eu/service/data/EXR/D.USD.EUR.SP00.A
106170,154177,23111,Shorts,2024-01-30,SHIPPED,52.00,"USD (POC assumption, unverified)",2024-01-30,1.08460000,0,47.94,https://data-api.ecb.europa.eu/service/data/EXR/D.USD.EUR.SP00.A
106237,154281,18224,Active,2024-01-09,COMPLETE,59.99,"USD (POC assumption, unverified)",2024-01-09,1.09400000,0,54.84,https://data-api.ecb.europa.eu/service/data/EXR/D.USD.EUR.SP00.A
106237,154282,28947,Accessories,2024-01-13,COMPLETE,29.99,"USD (POC assumption, unverified)",2024-01-12,1.09420000,1,27.41,https://data-api.ecb.europa.eu/service/data/EXR/D.USD.EUR.SP00.A
106246,154295,15119,Maternity,2024-01-29,SHIPPED,78.00,"USD (POC assumption, unverified)",2024-01-29,1.08230000,0,72.07,https://data-api.ecb.europa.eu/service/data/EXR/D.USD.EUR.SP00.A
106246,154296,9031,Socks & Hosiery,2024-01-30,SHIPPED,4.85,"USD (POC assumption, unverified)",2024-01-30,1.08460000,0,4.47,https://data-api.ecb.europa.eu/service/data/EXR/D.USD.EUR.SP00.A
106272,154328,7885,Blazers & Jackets,2024-01-20,COMPLETE,83.36,"USD (POC assumption, unverified)",2024-01-19,1.08870000,1,76.57,https://data-api.ecb.europa.eu/service/data/EXR/D.USD.EUR.SP00.A
106514,154682,24801,Socks,2024-01-13,SHIPPED,31.19,"USD (POC assumption, unverified)",2024-01-12,1.09420000,1,28.50,https://data-api.ecb.europa.eu/service/data/EXR/D.USD.EUR.SP00.A
106658,154884,3091,Active,2024-01-11,SHIPPED,30.00,"USD (POC assumption, unverified)",2024-01-11,1.09870000,0,27.30,https://data-api.ecb.europa.eu/service/data/EXR/D.USD.EUR.SP00.A
106658,154885,5678,Pants & Capris,2024-01-10,SHIPPED,108.00,"USD (POC assumption, unverified)",2024-01-10,1.09460000,0,98.67,https://data-api.ecb.europa.eu/service/data/EXR/D.USD.EUR.SP00.A
107030,155395,22320,Pants,2024-01-31,SHIPPED,126.63,"USD (POC assumption, unverified)",2024-01-31,1.08370000,0,116.85,https://data-api.ecb.europa.eu/service/data/EXR/D.USD.EUR.SP00.A
107113,155518,14308,Accessories,2024-01-04,SHIPPED,8.99,"USD (POC assumption, unverified)",2024-01-04,1.09530000,0,8.21,https://data-api.ecb.europa.eu/service/data/EXR/D.USD.EUR.SP00.A
107180,155607,5369,Pants & Capris,2024-01-21,COMPLETE,33.15,"USD (POC assumption, unverified)",2024-01-19,1.08870000,2,30.45,https://data-api.ecb.europa.eu/service/data/EXR/D.USD.EUR.SP00.A
107180,155608,3330,Dresses,2024-01-19,COMPLETE,12.74,"USD (POC assumption, unverified)",2024-01-19,1.08870000,0,11.70,https://data-api.ecb.europa.eu/service/data/EXR/D.USD.EUR.SP00.A
107215,155652,28909,Accessories,2024-01-13,SHIPPED,15.00,"USD (POC assumption, unverified)",2024-01-12,1.09420000,1,13.71,https://data-api.ecb.europa.eu/service/data/EXR/D.USD.EUR.SP00.A
107215,155653,25535,Underwear,2024-01-12,SHIPPED,24.00,"USD (POC assumption, unverified)",2024-01-12,1.09420000,0,21.93,https://data-api.ecb.europa.eu/service/data/EXR/D.USD.EUR.SP00.A
107393,155915,12811,Swim,2024-01-09,SHIPPED,39.99,"USD (POC assumption, unverified)",2024-01-09,1.09400000,0,36.55,https://data-api.ecb.europa.eu/service/data/EXR/D.USD.EUR.SP00.A
107624,156241,25657,Underwear,2024-01-27,COMPLETE,12.97,"USD (POC assumption, unverified)",2024-01-26,1.08710000,1,11.93,https://data-api.ecb.europa.eu/service/data/EXR/D.USD.EUR.SP00.A
107727,156376,26939,Sleep & Lounge,2024-01-22,SHIPPED,45.99,"USD (POC assumption, unverified)",2024-01-22,1.08900000,0,42.23,https://data-api.ecb.europa.eu/service/data/EXR/D.USD.EUR.SP00.A
107867,156570,17098,Fashion Hoodies & Sweatshirts,2024-01-13,COMPLETE,39.99,"USD (POC assumption, unverified)",2024-01-12,1.09420000,1,36.55,https://data-api.ecb.europa.eu/service/data/EXR/D.USD.EUR.SP00.A
107889,156598,27687,Swim,2024-01-03,COMPLETE,55.00,"USD (POC assumption, unverified)",2024-01-03,1.09190000,0,50.37,https://data-api.ecb.europa.eu/service/data/EXR/D.USD.EUR.SP00.A
107958,156706,17977,Fashion Hoodies & Sweatshirts,2024-01-18,COMPLETE,155.00,"USD (POC assumption, unverified)",2024-01-18,1.08750000,0,142.53,https://data-api.ecb.europa.eu/service/data/EXR/D.USD.EUR.SP00.A
108004,156768,10094,Sleep & Lounge,2024-01-05,SHIPPED,89.99,"USD (POC assumption, unverified)",2024-01-05,1.09210000,0,82.40,https://data-api.ecb.europa.eu/service/data/EXR/D.USD.EUR.SP00.A
108067,156864,14206,Accessories,2024-01-08,COMPLETE,21.99,"USD (POC assumption, unverified)",2024-01-08,1.09460000,0,20.09,https://data-api.ecb.europa.eu/service/data/EXR/D.USD.EUR.SP00.A
108067,156865,9443,Socks & Hosiery,2024-01-07,COMPLETE,14.36,"USD (POC assumption, unverified)",2024-01-05,1.09210000,2,13.15,https://data-api.ecb.europa.eu/service/data/EXR/D.USD.EUR.SP00.A
108067,156866,3075,Active,2024-01-06,COMPLETE,39.95,"USD (POC assumption, unverified)",2024-01-05,1.09210000,1,36.58,https://data-api.ecb.europa.eu/service/data/EXR/D.USD.EUR.SP00.A
108067,156867,9030,Socks & Hosiery,2024-01-06,COMPLETE,12.95,"USD (POC assumption, unverified)",2024-01-05,1.09210000,1,11.86,https://data-api.ecb.europa.eu/service/data/EXR/D.USD.EUR.SP00.A
108080,156887,20477,Suits & Sport Coats,2024-01-26,SHIPPED,37.90,"USD (POC assumption, unverified)",2024-01-26,1.08710000,0,34.86,https://data-api.ecb.europa.eu/service/data/EXR/D.USD.EUR.SP00.A
108217,157090,18138,Active,2024-01-18,COMPLETE,85.00,"USD (POC assumption, unverified)",2024-01-18,1.08750000,0,78.16,https://data-api.ecb.europa.eu/service/data/EXR/D.USD.EUR.SP00.A
108217,157091,21064,Jeans,2024-01-17,COMPLETE,42.50,"USD (POC assumption, unverified)",2024-01-17,1.08770000,0,39.07,https://data-api.ecb.europa.eu/service/data/EXR/D.USD.EUR.SP00.A
108217,157092,27182,Sleep & Lounge,2024-01-19,COMPLETE,21.99,"USD (POC assumption, unverified)",2024-01-19,1.08870000,0,20.20,https://data-api.ecb.europa.eu/service/data/EXR/D.USD.EUR.SP00.A
108218,157093,28567,Accessories,2024-01-27,COMPLETE,7.95,"USD (POC assumption, unverified)",2024-01-26,1.08710000,1,7.31,https://data-api.ecb.europa.eu/service/data/EXR/D.USD.EUR.SP00.A
108412,157375,24101,Outerwear & Coats,2024-01-09,SHIPPED,59.99,"USD (POC assumption, unverified)",2024-01-09,1.09400000,0,54.84,https://data-api.ecb.europa.eu/service/data/EXR/D.USD.EUR.SP00.A
108749,157867,450,Tops & Tees,2024-01-15,SHIPPED,50.00,"USD (POC assumption, unverified)",2024-01-15,1.09450000,0,45.68,https://data-api.ecb.europa.eu/service/data/EXR/D.USD.EUR.SP00.A
108829,157981,6564,Shorts,2024-01-01,SHIPPED,9.77,"USD (POC assumption, unverified)",2023-12-29,1.10500000,3,8.84,https://data-api.ecb.europa.eu/service/data/EXR/D.USD.EUR.SP00.A
108836,157993,12378,Intimates,2024-01-11,COMPLETE,31.95,"USD (POC assumption, unverified)",2024-01-11,1.09870000,0,29.08,https://data-api.ecb.europa.eu/service/data/EXR/D.USD.EUR.SP00.A
108971,158186,5219,Pants & Capris,2024-01-30,SHIPPED,23.99,"USD (POC assumption, unverified)",2024-01-30,1.08460000,0,22.12,https://data-api.ecb.europa.eu/service/data/EXR/D.USD.EUR.SP00.A
109120,158398,28620,Accessories,2024-01-18,SHIPPED,39.99,"USD (POC assumption, unverified)",2024-01-18,1.08750000,0,36.77,https://data-api.ecb.europa.eu/service/data/EXR/D.USD.EUR.SP00.A
109186,158490,11818,Intimates,2024-01-01,SHIPPED,60.00,"USD (POC assumption, unverified)",2023-12-29,1.10500000,3,54.30,https://data-api.ecb.europa.eu/service/data/EXR/D.USD.EUR.SP00.A
109203,158516,915,Sweaters,2024-01-03,COMPLETE,29.99,"USD (POC assumption, unverified)",2024-01-03,1.09190000,0,27.47,https://data-api.ecb.europa.eu/service/data/EXR/D.USD.EUR.SP00.A
109203,158517,184,Tops & Tees,2024-01-04,COMPLETE,8.82,"USD (POC assumption, unverified)",2024-01-04,1.09530000,0,8.05,https://data-api.ecb.europa.eu/service/data/EXR/D.USD.EUR.SP00.A
109476,158928,28878,Accessories,2024-01-05,COMPLETE,28.00,"USD (POC assumption, unverified)",2024-01-05,1.09210000,0,25.64,https://data-api.ecb.europa.eu/service/data/EXR/D.USD.EUR.SP00.A
109476,158929,21220,Jeans,2024-01-07,COMPLETE,109.98,"USD (POC assumption, unverified)",2024-01-05,1.09210000,2,100.71,https://data-api.ecb.europa.eu/service/data/EXR/D.USD.EUR.SP00.A
109773,159364,15009,Maternity,2024-01-13,COMPLETE,28.50,"USD (POC assumption, unverified)",2024-01-12,1.09420000,1,26.05,https://data-api.ecb.europa.eu/service/data/EXR/D.USD.EUR.SP00.A
109843,159461,11460,Intimates,2024-01-02,SHIPPED,13.00,"USD (POC assumption, unverified)",2024-01-02,1.09560000,0,11.87,https://data-api.ecb.europa.eu/service/data/EXR/D.USD.EUR.SP00.A
110035,159711,17674,Fashion Hoodies & Sweatshirts,2024-01-22,SHIPPED,84.95,"USD (POC assumption, unverified)",2024-01-22,1.08900000,0,78.01,https://data-api.ecb.europa.eu/service/data/EXR/D.USD.EUR.SP00.A
110035,159712,24182,Outerwear & Coats,2024-01-24,SHIPPED,198.00,"USD (POC assumption, unverified)",2024-01-24,1.09050000,0,181.57,https://data-api.ecb.europa.eu/service/data/EXR/D.USD.EUR.SP00.A
110035,159713,19322,Sweaters,2024-01-24,SHIPPED,49.99,"USD (POC assumption, unverified)",2024-01-24,1.09050000,0,45.84,https://data-api.ecb.europa.eu/service/data/EXR/D.USD.EUR.SP00.A
110083,159791,1118,Sweaters,2024-01-14,SHIPPED,47.99,"USD (POC assumption, unverified)",2024-01-12,1.09420000,2,43.86,https://data-api.ecb.europa.eu/service/data/EXR/D.USD.EUR.SP00.A
110083,159792,4004,Dresses,2024-01-16,SHIPPED,118.00,"USD (POC assumption, unverified)",2024-01-16,1.08820000,0,108.44,https://data-api.ecb.europa.eu/service/data/EXR/D.USD.EUR.SP00.A
110083,159793,11811,Intimates,2024-01-14,SHIPPED,70.00,"USD (POC assumption, unverified)",2024-01-12,1.09420000,2,63.97,https://data-api.ecb.europa.eu/service/data/EXR/D.USD.EUR.SP00.A
110163,159901,28416,Accessories,2024-01-15,COMPLETE,42.00,"USD (POC assumption, unverified)",2024-01-15,1.09450000,0,38.37,https://data-api.ecb.europa.eu/service/data/EXR/D.USD.EUR.SP00.A
110306,160111,1943,Fashion Hoodies & Sweatshirts,2024-01-10,SHIPPED,48.00,"USD (POC assumption, unverified)",2024-01-10,1.09460000,0,43.85,https://data-api.ecb.europa.eu/service/data/EXR/D.USD.EUR.SP00.A
110306,160112,3715,Dresses,2024-01-09,SHIPPED,32.95,"USD (POC assumption, unverified)",2024-01-09,1.09400000,0,30.12,https://data-api.ecb.europa.eu/service/data/EXR/D.USD.EUR.SP00.A
110306,160113,9058,Socks & Hosiery,2024-01-10,SHIPPED,7.50,"USD (POC assumption, unverified)",2024-01-10,1.09460000,0,6.85,https://data-api.ecb.europa.eu/service/data/EXR/D.USD.EUR.SP00.A
110343,160167,12822,Swim,2024-01-08,SHIPPED,54.99,"USD (POC assumption, unverified)",2024-01-08,1.09460000,0,50.24,https://data-api.ecb.europa.eu/service/data/EXR/D.USD.EUR.SP00.A
110613,160549,4154,Jumpsuits & Rompers,2024-01-06,COMPLETE,24.99,"USD (POC assumption, unverified)",2024-01-05,1.09210000,1,22.88,https://data-api.ecb.europa.eu/service/data/EXR/D.USD.EUR.SP00.A
111237,161484,21567,Jeans,2024-01-02,SHIPPED,44.50,"USD (POC assumption, unverified)",2024-01-02,1.09560000,0,40.62,https://data-api.ecb.europa.eu/service/data/EXR/D.USD.EUR.SP00.A
111290,161550,8246,Suits,2024-01-23,SHIPPED,128.00,"USD (POC assumption, unverified)",2024-01-23,1.08720000,0,117.73,https://data-api.ecb.europa.eu/service/data/EXR/D.USD.EUR.SP00.A
111379,161672,11029,Intimates,2024-01-06,COMPLETE,6.00,"USD (POC assumption, unverified)",2024-01-05,1.09210000,1,5.49,https://data-api.ecb.europa.eu/service/data/EXR/D.USD.EUR.SP00.A
111471,161812,14018,Accessories,2024-01-18,SHIPPED,8.94,"USD (POC assumption, unverified)",2024-01-18,1.08750000,0,8.22,https://data-api.ecb.europa.eu/service/data/EXR/D.USD.EUR.SP00.A
111662,162077,27673,Swim,2024-01-11,COMPLETE,26.47,"USD (POC assumption, unverified)",2024-01-11,1.09870000,0,24.09,https://data-api.ecb.europa.eu/service/data/EXR/D.USD.EUR.SP00.A
111808,162266,16920,Tops & Tees,2024-01-01,SHIPPED,29.99,"USD (POC assumption, unverified)",2023-12-29,1.10500000,3,27.14,https://data-api.ecb.europa.eu/service/data/EXR/D.USD.EUR.SP00.A
111843,162318,24376,Outerwear & Coats,2024-01-20,SHIPPED,135.00,"USD (POC assumption, unverified)",2024-01-19,1.08870000,1,124.00,https://data-api.ecb.europa.eu/service/data/EXR/D.USD.EUR.SP00.A
112086,162679,10828,Intimates,2024-01-02,SHIPPED,12.00,"USD (POC assumption, unverified)",2024-01-02,1.09560000,0,10.95,https://data-api.ecb.europa.eu/service/data/EXR/D.USD.EUR.SP00.A
112422,163155,16226,Tops & Tees,2024-01-20,SHIPPED,19.99,"USD (POC assumption, unverified)",2024-01-19,1.08870000,1,18.36,https://data-api.ecb.europa.eu/service/data/EXR/D.USD.EUR.SP00.A
112548,163346,5954,Leggings,2024-01-31,SHIPPED,9.95,"USD (POC assumption, unverified)",2024-01-31,1.08370000,0,9.18,https://data-api.ecb.europa.eu/service/data/EXR/D.USD.EUR.SP00.A
112577,163385,8201,Suits,2024-01-23,COMPLETE,147.13,"USD (POC assumption, unverified)",2024-01-23,1.08720000,0,135.33,https://data-api.ecb.europa.eu/service/data/EXR/D.USD.EUR.SP00.A
112577,163386,812,Sweaters,2024-01-24,COMPLETE,13.19,"USD (POC assumption, unverified)",2024-01-24,1.09050000,0,12.10,https://data-api.ecb.europa.eu/service/data/EXR/D.USD.EUR.SP00.A
112577,163387,14380,Maternity,2024-01-25,COMPLETE,34.00,"USD (POC assumption, unverified)",2024-01-25,1.08930000,0,31.21,https://data-api.ecb.europa.eu/service/data/EXR/D.USD.EUR.SP00.A
112577,163388,1720,Fashion Hoodies & Sweatshirts,2024-01-25,COMPLETE,95.00,"USD (POC assumption, unverified)",2024-01-25,1.08930000,0,87.21,https://data-api.ecb.europa.eu/service/data/EXR/D.USD.EUR.SP00.A
112638,163488,3433,Dresses,2024-01-26,COMPLETE,99.99,"USD (POC assumption, unverified)",2024-01-26,1.08710000,0,91.98,https://data-api.ecb.europa.eu/service/data/EXR/D.USD.EUR.SP00.A
112812,163729,7217,Skirts,2024-01-28,COMPLETE,9.99,"USD (POC assumption, unverified)",2024-01-26,1.08710000,2,9.19,https://data-api.ecb.europa.eu/service/data/EXR/D.USD.EUR.SP00.A
112948,163939,4723,Jeans,2024-01-05,COMPLETE,44.99,"USD (POC assumption, unverified)",2024-01-05,1.09210000,0,41.20,https://data-api.ecb.europa.eu/service/data/EXR/D.USD.EUR.SP00.A
113411,164617,25924,Underwear,2024-01-25,COMPLETE,36.95,"USD (POC assumption, unverified)",2024-01-25,1.08930000,0,33.92,https://data-api.ecb.europa.eu/service/data/EXR/D.USD.EUR.SP00.A
113472,164709,20156,Suits & Sport Coats,2024-01-23,COMPLETE,24.75,"USD (POC assumption, unverified)",2024-01-23,1.08720000,0,22.76,https://data-api.ecb.europa.eu/service/data/EXR/D.USD.EUR.SP00.A
113754,165128,22548,Pants,2024-01-06,COMPLETE,105.00,"USD (POC assumption, unverified)",2024-01-05,1.09210000,1,96.15,https://data-api.ecb.europa.eu/service/data/EXR/D.USD.EUR.SP00.A
113875,165300,3601,Dresses,2024-01-14,SHIPPED,40.00,"USD (POC assumption, unverified)",2024-01-12,1.09420000,2,36.56,https://data-api.ecb.europa.eu/service/data/EXR/D.USD.EUR.SP00.A
113885,165312,5230,Pants & Capris,2024-01-12,SHIPPED,19.99,"USD (POC assumption, unverified)",2024-01-12,1.09420000,0,18.27,https://data-api.ecb.europa.eu/service/data/EXR/D.USD.EUR.SP00.A
114326,165993,336,Tops & Tees,2024-01-25,SHIPPED,45.74,"USD (POC assumption, unverified)",2024-01-25,1.08930000,0,41.99,https://data-api.ecb.europa.eu/service/data/EXR/D.USD.EUR.SP00.A
114326,165994,13691,Accessories,2024-01-25,SHIPPED,8.99,"USD (POC assumption, unverified)",2024-01-25,1.08930000,0,8.25,https://data-api.ecb.europa.eu/service/data/EXR/D.USD.EUR.SP00.A
114326,165995,7542,Blazers & Jackets,2024-01-29,SHIPPED,199.99,"USD (POC assumption, unverified)",2024-01-29,1.08230000,0,184.78,https://data-api.ecb.europa.eu/service/data/EXR/D.USD.EUR.SP00.A
114326,165996,7231,Skirts,2024-01-28,SHIPPED,59.19,"USD (POC assumption, unverified)",2024-01-26,1.08710000,2,54.45,https://data-api.ecb.europa.eu/service/data/EXR/D.USD.EUR.SP00.A
114333,166005,7496,Blazers & Jackets,2024-01-17,SHIPPED,129.60,"USD (POC assumption, unverified)",2024-01-17,1.08770000,0,119.15,https://data-api.ecb.europa.eu/service/data/EXR/D.USD.EUR.SP00.A
114724,166587,1033,Sweaters,2024-01-14,COMPLETE,69.95,"USD (POC assumption, unverified)",2024-01-12,1.09420000,2,63.93,https://data-api.ecb.europa.eu/service/data/EXR/D.USD.EUR.SP00.A
114888,166817,16515,Tops & Tees,2024-01-19,SHIPPED,22.99,"USD (POC assumption, unverified)",2024-01-19,1.08870000,0,21.12,https://data-api.ecb.europa.eu/service/data/EXR/D.USD.EUR.SP00.A
114931,166872,20331,Suits & Sport Coats,2024-01-10,SHIPPED,89.95,"USD (POC assumption, unverified)",2024-01-10,1.09460000,0,82.18,https://data-api.ecb.europa.eu/service/data/EXR/D.USD.EUR.SP00.A
114931,166873,24598,Socks,2024-01-10,SHIPPED,8.99,"USD (POC assumption, unverified)",2024-01-10,1.09460000,0,8.21,https://data-api.ecb.europa.eu/service/data/EXR/D.USD.EUR.SP00.A
114931,166874,18754,Active,2024-01-09,SHIPPED,35.00,"USD (POC assumption, unverified)",2024-01-09,1.09400000,0,31.99,https://data-api.ecb.europa.eu/service/data/EXR/D.USD.EUR.SP00.A
115055,167036,18402,Active,2024-01-13,SHIPPED,27.00,"USD (POC assumption, unverified)",2024-01-12,1.09420000,1,24.68,https://data-api.ecb.europa.eu/service/data/EXR/D.USD.EUR.SP00.A
115139,167164,18325,Active,2024-01-14,COMPLETE,29.99,"USD (POC assumption, unverified)",2024-01-12,1.09420000,2,27.41,https://data-api.ecb.europa.eu/service/data/EXR/D.USD.EUR.SP00.A
115493,167680,28245,Swim,2024-01-13,SHIPPED,55.00,"USD (POC assumption, unverified)",2024-01-12,1.09420000,1,50.27,https://data-api.ecb.europa.eu/service/data/EXR/D.USD.EUR.SP00.A
115493,167681,23700,Outerwear & Coats,2024-01-16,SHIPPED,79.99,"USD (POC assumption, unverified)",2024-01-16,1.08820000,0,73.51,https://data-api.ecb.europa.eu/service/data/EXR/D.USD.EUR.SP00.A
115572,167790,20214,Suits & Sport Coats,2024-01-08,COMPLETE,239.99,"USD (POC assumption, unverified)",2024-01-08,1.09460000,0,219.25,https://data-api.ecb.europa.eu/service/data/EXR/D.USD.EUR.SP00.A
115871,168215,19516,Sweaters,2024-01-05,COMPLETE,189.00,"USD (POC assumption, unverified)",2024-01-05,1.09210000,0,173.06,https://data-api.ecb.europa.eu/service/data/EXR/D.USD.EUR.SP00.A
115890,168239,28375,Accessories,2024-01-20,SHIPPED,194.95,"USD (POC assumption, unverified)",2024-01-19,1.08870000,1,179.07,https://data-api.ecb.europa.eu/service/data/EXR/D.USD.EUR.SP00.A
115890,168240,15998,Tops & Tees,2024-01-22,SHIPPED,25.00,"USD (POC assumption, unverified)",2024-01-22,1.08900000,0,22.96,https://data-api.ecb.europa.eu/service/data/EXR/D.USD.EUR.SP00.A
115999,168397,13378,Swim,2024-01-25,COMPLETE,23.99,"USD (POC assumption, unverified)",2024-01-25,1.08930000,0,22.02,https://data-api.ecb.europa.eu/service/data/EXR/D.USD.EUR.SP00.A
116150,168617,6743,Shorts,2024-01-26,SHIPPED,14.69,"USD (POC assumption, unverified)",2024-01-26,1.08710000,0,13.51,https://data-api.ecb.europa.eu/service/data/EXR/D.USD.EUR.SP00.A
116469,169085,23409,Shorts,2024-01-20,SHIPPED,49.95,"USD (POC assumption, unverified)",2024-01-19,1.08870000,1,45.88,https://data-api.ecb.europa.eu/service/data/EXR/D.USD.EUR.SP00.A
116469,169086,22549,Pants,2024-01-22,SHIPPED,91.43,"USD (POC assumption, unverified)",2024-01-22,1.08900000,0,83.96,https://data-api.ecb.europa.eu/service/data/EXR/D.USD.EUR.SP00.A
116469,169087,18863,Sweaters,2024-01-22,SHIPPED,39.22,"USD (POC assumption, unverified)",2024-01-22,1.08900000,0,36.01,https://data-api.ecb.europa.eu/service/data/EXR/D.USD.EUR.SP00.A
116469,169088,17407,Fashion Hoodies & Sweatshirts,2024-01-19,SHIPPED,66.00,"USD (POC assumption, unverified)",2024-01-19,1.08870000,0,60.62,https://data-api.ecb.europa.eu/service/data/EXR/D.USD.EUR.SP00.A
116548,169202,9665,Sleep & Lounge,2024-01-13,COMPLETE,24.99,"USD (POC assumption, unverified)",2024-01-12,1.09420000,1,22.84,https://data-api.ecb.europa.eu/service/data/EXR/D.USD.EUR.SP00.A
116551,169205,14742,Maternity,2024-01-29,COMPLETE,19.95,"USD (POC assumption, unverified)",2024-01-29,1.08230000,0,18.43,https://data-api.ecb.europa.eu/service/data/EXR/D.USD.EUR.SP00.A
116602,169272,28470,Accessories,2024-01-15,COMPLETE,125.00,"USD (POC assumption, unverified)",2024-01-15,1.09450000,0,114.21,https://data-api.ecb.europa.eu/service/data/EXR/D.USD.EUR.SP00.A
116655,169352,20182,Suits & Sport Coats,2024-01-20,COMPLETE,196.43,"USD (POC assumption, unverified)",2024-01-19,1.08870000,1,180.43,https://data-api.ecb.europa.eu/service/data/EXR/D.USD.EUR.SP00.A
116808,169576,22308,Pants,2024-01-16,SHIPPED,59.99,"USD (POC assumption, unverified)",2024-01-16,1.08820000,0,55.13,https://data-api.ecb.europa.eu/service/data/EXR/D.USD.EUR.SP00.A
116808,169577,17797,Fashion Hoodies & Sweatshirts,2024-01-16,SHIPPED,56.00,"USD (POC assumption, unverified)",2024-01-16,1.08820000,0,51.46,https://data-api.ecb.europa.eu/service/data/EXR/D.USD.EUR.SP00.A
117335,170315,2697,Active,2024-01-02,SHIPPED,46.99,"USD (POC assumption, unverified)",2024-01-02,1.09560000,0,42.89,https://data-api.ecb.europa.eu/service/data/EXR/D.USD.EUR.SP00.A
117405,170424,17729,Fashion Hoodies & Sweatshirts,2024-01-24,SHIPPED,51.95,"USD (POC assumption, unverified)",2024-01-24,1.09050000,0,47.64,https://data-api.ecb.europa.eu/service/data/EXR/D.USD.EUR.SP00.A
117406,170425,5628,Pants & Capris,2024-01-02,COMPLETE,99.99,"USD (POC assumption, unverified)",2024-01-02,1.09560000,0,91.27,https://data-api.ecb.europa.eu/service/data/EXR/D.USD.EUR.SP00.A
117422,170447,7706,Blazers & Jackets,2024-01-05,SHIPPED,50.99,"USD (POC assumption, unverified)",2024-01-05,1.09210000,0,46.69,https://data-api.ecb.europa.eu/service/data/EXR/D.USD.EUR.SP00.A
117422,170448,1889,Fashion Hoodies & Sweatshirts,2024-01-06,SHIPPED,18.33,"USD (POC assumption, unverified)",2024-01-05,1.09210000,1,16.78,https://data-api.ecb.europa.eu/service/data/EXR/D.USD.EUR.SP00.A
117422,170449,4951,Jeans,2024-01-07,SHIPPED,92.00,"USD (POC assumption, unverified)",2024-01-05,1.09210000,2,84.24,https://data-api.ecb.europa.eu/service/data/EXR/D.USD.EUR.SP00.A
117430,170463,20861,Jeans,2024-01-03,COMPLETE,165.00,"USD (POC assumption, unverified)",2024-01-03,1.09190000,0,151.11,https://data-api.ecb.europa.eu/service/data/EXR/D.USD.EUR.SP00.A
117766,170934,6525,Shorts,2024-01-02,COMPLETE,129.98,"USD (POC assumption, unverified)",2024-01-02,1.09560000,0,118.64,https://data-api.ecb.europa.eu/service/data/EXR/D.USD.EUR.SP00.A
117981,171240,15052,Maternity,2024-01-15,SHIPPED,98.00,"USD (POC assumption, unverified)",2024-01-15,1.09450000,0,89.54,https://data-api.ecb.europa.eu/service/data/EXR/D.USD.EUR.SP00.A
118184,171544,13369,Swim,2024-01-13,SHIPPED,68.00,"USD (POC assumption, unverified)",2024-01-12,1.09420000,1,62.15,https://data-api.ecb.europa.eu/service/data/EXR/D.USD.EUR.SP00.A
118282,171681,13675,Accessories,2024-01-15,COMPLETE,23.99,"USD (POC assumption, unverified)",2024-01-15,1.09450000,0,21.92,https://data-api.ecb.europa.eu/service/data/EXR/D.USD.EUR.SP00.A
118282,171682,11575,Intimates,2024-01-16,COMPLETE,32.95,"USD (POC assumption, unverified)",2024-01-16,1.08820000,0,30.28,https://data-api.ecb.europa.eu/service/data/EXR/D.USD.EUR.SP00.A
118298,171704,9878,Sleep & Lounge,2024-01-27,COMPLETE,12.80,"USD (POC assumption, unverified)",2024-01-26,1.08710000,1,11.77,https://data-api.ecb.europa.eu/service/data/EXR/D.USD.EUR.SP00.A
118457,171937,18180,Active,2024-01-27,COMPLETE,50.00,"USD (POC assumption, unverified)",2024-01-26,1.08710000,1,45.99,https://data-api.ecb.europa.eu/service/data/EXR/D.USD.EUR.SP00.A
118519,172037,7550,Blazers & Jackets,2024-01-05,SHIPPED,238.98,"USD (POC assumption, unverified)",2024-01-05,1.09210000,0,218.83,https://data-api.ecb.europa.eu/service/data/EXR/D.USD.EUR.SP00.A
118604,172163,14824,Maternity,2024-01-19,SHIPPED,17.20,"USD (POC assumption, unverified)",2024-01-19,1.08870000,0,15.80,https://data-api.ecb.europa.eu/service/data/EXR/D.USD.EUR.SP00.A
118645,172222,28269,Swim,2024-01-11,SHIPPED,48.00,"USD (POC assumption, unverified)",2024-01-11,1.09870000,0,43.69,https://data-api.ecb.europa.eu/service/data/EXR/D.USD.EUR.SP00.A
118765,172400,7158,Skirts,2024-01-28,SHIPPED,38.00,"USD (POC assumption, unverified)",2024-01-26,1.08710000,2,34.96,https://data-api.ecb.europa.eu/service/data/EXR/D.USD.EUR.SP00.A
118765,172401,8326,Outerwear & Coats,2024-01-28,SHIPPED,139.99,"USD (POC assumption, unverified)",2024-01-26,1.08710000,2,128.77,https://data-api.ecb.europa.eu/service/data/EXR/D.USD.EUR.SP00.A
119032,172810,15327,Plus,2024-01-22,SHIPPED,25.00,"USD (POC assumption, unverified)",2024-01-22,1.08900000,0,22.96,https://data-api.ecb.europa.eu/service/data/EXR/D.USD.EUR.SP00.A
119032,172811,14740,Maternity,2024-01-23,SHIPPED,34.98,"USD (POC assumption, unverified)",2024-01-23,1.08720000,0,32.17,https://data-api.ecb.europa.eu/service/data/EXR/D.USD.EUR.SP00.A
119201,173060,28044,Swim,2024-01-20,SHIPPED,48.97,"USD (POC assumption, unverified)",2024-01-19,1.08870000,1,44.98,https://data-api.ecb.europa.eu/service/data/EXR/D.USD.EUR.SP00.A
119201,173061,23605,Shorts,2024-01-18,SHIPPED,45.95,"USD (POC assumption, unverified)",2024-01-18,1.08750000,0,42.25,https://data-api.ecb.europa.eu/service/data/EXR/D.USD.EUR.SP00.A
119318,173226,26133,Underwear,2024-01-21,SHIPPED,18.00,"USD (POC assumption, unverified)",2024-01-19,1.08870000,2,16.53,https://data-api.ecb.europa.eu/service/data/EXR/D.USD.EUR.SP00.A
119342,173261,1662,Fashion Hoodies & Sweatshirts,2024-01-01,SHIPPED,49.95,"USD (POC assumption, unverified)",2023-12-29,1.10500000,3,45.20,https://data-api.ecb.europa.eu/service/data/EXR/D.USD.EUR.SP00.A
119547,173557,9265,Socks & Hosiery,2024-01-14,SHIPPED,9.99,"USD (POC assumption, unverified)",2024-01-12,1.09420000,2,9.13,https://data-api.ecb.europa.eu/service/data/EXR/D.USD.EUR.SP00.A
119547,173558,7337,Skirts,2024-01-18,SHIPPED,29.95,"USD (POC assumption, unverified)",2024-01-18,1.08750000,0,27.54,https://data-api.ecb.europa.eu/service/data/EXR/D.USD.EUR.SP00.A
119605,173643,26421,Underwear,2024-01-27,SHIPPED,35.00,"USD (POC assumption, unverified)",2024-01-26,1.08710000,1,32.20,https://data-api.ecb.europa.eu/service/data/EXR/D.USD.EUR.SP00.A
119619,173664,194,Tops & Tees,2024-01-02,SHIPPED,27.99,"USD (POC assumption, unverified)",2024-01-02,1.09560000,0,25.55,https://data-api.ecb.europa.eu/service/data/EXR/D.USD.EUR.SP00.A
119629,173680,11578,Intimates,2024-01-13,COMPLETE,49.95,"USD (POC assumption, unverified)",2024-01-12,1.09420000,1,45.65,https://data-api.ecb.europa.eu/service/data/EXR/D.USD.EUR.SP00.A
119896,174073,5148,Pants & Capris,2024-01-13,COMPLETE,32.99,"USD (POC assumption, unverified)",2024-01-12,1.09420000,1,30.15,https://data-api.ecb.europa.eu/service/data/EXR/D.USD.EUR.SP00.A
119896,174074,4549,Jeans,2024-01-16,COMPLETE,158.00,"USD (POC assumption, unverified)",2024-01-16,1.08820000,0,145.19,https://data-api.ecb.europa.eu/service/data/EXR/D.USD.EUR.SP00.A
119922,174124,9856,Sleep & Lounge,2024-01-05,SHIPPED,80.00,"USD (POC assumption, unverified)",2024-01-05,1.09210000,0,73.25,https://data-api.ecb.europa.eu/service/data/EXR/D.USD.EUR.SP00.A
119922,174125,9379,Socks & Hosiery,2024-01-02,SHIPPED,7.99,"USD (POC assumption, unverified)",2024-01-02,1.09560000,0,7.29,https://data-api.ecb.europa.eu/service/data/EXR/D.USD.EUR.SP00.A
120061,174304,11359,Intimates,2024-01-22,COMPLETE,38.00,"USD (POC assumption, unverified)",2024-01-22,1.08900000,0,34.89,https://data-api.ecb.europa.eu/service/data/EXR/D.USD.EUR.SP00.A
120086,174334,18091,Active,2024-01-06,SHIPPED,65.00,"USD (POC assumption, unverified)",2024-01-05,1.09210000,1,59.52,https://data-api.ecb.europa.eu/service/data/EXR/D.USD.EUR.SP00.A
120206,174511,1267,Sweaters,2024-01-09,SHIPPED,79.95,"USD (POC assumption, unverified)",2024-01-09,1.09400000,0,73.08,https://data-api.ecb.europa.eu/service/data/EXR/D.USD.EUR.SP00.A
120217,174528,13496,Swim,2024-01-12,COMPLETE,144.00,"USD (POC assumption, unverified)",2024-01-12,1.09420000,0,131.60,https://data-api.ecb.europa.eu/service/data/EXR/D.USD.EUR.SP00.A
120217,174529,8149,Suits,2024-01-13,COMPLETE,114.99,"USD (POC assumption, unverified)",2024-01-12,1.09420000,1,105.09,https://data-api.ecb.europa.eu/service/data/EXR/D.USD.EUR.SP00.A
120245,174569,2459,Active,2024-01-11,COMPLETE,24.50,"USD (POC assumption, unverified)",2024-01-11,1.09870000,0,22.30,https://data-api.ecb.europa.eu/service/data/EXR/D.USD.EUR.SP00.A
120474,174901,1519,Sweaters,2024-01-05,COMPLETE,29.00,"USD (POC assumption, unverified)",2024-01-05,1.09210000,0,26.55,https://data-api.ecb.europa.eu/service/data/EXR/D.USD.EUR.SP00.A
120488,174920,10285,Sleep & Lounge,2024-01-28,SHIPPED,170.00,"USD (POC assumption, unverified)",2024-01-26,1.08710000,2,156.38,https://data-api.ecb.europa.eu/service/data/EXR/D.USD.EUR.SP00.A
120516,174958,15913,Plus,2024-01-18,COMPLETE,33.98,"USD (POC assumption, unverified)",2024-01-18,1.08750000,0,31.25,https://data-api.ecb.europa.eu/service/data/EXR/D.USD.EUR.SP00.A
120537,174991,1521,Sweaters,2024-01-15,SHIPPED,44.99,"USD (POC assumption, unverified)",2024-01-15,1.09450000,0,41.11,https://data-api.ecb.europa.eu/service/data/EXR/D.USD.EUR.SP00.A
120561,175031,2102,Fashion Hoodies & Sweatshirts,2024-01-28,SHIPPED,25.00,"USD (POC assumption, unverified)",2024-01-26,1.08710000,2,23.00,https://data-api.ecb.europa.eu/service/data/EXR/D.USD.EUR.SP00.A
120579,175052,25750,Underwear,2024-01-22,SHIPPED,29.50,"USD (POC assumption, unverified)",2024-01-22,1.08900000,0,27.09,https://data-api.ecb.europa.eu/service/data/EXR/D.USD.EUR.SP00.A
120579,175053,16087,Tops & Tees,2024-01-23,SHIPPED,50.00,"USD (POC assumption, unverified)",2024-01-23,1.08720000,0,45.99,https://data-api.ecb.europa.eu/service/data/EXR/D.USD.EUR.SP00.A
120817,175399,19120,Sweaters,2024-01-29,COMPLETE,77.00,"USD (POC assumption, unverified)",2024-01-29,1.08230000,0,71.14,https://data-api.ecb.europa.eu/service/data/EXR/D.USD.EUR.SP00.A
121650,176582,26356,Underwear,2024-01-27,SHIPPED,17.80,"USD (POC assumption, unverified)",2024-01-26,1.08710000,1,16.37,https://data-api.ecb.europa.eu/service/data/EXR/D.USD.EUR.SP00.A
121650,176583,25269,Socks,2024-01-30,SHIPPED,22.00,"USD (POC assumption, unverified)",2024-01-30,1.08460000,0,20.28,https://data-api.ecb.europa.eu/service/data/EXR/D.USD.EUR.SP00.A
122050,177176,14198,Accessories,2024-01-30,COMPLETE,23.95,"USD (POC assumption, unverified)",2024-01-30,1.08460000,0,22.08,https://data-api.ecb.europa.eu/service/data/EXR/D.USD.EUR.SP00.A
122050,177177,7319,Skirts,2024-01-28,COMPLETE,149.98,"USD (POC assumption, unverified)",2024-01-26,1.08710000,2,137.96,https://data-api.ecb.europa.eu/service/data/EXR/D.USD.EUR.SP00.A
122050,177178,1604,Fashion Hoodies & Sweatshirts,2024-01-30,COMPLETE,118.00,"USD (POC assumption, unverified)",2024-01-30,1.08460000,0,108.80,https://data-api.ecb.europa.eu/service/data/EXR/D.USD.EUR.SP00.A
122124,177298,20766,Jeans,2024-01-04,SHIPPED,193.95,"USD (POC assumption, unverified)",2024-01-04,1.09530000,0,177.07,https://data-api.ecb.europa.eu/service/data/EXR/D.USD.EUR.SP00.A
122382,177668,11608,Intimates,2024-01-11,COMPLETE,10.98,"USD (POC assumption, unverified)",2024-01-11,1.09870000,0,9.99,https://data-api.ecb.europa.eu/service/data/EXR/D.USD.EUR.SP00.A
122382,177669,14428,Maternity,2024-01-10,COMPLETE,7.98,"USD (POC assumption, unverified)",2024-01-10,1.09460000,0,7.29,https://data-api.ecb.europa.eu/service/data/EXR/D.USD.EUR.SP00.A
122382,177670,2495,Active,2024-01-14,COMPLETE,22.00,"USD (POC assumption, unverified)",2024-01-12,1.09420000,2,20.11,https://data-api.ecb.europa.eu/service/data/EXR/D.USD.EUR.SP00.A
122711,178168,7254,Skirts,2024-01-02,COMPLETE,84.09,"USD (POC assumption, unverified)",2024-01-02,1.09560000,0,76.75,https://data-api.ecb.europa.eu/service/data/EXR/D.USD.EUR.SP00.A
122860,178381,26424,Underwear,2024-01-01,COMPLETE,29.00,"USD (POC assumption, unverified)",2023-12-29,1.10500000,3,26.24,https://data-api.ecb.europa.eu/service/data/EXR/D.USD.EUR.SP00.A
123040,178645,25866,Underwear,2024-01-01,SHIPPED,48.00,"USD (POC assumption, unverified)",2023-12-29,1.10500000,3,43.44,https://data-api.ecb.europa.eu/service/data/EXR/D.USD.EUR.SP00.A
123046,178653,17832,Fashion Hoodies & Sweatshirts,2024-01-03,SHIPPED,51.96,"USD (POC assumption, unverified)",2024-01-03,1.09190000,0,47.59,https://data-api.ecb.europa.eu/service/data/EXR/D.USD.EUR.SP00.A
123156,178810,17298,Fashion Hoodies & Sweatshirts,2024-01-04,COMPLETE,78.00,"USD (POC assumption, unverified)",2024-01-04,1.09530000,0,71.21,https://data-api.ecb.europa.eu/service/data/EXR/D.USD.EUR.SP00.A
123414,179182,19582,Sweaters,2024-01-15,SHIPPED,50.00,"USD (POC assumption, unverified)",2024-01-15,1.09450000,0,45.68,https://data-api.ecb.europa.eu/service/data/EXR/D.USD.EUR.SP00.A
123414,179183,29019,Accessories,2024-01-16,SHIPPED,34.95,"USD (POC assumption, unverified)",2024-01-16,1.08820000,0,32.12,https://data-api.ecb.europa.eu/service/data/EXR/D.USD.EUR.SP00.A
123414,179184,28461,Accessories,2024-01-16,SHIPPED,38.45,"USD (POC assumption, unverified)",2024-01-16,1.08820000,0,35.33,https://data-api.ecb.europa.eu/service/data/EXR/D.USD.EUR.SP00.A
123424,179200,9638,Sleep & Lounge,2024-01-04,COMPLETE,12.99,"USD (POC assumption, unverified)",2024-01-04,1.09530000,0,11.86,https://data-api.ecb.europa.eu/service/data/EXR/D.USD.EUR.SP00.A
123444,179230,3013,Active,2024-01-04,SHIPPED,45.50,"USD (POC assumption, unverified)",2024-01-04,1.09530000,0,41.54,https://data-api.ecb.europa.eu/service/data/EXR/D.USD.EUR.SP00.A
123470,179268,25356,Socks,2024-01-27,COMPLETE,12.00,"USD (POC assumption, unverified)",2024-01-26,1.08710000,1,11.04,https://data-api.ecb.europa.eu/service/data/EXR/D.USD.EUR.SP00.A
123470,179269,25498,Underwear,2024-01-28,COMPLETE,24.00,"USD (POC assumption, unverified)",2024-01-26,1.08710000,2,22.08,https://data-api.ecb.europa.eu/service/data/EXR/D.USD.EUR.SP00.A
123623,179481,15274,Plus,2024-01-21,SHIPPED,18.00,"USD (POC assumption, unverified)",2024-01-19,1.08870000,2,16.53,https://data-api.ecb.europa.eu/service/data/EXR/D.USD.EUR.SP00.A
123623,179482,482,Tops & Tees,2024-01-20,SHIPPED,19.99,"USD (POC assumption, unverified)",2024-01-19,1.08870000,1,18.36,https://data-api.ecb.europa.eu/service/data/EXR/D.USD.EUR.SP00.A
123881,179855,6555,Shorts,2024-01-07,SHIPPED,163.80,"USD (POC assumption, unverified)",2024-01-05,1.09210000,2,149.99,https://data-api.ecb.europa.eu/service/data/EXR/D.USD.EUR.SP00.A
124228,180375,15604,Plus,2024-01-14,COMPLETE,25.99,"USD (POC assumption, unverified)",2024-01-12,1.09420000,2,23.75,https://data-api.ecb.europa.eu/service/data/EXR/D.USD.EUR.SP00.A
124694,181044,22459,Pants,2024-01-10,SHIPPED,160.00,"USD (POC assumption, unverified)",2024-01-10,1.09460000,0,146.17,https://data-api.ecb.europa.eu/service/data/EXR/D.USD.EUR.SP00.A
