order_id,order_item_id,product_id,sale_date_utc,order_status,item_status,order_disposition,sale_price,product_category
104,140,10396,2024-01-22,Cancelled,Cancelled,EXCLUE_METIER,48.0,Intimates
227,331,17683,2024-01-28,Complete,Complete,CANDIDATE_CA,99.94999694824217,Fashion Hoodies & Sweatshirts
269,388,16581,2024-01-12,Returned,Returned,EXCLUE_METIER,39.5,Tops & Tees
289,413,6382,2024-01-30,Returned,Returned,EXCLUE_METIER,16.5,Shorts
289,414,1411,2024-01-26,Returned,Returned,EXCLUE_METIER,59.5,Sweaters
571,806,21352,2024-01-22,Shipped,Shipped,CANDIDATE_CA,109.9499969482422,Jeans
600,851,23779,2024-01-14,Processing,Processing,A_VERIFIER_ETAT,266.6600036621094,Outerwear & Coats
606,857,14035,2024-01-02,Complete,Complete,CANDIDATE_CA,39.9900016784668,Accessories
655,923,10856,2024-01-24,Processing,Processing,A_VERIFIER_ETAT,30.0,Intimates
816,1142,18625,2024-01-05,Complete,Complete,CANDIDATE_CA,68.9000015258789,Active
816,1143,27693,2024-01-06,Complete,Complete,CANDIDATE_CA,45.0,Swim
823,1153,28809,2024-01-27,Cancelled,Cancelled,EXCLUE_METIER,24.989999771118164,Accessories
959,1343,18733,2024-01-22,Complete,Complete,CANDIDATE_CA,35.0,Active
1117,1581,7158,2024-01-23,Shipped,Shipped,CANDIDATE_CA,38.0,Skirts
1121,1588,28772,2024-01-18,Shipped,Shipped,CANDIDATE_CA,17.31999969482422,Accessories
1121,1589,26508,2024-01-21,Shipped,Shipped,CANDIDATE_CA,74.0,Sleep & Lounge
1295,1849,26918,2024-01-25,Returned,Returned,EXCLUE_METIER,47.0,Sleep & Lounge
1308,1871,14282,2024-01-09,Complete,Complete,CANDIDATE_CA,14.0,Accessories
1324,1892,16250,2024-01-03,Cancelled,Cancelled,EXCLUE_METIER,59.5,Tops & Tees
1411,2014,21844,2024-01-15,Processing,Processing,A_VERIFIER_ETAT,59.950000762939446,Pants
1422,2028,11562,2024-01-01,Shipped,Shipped,CANDIDATE_CA,10.880000114440918,Intimates
1464,2086,26993,2024-01-11,Complete,Complete,CANDIDATE_CA,80.41999816894531,Sleep & Lounge
1471,2094,18750,2024-01-12,Complete,Complete,CANDIDATE_CA,12.630000114440918,Active
1471,2095,26187,2024-01-11,Complete,Complete,CANDIDATE_CA,8.640000343322756,Underwear
1471,2096,18527,2024-01-09,Complete,Complete,CANDIDATE_CA,22.0,Active
1546,2203,4139,2024-01-06,Shipped,Shipped,CANDIDATE_CA,11.090000152587892,Jumpsuits & Rompers
1546,2204,1268,2024-01-03,Shipped,Shipped,CANDIDATE_CA,41.75,Sweaters
1586,2259,8719,2024-01-24,Complete,Complete,CANDIDATE_CA,74.94999694824217,Outerwear & Coats
1586,2260,7648,2024-01-23,Complete,Complete,CANDIDATE_CA,26.690000534057617,Blazers & Jackets
1648,2341,19559,2024-01-13,Processing,Processing,A_VERIFIER_ETAT,168.83999633789062,Sweaters
1648,2342,22395,2024-01-13,Processing,Processing,A_VERIFIER_ETAT,198.0,Pants
1648,2343,21253,2024-01-14,Processing,Processing,A_VERIFIER_ETAT,154.0,Jeans
1672,2371,26261,2024-01-19,Processing,Processing,A_VERIFIER_ETAT,28.5,Underwear
1688,2389,10114,2024-01-19,Returned,Returned,EXCLUE_METIER,65.0,Sleep & Lounge
1688,2390,9081,2024-01-16,Returned,Returned,EXCLUE_METIER,17.950000762939453,Socks & Hosiery
1760,2489,13629,2024-01-11,Processing,Processing,A_VERIFIER_ETAT,1.5099999904632568,Accessories
2125,3004,17569,2024-01-11,Shipped,Shipped,CANDIDATE_CA,15.600000381469728,Fashion Hoodies & Sweatshirts
2142,3030,26208,2024-01-17,Cancelled,Cancelled,EXCLUE_METIER,38.0,Underwear
2142,3031,27574,2024-01-18,Cancelled,Cancelled,EXCLUE_METIER,50.0,Swim
2155,3049,10833,2024-01-03,Shipped,Shipped,CANDIDATE_CA,25.5,Intimates
2155,3050,9612,2024-01-05,Shipped,Shipped,CANDIDATE_CA,39.950000762939446,Sleep & Lounge
2215,3138,25703,2024-01-15,Processing,Processing,A_VERIFIER_ETAT,39.9900016784668,Underwear
2237,3171,25006,2024-01-29,Shipped,Shipped,CANDIDATE_CA,7.5,Socks
2237,3172,23092,2024-01-28,Shipped,Shipped,CANDIDATE_CA,40.0,Shorts
2237,3173,16733,2024-01-27,Shipped,Shipped,CANDIDATE_CA,16.600000381469727,Tops & Tees
2237,3174,20177,2024-01-27,Shipped,Shipped,CANDIDATE_CA,88.0,Suits & Sport Coats
2797,3977,20669,2024-01-30,Processing,Processing,A_VERIFIER_ETAT,74.0,Jeans
2909,4143,24681,2024-01-25,Complete,Complete,CANDIDATE_CA,13.989999771118164,Socks
2934,4186,6156,2024-01-04,Shipped,Shipped,CANDIDATE_CA,6.730000019073486,Leggings
2934,4187,14248,2024-01-01,Shipped,Shipped,CANDIDATE_CA,3.5,Accessories
2934,4188,12597,2024-01-02,Shipped,Shipped,CANDIDATE_CA,7.949999809265136,Intimates
2934,4189,1548,2024-01-02,Shipped,Shipped,CANDIDATE_CA,29.989999771118164,Fashion Hoodies & Sweatshirts
3019,4305,20407,2024-01-04,Shipped,Shipped,CANDIDATE_CA,79.94999694824217,Suits & Sport Coats
3037,4335,7399,2024-01-10,Complete,Complete,CANDIDATE_CA,89.0,Skirts
3044,4344,24488,2024-01-09,Complete,Complete,CANDIDATE_CA,14.699999809265137,Socks
3044,4345,16211,2024-01-09,Complete,Complete,CANDIDATE_CA,54.180000305175774,Tops & Tees
3044,4346,23140,2024-01-10,Complete,Complete,CANDIDATE_CA,44.5,Shorts
3280,4701,1921,2024-01-08,Cancelled,Cancelled,EXCLUE_METIER,34.95000076293945,Fashion Hoodies & Sweatshirts
3336,4773,5100,2024-01-16,Complete,Complete,CANDIDATE_CA,44.9900016784668,Pants & Capris
3336,4774,8366,2024-01-20,Complete,Complete,CANDIDATE_CA,157.5,Outerwear & Coats
3385,4846,24692,2024-01-15,Complete,Complete,CANDIDATE_CA,10.0,Socks
3385,4847,18222,2024-01-16,Complete,Complete,CANDIDATE_CA,12.0,Active
3455,4951,15843,2024-01-17,Returned,Returned,EXCLUE_METIER,4.380000114440918,Plus
3465,4965,25091,2024-01-24,Cancelled,Cancelled,EXCLUE_METIER,25.0,Socks
3508,5031,3992,2024-01-27,Shipped,Shipped,CANDIDATE_CA,108.0,Dresses
3600,5167,15636,2024-01-30,Returned,Returned,EXCLUE_METIER,12.0,Plus
3697,5314,25791,2024-01-29,Complete,Complete,CANDIDATE_CA,25.0,Underwear
3857,5544,25684,2024-01-14,Returned,Returned,EXCLUE_METIER,22.739999771118164,Underwear
3857,5545,23240,2024-01-12,Returned,Returned,EXCLUE_METIER,40.0,Shorts
3857,5546,19353,2024-01-11,Returned,Returned,EXCLUE_METIER,39.880001068115234,Sweaters
3869,5563,12294,2024-01-05,Returned,Returned,EXCLUE_METIER,21.899999618530277,Intimates
4278,6167,5851,2024-01-13,Cancelled,Cancelled,EXCLUE_METIER,6.96999979019165,Leggings
4285,6176,12681,2024-01-16,Returned,Returned,EXCLUE_METIER,59.950000762939446,Intimates
4285,6177,8351,2024-01-15,Returned,Returned,EXCLUE_METIER,160.0,Outerwear & Coats
4329,6241,5789,2024-01-26,Shipped,Shipped,CANDIDATE_CA,27.780000686645508,Leggings
4404,6361,15380,2024-01-19,Processing,Processing,A_VERIFIER_ETAT,25.0,Plus
4404,6362,1065,2024-01-23,Processing,Processing,A_VERIFIER_ETAT,36.9900016784668,Sweaters
4485,6474,15993,2024-01-31,Shipped,Shipped,CANDIDATE_CA,49.5,Tops & Tees
4576,6600,14051,2024-01-13,Returned,Returned,EXCLUE_METIER,85.83000183105469,Accessories
4576,6601,11997,2024-01-17,Returned,Returned,EXCLUE_METIER,65.0,Intimates
4576,6602,15119,2024-01-17,Returned,Returned,EXCLUE_METIER,78.0,Maternity
4576,6603,4388,2024-01-15,Returned,Returned,EXCLUE_METIER,34.9900016784668,Jeans
4883,7061,9214,2024-01-26,Processing,Processing,A_VERIFIER_ETAT,11.989999771118164,Socks & Hosiery
4883,7062,6940,2024-01-27,Processing,Processing,A_VERIFIER_ETAT,18.0,Shorts
4884,7063,7795,2024-01-05,Complete,Complete,CANDIDATE_CA,261.0,Blazers & Jackets
5015,7252,15910,2024-01-04,Cancelled,Cancelled,EXCLUE_METIER,18.989999771118164,Plus
5021,7258,22904,2024-01-13,Cancelled,Cancelled,EXCLUE_METIER,48.0,Shorts
5021,7259,20986,2024-01-15,Cancelled,Cancelled,EXCLUE_METIER,69.0,Jeans
5034,7279,8818,2024-01-31,Complete,Complete,CANDIDATE_CA,179.99000549316406,Outerwear & Coats
5034,7280,2728,2024-01-30,Complete,Complete,CANDIDATE_CA,20.0,Active
5052,7304,27749,2024-01-08,Complete,Complete,CANDIDATE_CA,49.5,Swim
5052,7305,20068,2024-01-10,Complete,Complete,CANDIDATE_CA,219.5,Suits & Sport Coats
5281,7648,26511,2024-01-08,Processing,Processing,A_VERIFIER_ETAT,149.9499969482422,Sleep & Lounge
5367,7776,8779,2024-01-15,Shipped,Shipped,CANDIDATE_CA,140.0,Outerwear & Coats
5563,8072,21509,2024-01-11,Complete,Complete,CANDIDATE_CA,134.0,Jeans
5563,8073,17777,2024-01-10,Complete,Complete,CANDIDATE_CA,56.869998931884766,Fashion Hoodies & Sweatshirts
5974,8672,3334,2024-01-08,Cancelled,Cancelled,EXCLUE_METIER,33.9900016784668,Dresses
6004,8711,16920,2024-01-22,Returned,Returned,EXCLUE_METIER,29.989999771118164,Tops & Tees
6004,8712,25256,2024-01-22,Returned,Returned,EXCLUE_METIER,6.989999771118164,Socks
6287,9101,21651,2024-01-13,Shipped,Shipped,CANDIDATE_CA,68.94999694824219,Jeans
6287,9102,20728,2024-01-11,Shipped,Shipped,CANDIDATE_CA,37.9900016784668,Jeans
6470,9363,9417,2024-01-11,Processing,Processing,A_VERIFIER_ETAT,11.989999771118164,Socks & Hosiery
6470,9364,13089,2024-01-12,Processing,Processing,A_VERIFIER_ETAT,38.9900016784668,Swim
6470,9365,2150,2024-01-13,Processing,Processing,A_VERIFIER_ETAT,119.0,Fashion Hoodies & Sweatshirts
6470,9366,4288,2024-01-09,Processing,Processing,A_VERIFIER_ETAT,55.9900016784668,Jeans
6509,9417,6659,2024-01-01,Shipped,Shipped,CANDIDATE_CA,39.9900016784668,Shorts
6751,9783,2248,2024-01-05,Complete,Complete,CANDIDATE_CA,36.9900016784668,Fashion Hoodies & Sweatshirts
6764,9805,2335,2024-01-27,Returned,Returned,EXCLUE_METIER,14.289999961853027,Fashion Hoodies & Sweatshirts
6893,9978,3427,2024-01-29,Processing,Processing,A_VERIFIER_ETAT,46.9900016784668,Dresses
6906,9993,5087,2024-01-28,Shipped,Shipped,CANDIDATE_CA,58.5,Jeans
6906,9994,12916,2024-01-31,Shipped,Shipped,CANDIDATE_CA,19.899999618530277,Swim
6978,10096,8997,2024-01-08,Shipped,Shipped,CANDIDATE_CA,20.0,Socks & Hosiery
6978,10097,8073,2024-01-12,Shipped,Shipped,CANDIDATE_CA,59.11000061035156,Suits
6978,10098,6208,2024-01-09,Shipped,Shipped,CANDIDATE_CA,17.899999618530273,Leggings
6998,10125,25177,2024-01-11,Complete,Complete,CANDIDATE_CA,8.800000190734863,Socks
6998,10126,20046,2024-01-12,Complete,Complete,CANDIDATE_CA,189.97999572753903,Suits & Sport Coats
7123,10300,1130,2024-01-19,Returned,Returned,EXCLUE_METIER,119.98999786376952,Sweaters
7141,10320,6300,2024-01-19,Complete,Complete,CANDIDATE_CA,29.899999618530277,Shorts
7237,10463,14310,2024-01-23,Complete,Complete,CANDIDATE_CA,17.989999771118164,Accessories
7261,10502,26482,2024-01-30,Complete,Complete,CANDIDATE_CA,89.94999694824217,Sleep & Lounge
7261,10504,25524,2024-01-28,Complete,Complete,CANDIDATE_CA,41.9900016784668,Underwear
7376,10660,26880,2024-01-21,Complete,Complete,CANDIDATE_CA,25.0,Sleep & Lounge
7393,10680,10473,2024-01-22,Cancelled,Cancelled,EXCLUE_METIER,42.299999237060554,Intimates
7466,10779,25339,2024-01-21,Cancelled,Cancelled,EXCLUE_METIER,22.989999771118164,Socks
7647,11038,5696,2024-01-13,Returned,Returned,EXCLUE_METIER,43.9900016784668,Pants & Capris
8020,11595,15240,2024-01-18,Processing,Processing,A_VERIFIER_ETAT,60.0,Plus
8032,11610,16827,2024-01-31,Cancelled,Cancelled,EXCLUE_METIER,70.94999694824219,Tops & Tees
8242,11910,3491,2024-01-19,Complete,Complete,CANDIDATE_CA,98.0,Dresses
8283,11973,22342,2024-01-08,Complete,Complete,CANDIDATE_CA,138.0,Pants
8313,12014,12965,2024-01-07,Complete,Complete,CANDIDATE_CA,52.0,Swim
8313,12015,1492,2024-01-08,Complete,Complete,CANDIDATE_CA,60.9900016784668,Sweaters
8348,12070,360,2024-01-11,Shipped,Shipped,CANDIDATE_CA,11.0,Tops & Tees
8370,12098,25378,2024-01-22,Complete,Complete,CANDIDATE_CA,32.0,Underwear
8370,12099,17860,2024-01-19,Complete,Complete,CANDIDATE_CA,57.9900016784668,Fashion Hoodies & Sweatshirts
8370,12100,20638,2024-01-22,Complete,Complete,CANDIDATE_CA,39.950000762939446,Jeans
8529,12349,23784,2024-01-16,Processing,Processing,A_VERIFIER_ETAT,575.0,Outerwear & Coats
8571,12406,25782,2024-01-26,Complete,Complete,CANDIDATE_CA,24.0,Underwear
8802,12737,4603,2024-01-25,Complete,Complete,CANDIDATE_CA,44.5,Jeans
8856,12817,13068,2024-01-19,Returned,Returned,EXCLUE_METIER,44.0,Swim
8856,12818,5976,2024-01-21,Returned,Returned,EXCLUE_METIER,30.0,Leggings
9196,13292,6870,2024-01-12,Shipped,Shipped,CANDIDATE_CA,32.95000076293945,Shorts
9269,13397,23388,2024-01-04,Shipped,Shipped,CANDIDATE_CA,29.950000762939453,Shorts
9331,13491,18992,2024-01-23,Complete,Complete,CANDIDATE_CA,27.600000381469727,Sweaters
9331,13492,22869,2024-01-19,Complete,Complete,CANDIDATE_CA,28.0,Shorts
9338,13499,10105,2024-01-16,Shipped,Shipped,CANDIDATE_CA,140.0,Sleep & Lounge
9338,13500,12403,2024-01-17,Shipped,Shipped,CANDIDATE_CA,22.989999771118164,Intimates
9348,13515,27264,2024-01-19,Processing,Processing,A_VERIFIER_ETAT,39.950000762939446,Sleep & Lounge
9348,13516,17720,2024-01-19,Processing,Processing,A_VERIFIER_ETAT,38.77000045776367,Fashion Hoodies & Sweatshirts
9413,13600,5420,2024-01-25,Complete,Complete,CANDIDATE_CA,49.0,Pants & Capris
9447,13648,28865,2024-01-19,Cancelled,Cancelled,EXCLUE_METIER,24.950000762939453,Accessories
9643,13923,13368,2024-01-17,Complete,Complete,CANDIDATE_CA,44.0,Swim
9710,14015,23448,2024-01-21,Shipped,Shipped,CANDIDATE_CA,10.760000228881836,Shorts
9713,14018,3404,2024-01-03,Processing,Processing,A_VERIFIER_ETAT,97.98999786376952,Dresses
9718,14026,807,2024-01-08,Processing,Processing,A_VERIFIER_ETAT,89.5,Sweaters
9718,14027,10887,2024-01-04,Processing,Processing,A_VERIFIER_ETAT,16.0,Intimates
9822,14180,28029,2024-01-12,Complete,Complete,CANDIDATE_CA,37.5,Swim
10006,14436,19523,2024-01-09,Complete,Complete,CANDIDATE_CA,186.94999694824216,Sweaters
10020,14457,21834,2024-01-02,Shipped,Shipped,CANDIDATE_CA,44.9900016784668,Pants
10052,14510,376,2024-01-28,Processing,Processing,A_VERIFIER_ETAT,13.989999771118164,Tops & Tees
10324,14905,15143,2024-01-05,Cancelled,Cancelled,EXCLUE_METIER,42.220001220703125,Maternity
10324,14906,10084,2024-01-06,Cancelled,Cancelled,EXCLUE_METIER,28.0,Sleep & Lounge
10364,14967,9407,2024-01-24,Complete,Complete,CANDIDATE_CA,6.5,Socks & Hosiery
10797,15588,14481,2024-01-30,Shipped,Shipped,CANDIDATE_CA,19.979999542236328,Maternity
10836,15645,14408,2024-01-21,Cancelled,Cancelled,EXCLUE_METIER,29.979999542236328,Maternity
10843,15653,28249,2024-01-02,Shipped,Shipped,CANDIDATE_CA,24.989999771118164,Swim
10860,15675,14993,2024-01-10,Shipped,Shipped,CANDIDATE_CA,30.200000762939453,Maternity
10898,15724,9314,2024-01-09,Shipped,Shipped,CANDIDATE_CA,30.0,Socks & Hosiery
10922,15752,11041,2024-01-19,Cancelled,Cancelled,EXCLUE_METIER,28.0,Intimates
11074,15980,10827,2024-01-07,Cancelled,Cancelled,EXCLUE_METIER,27.450000762939453,Intimates
11074,15981,4362,2024-01-04,Cancelled,Cancelled,EXCLUE_METIER,104.0,Jeans
11104,16031,3973,2024-01-15,Processing,Processing,A_VERIFIER_ETAT,87.0,Dresses
11118,16047,7430,2024-01-01,Complete,Complete,CANDIDATE_CA,29.5,Skirts
11198,16166,3121,2024-01-02,Complete,Complete,CANDIDATE_CA,495.0,Dresses
11198,16167,3987,2024-01-06,Complete,Complete,CANDIDATE_CA,85.12000274658203,Dresses
11452,16543,16436,2024-01-10,Shipped,Shipped,CANDIDATE_CA,28.15999984741211,Tops & Tees
11513,16631,6789,2024-01-25,Processing,Processing,A_VERIFIER_ETAT,44.0,Shorts
11514,16632,13211,2024-01-14,Shipped,Shipped,CANDIDATE_CA,36.950000762939446,Swim
11531,16664,18617,2024-01-29,Shipped,Shipped,CANDIDATE_CA,22.0,Active
11538,16677,16178,2024-01-01,Processing,Processing,A_VERIFIER_ETAT,21.38999938964844,Tops & Tees
11538,16678,28162,2024-01-02,Processing,Processing,A_VERIFIER_ETAT,65.0,Swim
11769,17038,483,2024-01-09,Cancelled,Cancelled,EXCLUE_METIER,60.0,Tops & Tees
11770,17039,7392,2024-01-23,Cancelled,Cancelled,EXCLUE_METIER,14.899999618530272,Skirts
11770,17040,70,2024-01-22,Cancelled,Cancelled,EXCLUE_METIER,99.0,Tops & Tees
11771,17041,12764,2024-01-22,Processing,Processing,A_VERIFIER_ETAT,73.0,Swim
11980,17334,17541,2024-01-30,Complete,Complete,CANDIDATE_CA,33.16999816894531,Fashion Hoodies & Sweatshirts
11980,17335,18382,2024-01-30,Complete,Complete,CANDIDATE_CA,59.9900016784668,Active
11980,17336,27921,2024-01-31,Complete,Complete,CANDIDATE_CA,34.5,Swim
11986,17342,22020,2024-01-12,Shipped,Shipped,CANDIDATE_CA,25.0,Pants
12018,17395,20005,2024-01-19,Complete,Complete,CANDIDATE_CA,179.0,Suits & Sport Coats
12029,17419,11961,2024-01-27,Cancelled,Cancelled,EXCLUE_METIER,26.989999771118164,Intimates
12038,17428,723,2024-01-12,Shipped,Shipped,CANDIDATE_CA,59.9900016784668,Tops & Tees
12038,17429,3132,2024-01-12,Shipped,Shipped,CANDIDATE_CA,99.98999786376952,Dresses
12321,17844,1006,2024-01-29,Shipped,Shipped,CANDIDATE_CA,29.989999771118164,Sweaters
12340,17882,27979,2024-01-16,Complete,Complete,CANDIDATE_CA,87.94999694824217,Swim
12530,18162,19937,2024-01-02,Complete,Complete,CANDIDATE_CA,89.98999786376953,Suits & Sport Coats
12530,18163,24952,2024-01-01,Complete,Complete,CANDIDATE_CA,19.989999771118164,Socks
12567,18214,800,2024-01-21,Cancelled,Cancelled,EXCLUE_METIER,88.0,Sweaters
12811,18560,23057,2024-01-26,Complete,Complete,CANDIDATE_CA,59.5,Shorts
12851,18612,21680,2024-01-01,Shipped,Shipped,CANDIDATE_CA,55.0,Pants
12931,18739,13129,2024-01-29,Shipped,Shipped,CANDIDATE_CA,44.34000015258789,Swim
13008,18853,11923,2024-01-14,Processing,Processing,A_VERIFIER_ETAT,49.9900016784668,Intimates
13022,18874,7356,2024-01-24,Cancelled,Cancelled,EXCLUE_METIER,25.0,Skirts
13034,18895,10126,2024-01-10,Shipped,Shipped,CANDIDATE_CA,11.989999771118164,Sleep & Lounge
13034,18896,7787,2024-01-11,Shipped,Shipped,CANDIDATE_CA,98.0,Blazers & Jackets
13120,19030,16529,2024-01-13,Returned,Returned,EXCLUE_METIER,22.0,Tops & Tees
13120,19031,17944,2024-01-14,Returned,Returned,EXCLUE_METIER,44.9900016784668,Fashion Hoodies & Sweatshirts
13120,19032,20258,2024-01-13,Returned,Returned,EXCLUE_METIER,325.0,Suits & Sport Coats
13260,19244,290,2024-01-11,Shipped,Shipped,CANDIDATE_CA,36.0,Tops & Tees
13420,19490,18233,2024-01-23,Complete,Complete,CANDIDATE_CA,18.989999771118164,Active
13482,19578,26689,2024-01-01,Processing,Processing,A_VERIFIER_ETAT,74.0,Sleep & Lounge
13543,19665,9565,2024-01-03,Shipped,Shipped,CANDIDATE_CA,47.0,Sleep & Lounge
13630,19790,24265,2024-01-02,Cancelled,Cancelled,EXCLUE_METIER,139.99000549316406,Outerwear & Coats
13664,19840,8482,2024-01-02,Complete,Complete,CANDIDATE_CA,99.0,Outerwear & Coats
13724,19932,9650,2024-01-12,Processing,Processing,A_VERIFIER_ETAT,69.98999786376953,Sleep & Lounge
13836,20103,11237,2024-01-02,Cancelled,Cancelled,EXCLUE_METIER,17.489999771118164,Intimates
13838,20105,27862,2024-01-05,Complete,Complete,CANDIDATE_CA,45.0,Swim
13838,20106,22140,2024-01-06,Complete,Complete,CANDIDATE_CA,79.5,Pants
13838,20107,21523,2024-01-06,Complete,Complete,CANDIDATE_CA,195.72000122070312,Jeans
13925,20230,21076,2024-01-17,Returned,Returned,EXCLUE_METIER,25.0,Jeans
13925,20231,24765,2024-01-15,Returned,Returned,EXCLUE_METIER,13.0,Socks
13925,20232,24667,2024-01-19,Returned,Returned,EXCLUE_METIER,15.0,Socks
13925,20233,23745,2024-01-17,Returned,Returned,EXCLUE_METIER,160.0,Outerwear & Coats
14121,20499,22865,2024-01-21,Shipped,Shipped,CANDIDATE_CA,49.0,Shorts
14143,20531,19012,2024-01-04,Shipped,Shipped,CANDIDATE_CA,64.0,Sweaters
14223,20633,7458,2024-01-17,Complete,Complete,CANDIDATE_CA,49.9900016784668,Skirts
14312,20747,21636,2024-01-03,Returned,Returned,EXCLUE_METIER,187.6000061035156,Jeans
14468,20970,15807,2024-01-30,Returned,Returned,EXCLUE_METIER,14.0,Plus
14509,21027,1792,2024-01-03,Returned,Returned,EXCLUE_METIER,44.9900016784668,Fashion Hoodies & Sweatshirts
14510,21028,2064,2024-01-27,Shipped,Shipped,CANDIDATE_CA,39.400001525878906,Fashion Hoodies & Sweatshirts
14513,21031,10150,2024-01-06,Complete,Complete,CANDIDATE_CA,30.0,Sleep & Lounge
14535,21053,18853,2024-01-07,Cancelled,Cancelled,EXCLUE_METIER,79.98999786376953,Sweaters
14804,21418,28250,2024-01-04,Processing,Processing,A_VERIFIER_ETAT,64.94999694824219,Swim
15087,21822,9862,2024-01-29,Cancelled,Cancelled,EXCLUE_METIER,24.899999618530277,Sleep & Lounge
15087,21823,14420,2024-01-31,Cancelled,Cancelled,EXCLUE_METIER,19.979999542236328,Maternity
15161,21936,8649,2024-01-13,Processing,Processing,A_VERIFIER_ETAT,90.0,Outerwear & Coats
15502,22412,3963,2024-01-22,Shipped,Shipped,CANDIDATE_CA,229.0,Dresses
15519,22432,23345,2024-01-13,Shipped,Shipped,CANDIDATE_CA,21.989999771118164,Shorts
15633,22592,412,2024-01-27,Cancelled,Cancelled,EXCLUE_METIER,71.94999694824219,Tops & Tees
15640,22599,16492,2024-01-08,Shipped,Shipped,CANDIDATE_CA,48.0,Tops & Tees
15674,22657,7371,2024-01-19,Processing,Processing,A_VERIFIER_ETAT,25.0,Skirts
15711,22716,14055,2024-01-06,Shipped,Shipped,CANDIDATE_CA,18.0,Accessories
15742,22767,3739,2024-01-18,Cancelled,Cancelled,EXCLUE_METIER,48.950000762939446,Dresses
15742,22768,1333,2024-01-20,Cancelled,Cancelled,EXCLUE_METIER,84.98999786376953,Sweaters
15742,22769,3459,2024-01-18,Cancelled,Cancelled,EXCLUE_METIER,29.989999771118164,Dresses
15852,22933,2291,2024-01-19,Cancelled,Cancelled,EXCLUE_METIER,27.899999618530277,Fashion Hoodies & Sweatshirts
16005,23147,1410,2024-01-19,Complete,Complete,CANDIDATE_CA,16.899999618530273,Sweaters
16005,23148,15408,2024-01-17,Complete,Complete,CANDIDATE_CA,36.0,Plus
16075,23254,24686,2024-01-14,Processing,Processing,A_VERIFIER_ETAT,11.989999771118164,Socks
16075,23255,23914,2024-01-16,Processing,Processing,A_VERIFIER_ETAT,129.92999267578125,Outerwear & Coats
16075,23256,24049,2024-01-15,Processing,Processing,A_VERIFIER_ETAT,219.0,Outerwear & Coats
16088,23275,192,2024-01-02,Returned,Returned,EXCLUE_METIER,19.989999771118164,Tops & Tees
16186,23408,3091,2024-01-16,Complete,Complete,CANDIDATE_CA,30.0,Active
16268,23518,12069,2024-01-22,Processing,Processing,A_VERIFIER_ETAT,100.0,Intimates
16358,23645,18201,2024-01-14,Shipped,Shipped,CANDIDATE_CA,155.0,Active
16367,23657,26577,2024-01-05,Complete,Complete,CANDIDATE_CA,79.98999786376953,Sleep & Lounge
16367,23658,27717,2024-01-09,Complete,Complete,CANDIDATE_CA,62.0,Swim
16452,23779,7277,2024-01-07,Complete,Complete,CANDIDATE_CA,25.0,Skirts
16614,24001,20663,2024-01-08,Returned,Returned,EXCLUE_METIER,42.380001068115234,Jeans
16614,24002,20899,2024-01-09,Returned,Returned,EXCLUE_METIER,54.9900016784668,Jeans
16614,24003,26300,2024-01-08,Returned,Returned,EXCLUE_METIER,22.0,Underwear
16898,24427,3393,2024-01-03,Complete,Complete,CANDIDATE_CA,129.0,Dresses
16898,24428,1033,2024-01-05,Complete,Complete,CANDIDATE_CA,69.94999694824219,Sweaters
17121,24747,19314,2024-01-01,Complete,Complete,CANDIDATE_CA,91.0,Sweaters
17151,24784,315,2024-01-16,Shipped,Shipped,CANDIDATE_CA,33.97999954223633,Tops & Tees
17347,25056,19297,2024-01-01,Shipped,Shipped,CANDIDATE_CA,69.98999786376953,Sweaters
17350,25060,28618,2024-01-28,Shipped,Shipped,CANDIDATE_CA,29.989999771118164,Accessories
17451,25215,17600,2024-01-15,Shipped,Shipped,CANDIDATE_CA,54.6599998474121,Fashion Hoodies & Sweatshirts
17451,25216,26464,2024-01-13,Shipped,Shipped,CANDIDATE_CA,28.989999771118164,Sleep & Lounge
17715,25590,25984,2024-01-22,Complete,Complete,CANDIDATE_CA,52.450000762939446,Underwear
17725,25605,22271,2024-01-28,Returned,Returned,EXCLUE_METIER,59.9900016784668,Pants
17829,25755,15630,2024-01-28,Shipped,Shipped,CANDIDATE_CA,8.670000076293945,Plus
17960,25933,3288,2024-01-30,Cancelled,Cancelled,EXCLUE_METIER,39.9900016784668,Dresses
18017,26025,10758,2024-01-05,Shipped,Shipped,CANDIDATE_CA,13.0,Intimates
18153,26235,28430,2024-01-15,Shipped,Shipped,CANDIDATE_CA,9.949999809265137,Accessories
18336,26501,24676,2024-01-03,Processing,Processing,A_VERIFIER_ETAT,40.0,Socks
18373,26555,23845,2024-01-11,Complete,Complete,CANDIDATE_CA,243.94999694824216,Outerwear & Coats
18440,26635,22487,2024-01-25,Complete,Complete,CANDIDATE_CA,179.0,Pants
18452,26657,13860,2024-01-15,Processing,Processing,A_VERIFIER_ETAT,12.989999771118164,Accessories
18663,26984,26681,2024-01-17,Complete,Complete,CANDIDATE_CA,54.59999847412109,Sleep & Lounge
18663,26985,20124,2024-01-13,Complete,Complete,CANDIDATE_CA,375.0,Suits & Sport Coats
18663,26986,23654,2024-01-15,Complete,Complete,CANDIDATE_CA,903.0,Outerwear & Coats
18692,27025,12985,2024-01-12,Processing,Processing,A_VERIFIER_ETAT,59.25,Swim
18783,27145,17005,2024-01-11,Complete,Complete,CANDIDATE_CA,21.989999771118164,Tops & Tees
18811,27191,19944,2024-01-25,Complete,Complete,CANDIDATE_CA,69.98999786376953,Suits & Sport Coats
18846,27238,26031,2024-01-03,Cancelled,Cancelled,EXCLUE_METIER,25.0,Underwear
18846,27239,20336,2024-01-02,Cancelled,Cancelled,EXCLUE_METIER,99.94999694824217,Suits & Sport Coats
18891,27313,22461,2024-01-22,Cancelled,Cancelled,EXCLUE_METIER,26.61000061035156,Pants
18929,27364,2935,2024-01-03,Processing,Processing,A_VERIFIER_ETAT,11.989999771118164,Active
18977,27424,13122,2024-01-06,Shipped,Shipped,CANDIDATE_CA,150.41000366210938,Swim
19004,27465,27395,2024-01-24,Processing,Processing,A_VERIFIER_ETAT,49.5,Swim
19043,27524,24163,2024-01-22,Shipped,Shipped,CANDIDATE_CA,109.9499969482422,Outerwear & Coats
19043,27525,25856,2024-01-22,Shipped,Shipped,CANDIDATE_CA,30.0,Underwear
19043,27526,16158,2024-01-25,Shipped,Shipped,CANDIDATE_CA,25.0,Tops & Tees
19043,27527,28441,2024-01-24,Shipped,Shipped,CANDIDATE_CA,30.0,Accessories
19123,27652,27798,2024-01-29,Cancelled,Cancelled,EXCLUE_METIER,53.47999954223633,Swim
19123,27653,28012,2024-01-29,Cancelled,Cancelled,EXCLUE_METIER,18.989999771118164,Swim
19303,27910,15919,2024-01-31,Complete,Complete,CANDIDATE_CA,39.9900016784668,Plus
19407,28060,22148,2024-01-07,Complete,Complete,CANDIDATE_CA,39.950000762939446,Pants
19407,28061,20466,2024-01-07,Complete,Complete,CANDIDATE_CA,199.9900054931641,Suits & Sport Coats
19476,28164,991,2024-01-25,Processing,Processing,A_VERIFIER_ETAT,85.0,Sweaters
19490,28181,3737,2024-01-01,Complete,Complete,CANDIDATE_CA,37.9900016784668,Dresses
19735,28537,17931,2024-01-06,Processing,Processing,A_VERIFIER_ETAT,23.030000686645508,Fashion Hoodies & Sweatshirts
19735,28538,22263,2024-01-05,Processing,Processing,A_VERIFIER_ETAT,40.9900016784668,Pants
19735,28539,25784,2024-01-04,Processing,Processing,A_VERIFIER_ETAT,14.0,Underwear
19735,28540,22586,2024-01-07,Processing,Processing,A_VERIFIER_ETAT,85.68000030517578,Pants
19753,28565,11123,2024-01-05,Cancelled,Cancelled,EXCLUE_METIER,38.0,Intimates
19753,28566,6874,2024-01-07,Cancelled,Cancelled,EXCLUE_METIER,80.91999816894531,Shorts
19753,28567,7969,2024-01-05,Cancelled,Cancelled,EXCLUE_METIER,60.9900016784668,Blazers & Jackets
19846,28702,4244,2024-01-19,Processing,Processing,A_VERIFIER_ETAT,178.0,Jeans
19912,28797,22515,2024-01-02,Complete,Complete,CANDIDATE_CA,59.950000762939446,Pants
20115,29086,24900,2024-01-19,Shipped,Shipped,CANDIDATE_CA,12.949999809265137,Socks
20147,29130,21124,2024-01-01,Shipped,Shipped,CANDIDATE_CA,169.0,Jeans
20147,29131,28365,2024-01-02,Shipped,Shipped,CANDIDATE_CA,99.6500015258789,Accessories
20482,29634,2699,2024-01-09,Cancelled,Cancelled,EXCLUE_METIER,13.0,Active
20576,29768,9354,2024-01-08,Cancelled,Cancelled,EXCLUE_METIER,12.989999771118164,Socks & Hosiery
20689,29935,21019,2024-01-24,Complete,Complete,CANDIDATE_CA,39.5,Jeans
20912,30279,26626,2024-01-19,Complete,Complete,CANDIDATE_CA,26.989999771118164,Sleep & Lounge
20951,30339,11047,2024-01-25,Cancelled,Cancelled,EXCLUE_METIER,29.989999771118164,Intimates
21102,30555,11885,2024-01-25,Complete,Complete,CANDIDATE_CA,37.7400016784668,Intimates
21148,30628,3400,2024-01-01,Processing,Processing,A_VERIFIER_ETAT,9.449999809265137,Dresses
21161,30644,20662,2024-01-15,Shipped,Shipped,CANDIDATE_CA,50.0,Jeans
21161,30645,20655,2024-01-14,Shipped,Shipped,CANDIDATE_CA,38.680000305175774,Jeans
21161,30646,28578,2024-01-14,Shipped,Shipped,CANDIDATE_CA,24.989999771118164,Accessories
21185,30683,20160,2024-01-02,Complete,Complete,CANDIDATE_CA,265.989990234375,Suits & Sport Coats
21254,30789,5711,2024-01-30,Returned,Returned,EXCLUE_METIER,19.989999771118164,Leggings
21270,30815,13346,2024-01-11,Cancelled,Cancelled,EXCLUE_METIER,238.0,Swim
21270,30816,13445,2024-01-12,Cancelled,Cancelled,EXCLUE_METIER,66.0,Swim
21270,30817,1919,2024-01-11,Cancelled,Cancelled,EXCLUE_METIER,98.0,Fashion Hoodies & Sweatshirts
21372,30967,2303,2024-01-22,Complete,Complete,CANDIDATE_CA,87.88999938964845,Fashion Hoodies & Sweatshirts
21466,31112,28405,2024-01-11,Processing,Processing,A_VERIFIER_ETAT,16.899999618530273,Accessories
21639,31357,16097,2024-01-28,Complete,Complete,CANDIDATE_CA,49.9900016784668,Tops & Tees
21719,31473,19624,2024-01-26,Returned,Returned,EXCLUE_METIER,32.9900016784668,Sweaters
21741,31505,24541,2024-01-03,Shipped,Shipped,CANDIDATE_CA,24.0,Socks
21801,31584,23158,2024-01-21,Processing,Processing,A_VERIFIER_ETAT,87.5,Shorts
21801,31585,27083,2024-01-24,Processing,Processing,A_VERIFIER_ETAT,39.200000762939446,Sleep & Lounge
21813,31602,12051,2024-01-17,Complete,Complete,CANDIDATE_CA,44.0,Intimates
21911,31754,354,2024-01-09,Complete,Complete,CANDIDATE_CA,27.989999771118164,Tops & Tees
21949,31808,27994,2024-01-17,Complete,Complete,CANDIDATE_CA,55.0,Swim
21949,31809,19949,2024-01-20,Complete,Complete,CANDIDATE_CA,129.99000549316406,Suits & Sport Coats
22029,31920,18961,2024-01-19,Returned,Returned,EXCLUE_METIER,25.0,Sweaters
22029,31921,20795,2024-01-19,Returned,Returned,EXCLUE_METIER,90.0,Jeans
22091,32004,9989,2024-01-04,Processing,Processing,A_VERIFIER_ETAT,25.0,Sleep & Lounge
22091,32005,6327,2024-01-02,Processing,Processing,A_VERIFIER_ETAT,29.65999984741211,Shorts
22136,32062,27425,2024-01-14,Cancelled,Cancelled,EXCLUE_METIER,50.0,Swim
22136,32063,26756,2024-01-15,Cancelled,Cancelled,EXCLUE_METIER,25.0,Sleep & Lounge
22266,32241,21135,2024-01-16,Complete,Complete,CANDIDATE_CA,44.0,Jeans
22451,32498,26924,2024-01-11,Complete,Complete,CANDIDATE_CA,18.5,Sleep & Lounge
22518,32592,18764,2024-01-17,Processing,Processing,A_VERIFIER_ETAT,59.9900016784668,Active
22518,32593,19121,2024-01-15,Processing,Processing,A_VERIFIER_ETAT,43.9900016784668,Sweaters
22518,32594,19815,2024-01-16,Processing,Processing,A_VERIFIER_ETAT,149.5,Suits & Sport Coats
22552,32640,4628,2024-01-08,Complete,Complete,CANDIDATE_CA,77.97000122070312,Jeans
22552,32641,15463,2024-01-09,Complete,Complete,CANDIDATE_CA,72.98999786376953,Plus
22556,32648,16939,2024-01-27,Shipped,Shipped,CANDIDATE_CA,38.0,Tops & Tees
22556,32649,25381,2024-01-29,Shipped,Shipped,CANDIDATE_CA,25.200000762939453,Underwear
22556,32650,23762,2024-01-27,Shipped,Shipped,CANDIDATE_CA,119.98999786376952,Outerwear & Coats
22556,32651,23819,2024-01-30,Shipped,Shipped,CANDIDATE_CA,59.9900016784668,Outerwear & Coats
22721,32874,26788,2024-01-20,Shipped,Shipped,CANDIDATE_CA,265.0,Sleep & Lounge
22967,33229,8969,2024-01-24,Shipped,Shipped,CANDIDATE_CA,19.5,Socks & Hosiery
23034,33324,21755,2024-01-03,Shipped,Shipped,CANDIDATE_CA,89.94999694824217,Pants
23083,33400,21160,2024-01-31,Cancelled,Cancelled,EXCLUE_METIER,56.97999954223633,Jeans
23118,33447,1413,2024-01-16,Processing,Processing,A_VERIFIER_ETAT,78.47000122070312,Sweaters
23141,33479,11863,2024-01-11,Cancelled,Cancelled,EXCLUE_METIER,60.0,Intimates
23141,33480,3720,2024-01-08,Cancelled,Cancelled,EXCLUE_METIER,45.0,Dresses
23252,33648,26524,2024-01-19,Processing,Processing,A_VERIFIER_ETAT,39.0,Sleep & Lounge
23373,33823,13683,2024-01-13,Complete,Complete,CANDIDATE_CA,25.5,Accessories
23394,33851,7297,2024-01-22,Complete,Complete,CANDIDATE_CA,54.450000762939446,Skirts
23547,34076,3862,2024-01-30,Processing,Processing,A_VERIFIER_ETAT,138.0,Dresses
23547,34077,9113,2024-01-31,Processing,Processing,A_VERIFIER_ETAT,13.5,Socks & Hosiery
23601,34148,7907,2024-01-09,Returned,Returned,EXCLUE_METIER,54.41999816894531,Blazers & Jackets
23624,34180,17234,2024-01-29,Returned,Returned,EXCLUE_METIER,49.5,Fashion Hoodies & Sweatshirts
23624,34181,20657,2024-01-29,Returned,Returned,EXCLUE_METIER,32.900001525878906,Jeans
23663,34238,25035,2024-01-09,Shipped,Shipped,CANDIDATE_CA,17.559999465942383,Socks
23735,34345,25087,2024-01-27,Complete,Complete,CANDIDATE_CA,13.880000114440918,Socks
23735,34346,17395,2024-01-29,Complete,Complete,CANDIDATE_CA,168.0,Fashion Hoodies & Sweatshirts
23735,34347,28948,2024-01-26,Complete,Complete,CANDIDATE_CA,35.83000183105469,Accessories
23893,34579,17672,2024-01-27,Shipped,Shipped,CANDIDATE_CA,15.989999771118164,Fashion Hoodies & Sweatshirts
23922,34621,26260,2024-01-19,Shipped,Shipped,CANDIDATE_CA,21.5,Underwear
23942,34652,8870,2024-01-09,Returned,Returned,EXCLUE_METIER,18.0,Socks & Hosiery
23958,34675,15477,2024-01-31,Shipped,Shipped,CANDIDATE_CA,11.0,Plus
23986,34710,7395,2024-01-13,Cancelled,Cancelled,EXCLUE_METIER,8.890000343322756,Skirts
23986,34711,14938,2024-01-11,Cancelled,Cancelled,EXCLUE_METIER,24.979999542236328,Maternity
23986,34712,874,2024-01-13,Cancelled,Cancelled,EXCLUE_METIER,55.0,Sweaters
24218,35090,14803,2024-01-14,Shipped,Shipped,CANDIDATE_CA,34.97999954223633,Maternity
24238,35118,14874,2024-01-02,Processing,Processing,A_VERIFIER_ETAT,16.979999542236328,Maternity
24276,35180,28805,2024-01-09,Shipped,Shipped,CANDIDATE_CA,30.0,Accessories
24416,35398,2553,2024-01-16,Returned,Returned,EXCLUE_METIER,10.0,Active
24512,35543,27562,2024-01-22,Complete,Complete,CANDIDATE_CA,37.5,Swim
24512,35544,16261,2024-01-23,Complete,Complete,CANDIDATE_CA,32.5,Tops & Tees
24534,35579,15686,2024-01-22,Shipped,Shipped,CANDIDATE_CA,44.9900016784668,Plus
24581,35636,10395,2024-01-21,Cancelled,Cancelled,EXCLUE_METIER,48.0,Intimates
24594,35654,25471,2024-01-04,Cancelled,Cancelled,EXCLUE_METIER,45.0,Underwear
24657,35740,28870,2024-01-31,Processing,Processing,A_VERIFIER_ETAT,93.8199996948242,Accessories
24705,35818,4183,2024-01-06,Complete,Complete,CANDIDATE_CA,11.1899995803833,Jumpsuits & Rompers
24705,35819,6131,2024-01-06,Complete,Complete,CANDIDATE_CA,9.949999809265137,Leggings
24735,35859,9593,2024-01-05,Returned,Returned,EXCLUE_METIER,25.0,Sleep & Lounge
24735,35860,1298,2024-01-03,Returned,Returned,EXCLUE_METIER,44.0,Sweaters
24906,36126,9698,2024-01-22,Cancelled,Cancelled,EXCLUE_METIER,25.0,Sleep & Lounge
25034,36315,3114,2024-01-28,Cancelled,Cancelled,EXCLUE_METIER,99.0,Dresses
25034,36316,399,2024-01-27,Cancelled,Cancelled,EXCLUE_METIER,72.0,Tops & Tees
25034,36317,9820,2024-01-28,Cancelled,Cancelled,EXCLUE_METIER,24.96999931335449,Sleep & Lounge
25034,36318,15588,2024-01-27,Cancelled,Cancelled,EXCLUE_METIER,16.0,Plus
25225,36596,18376,2024-01-26,Shipped,Shipped,CANDIDATE_CA,79.98999786376953,Active
25237,36610,7920,2024-01-09,Processing,Processing,A_VERIFIER_ETAT,12.5600004196167,Blazers & Jackets
25237,36611,2386,2024-01-12,Processing,Processing,A_VERIFIER_ETAT,46.0,Fashion Hoodies & Sweatshirts
25396,36838,27692,2024-01-22,Processing,Processing,A_VERIFIER_ETAT,52.0,Swim
25396,36839,27815,2024-01-21,Processing,Processing,A_VERIFIER_ETAT,67.5,Swim
25396,36840,20872,2024-01-22,Processing,Processing,A_VERIFIER_ETAT,59.959999084472656,Jeans
25400,36848,24948,2024-01-26,Cancelled,Cancelled,EXCLUE_METIER,37.5,Socks
25428,36888,3116,2024-01-01,Shipped,Shipped,CANDIDATE_CA,99.5,Dresses
25548,37073,6936,2024-01-02,Shipped,Shipped,CANDIDATE_CA,11.380000114440918,Shorts
25703,37310,26339,2024-01-23,Shipped,Shipped,CANDIDATE_CA,33.0,Underwear
25713,37325,25719,2024-01-28,Complete,Complete,CANDIDATE_CA,30.0,Underwear
25735,37363,13940,2024-01-24,Processing,Processing,A_VERIFIER_ETAT,4.150000095367432,Accessories
25796,37453,17981,2024-01-28,Shipped,Shipped,CANDIDATE_CA,76.0,Fashion Hoodies & Sweatshirts
25858,37549,2244,2024-01-17,Returned,Returned,EXCLUE_METIER,36.9900016784668,Fashion Hoodies & Sweatshirts
25899,37607,19177,2024-01-23,Shipped,Shipped,CANDIDATE_CA,77.0,Sweaters
25979,37712,12884,2024-01-12,Shipped,Shipped,CANDIDATE_CA,16.989999771118164,Swim
26054,37826,10036,2024-01-17,Shipped,Shipped,CANDIDATE_CA,20.0,Sleep & Lounge
26054,37827,12104,2024-01-13,Shipped,Shipped,CANDIDATE_CA,36.0,Intimates
26054,37828,7321,2024-01-13,Shipped,Shipped,CANDIDATE_CA,47.950000762939446,Skirts
26062,37839,4225,2024-01-04,Complete,Complete,CANDIDATE_CA,179.0,Jeans
26354,38237,6904,2024-01-29,Processing,Processing,A_VERIFIER_ETAT,58.0,Shorts
26364,38254,19570,2024-01-02,Shipped,Shipped,CANDIDATE_CA,33.9900016784668,Sweaters
26404,38307,8984,2024-01-08,Processing,Processing,A_VERIFIER_ETAT,46.950000762939446,Socks & Hosiery
26545,38508,11902,2024-01-14,Processing,Processing,A_VERIFIER_ETAT,60.0,Intimates
26630,38625,19782,2024-01-23,Processing,Processing,A_VERIFIER_ETAT,69.30000305175781,Sweaters
26630,38626,23923,2024-01-27,Processing,Processing,A_VERIFIER_ETAT,99.98999786376952,Outerwear & Coats
26831,38926,2291,2024-01-25,Cancelled,Cancelled,EXCLUE_METIER,27.899999618530277,Fashion Hoodies & Sweatshirts
26843,38941,5187,2024-01-30,Shipped,Shipped,CANDIDATE_CA,27.899999618530277,Pants & Capris
26863,38967,14788,2024-01-31,Returned,Returned,EXCLUE_METIER,21.600000381469727,Maternity
26863,38968,15110,2024-01-31,Returned,Returned,EXCLUE_METIER,29.729999542236328,Maternity
26906,39026,26485,2024-01-30,Complete,Complete,CANDIDATE_CA,59.9900016784668,Sleep & Lounge
26937,39069,11031,2024-01-28,Processing,Processing,A_VERIFIER_ETAT,19.0,Intimates
26998,39157,6283,2024-01-18,Processing,Processing,A_VERIFIER_ETAT,27.100000381469727,Shorts
26998,39158,2360,2024-01-19,Processing,Processing,A_VERIFIER_ETAT,8.880000114440918,Fashion Hoodies & Sweatshirts
26998,39159,13758,2024-01-18,Processing,Processing,A_VERIFIER_ETAT,297.95001220703125,Accessories
26998,39160,13526,2024-01-21,Processing,Processing,A_VERIFIER_ETAT,54.9900016784668,Swim
27250,39553,19608,2024-01-31,Complete,Complete,CANDIDATE_CA,16.59000015258789,Sweaters
27250,39554,25747,2024-01-31,Complete,Complete,CANDIDATE_CA,22.5,Underwear
27250,39556,19822,2024-01-28,Complete,Complete,CANDIDATE_CA,74.98999786376953,Suits & Sport Coats
27594,40045,18346,2024-01-30,Shipped,Shipped,CANDIDATE_CA,11.0,Active
27621,40082,6727,2024-01-05,Complete,Complete,CANDIDATE_CA,15.0,Shorts
27738,40252,10743,2024-01-27,Shipped,Shipped,CANDIDATE_CA,22.5,Intimates
27745,40259,8579,2024-01-26,Complete,Complete,CANDIDATE_CA,379.0,Outerwear & Coats
27767,40288,25827,2024-01-23,Returned,Returned,EXCLUE_METIER,16.0,Underwear
27767,40289,24071,2024-01-27,Returned,Returned,EXCLUE_METIER,479.0,Outerwear & Coats
27771,40296,10131,2024-01-06,Complete,Complete,CANDIDATE_CA,39.9900016784668,Sleep & Lounge
27788,40328,23797,2024-01-29,Returned,Returned,EXCLUE_METIER,160.0,Outerwear & Coats
27946,40561,8734,2024-01-04,Processing,Processing,A_VERIFIER_ETAT,158.3300018310547,Outerwear & Coats
28071,40732,22068,2024-01-13,Processing,Processing,A_VERIFIER_ETAT,79.94999694824217,Pants
28071,40733,26868,2024-01-13,Processing,Processing,A_VERIFIER_ETAT,29.989999771118164,Sleep & Lounge
28138,40833,4792,2024-01-13,Processing,Processing,A_VERIFIER_ETAT,189.0,Jeans
28138,40834,1343,2024-01-12,Processing,Processing,A_VERIFIER_ETAT,49.9900016784668,Sweaters
28181,40901,21213,2024-01-06,Shipped,Shipped,CANDIDATE_CA,19.989999771118164,Jeans
28194,40914,27320,2024-01-13,Complete,Complete,CANDIDATE_CA,18.75,Sleep & Lounge
28230,40964,24126,2024-01-29,Complete,Complete,CANDIDATE_CA,100.1999969482422,Outerwear & Coats
28416,41254,28925,2024-01-19,Complete,Complete,CANDIDATE_CA,30.0,Accessories
28522,41407,11198,2024-01-15,Complete,Complete,CANDIDATE_CA,25.0,Intimates
28663,41603,23419,2024-01-26,Shipped,Shipped,CANDIDATE_CA,32.7599983215332,Shorts
28686,41639,3788,2024-01-09,Processing,Processing,A_VERIFIER_ETAT,46.9900016784668,Dresses
28748,41736,20950,2024-01-12,Complete,Complete,CANDIDATE_CA,59.5,Jeans
29046,42185,25929,2024-01-14,Processing,Processing,A_VERIFIER_ETAT,34.0,Underwear
29157,42365,22198,2024-01-13,Cancelled,Cancelled,EXCLUE_METIER,19.989999771118164,Pants
29194,42421,26469,2024-01-11,Complete,Complete,CANDIDATE_CA,44.0,Sleep & Lounge
29194,42422,24068,2024-01-11,Complete,Complete,CANDIDATE_CA,39.58000183105469,Outerwear & Coats
29194,42423,18058,2024-01-12,Complete,Complete,CANDIDATE_CA,13.949999809265137,Active
29267,42534,21142,2024-01-07,Processing,Processing,A_VERIFIER_ETAT,352.0,Jeans
29289,42567,24571,2024-01-28,Shipped,Shipped,CANDIDATE_CA,19.950000762939453,Socks
29344,42643,9088,2024-01-21,Complete,Complete,CANDIDATE_CA,14.989999771118164,Socks & Hosiery
29403,42729,14043,2024-01-23,Processing,Processing,A_VERIFIER_ETAT,25.899999618530277,Accessories
29467,42817,12722,2024-01-17,Shipped,Shipped,CANDIDATE_CA,74.94999694824217,Swim
29468,42818,10614,2024-01-14,Complete,Complete,CANDIDATE_CA,46.0,Intimates
29503,42873,25230,2024-01-31,Complete,Complete,CANDIDATE_CA,22.989999771118164,Socks
29503,42874,19055,2024-01-30,Complete,Complete,CANDIDATE_CA,74.33999633789062,Sweaters
29552,42948,10322,2024-01-18,Processing,Processing,A_VERIFIER_ETAT,17.989999771118164,Sleep & Lounge
29552,42949,135,2024-01-16,Processing,Processing,A_VERIFIER_ETAT,32.9900016784668,Tops & Tees
29552,42950,11063,2024-01-17,Processing,Processing,A_VERIFIER_ETAT,29.299999237060547,Intimates
29552,42951,581,2024-01-14,Processing,Processing,A_VERIFIER_ETAT,41.9900016784668,Tops & Tees
29728,43225,26258,2024-01-28,Complete,Complete,CANDIDATE_CA,14.989999771118164,Underwear
29816,43364,2712,2024-01-23,Complete,Complete,CANDIDATE_CA,19.0,Active
29833,43387,20915,2024-01-06,Complete,Complete,CANDIDATE_CA,142.99000549316406,Jeans
29852,43411,27468,2024-01-18,Complete,Complete,CANDIDATE_CA,46.0,Swim
29852,43412,17723,2024-01-21,Complete,Complete,CANDIDATE_CA,19.450000762939453,Fashion Hoodies & Sweatshirts
29887,43466,8846,2024-01-30,Shipped,Shipped,CANDIDATE_CA,89.98999786376953,Outerwear & Coats
30066,43710,6668,2024-01-18,Processing,Processing,A_VERIFIER_ETAT,21.25,Shorts
30113,43773,26507,2024-01-28,Processing,Processing,A_VERIFIER_ETAT,45.5,Sleep & Lounge
30113,43774,27197,2024-01-26,Processing,Processing,A_VERIFIER_ETAT,39.0,Sleep & Lounge
30143,43826,7239,2024-01-03,Shipped,Shipped,CANDIDATE_CA,47.630001068115234,Skirts
30197,43904,16862,2024-01-03,Complete,Complete,CANDIDATE_CA,39.5,Tops & Tees
30205,43915,6856,2024-01-22,Shipped,Shipped,CANDIDATE_CA,51.0,Shorts
30312,44071,2150,2024-01-24,Returned,Returned,EXCLUE_METIER,119.0,Fashion Hoodies & Sweatshirts
30312,44072,5031,2024-01-22,Returned,Returned,EXCLUE_METIER,32.900001525878906,Jeans
30336,44105,8697,2024-01-08,Processing,Processing,A_VERIFIER_ETAT,90.0,Outerwear & Coats
30353,44133,19001,2024-01-24,Complete,Complete,CANDIDATE_CA,34.97999954223633,Sweaters
30353,44134,22753,2024-01-22,Complete,Complete,CANDIDATE_CA,33.75,Shorts
30629,44506,15927,2024-01-21,Processing,Processing,A_VERIFIER_ETAT,10.489999771118164,Plus
30724,44639,25541,2024-01-26,Processing,Processing,A_VERIFIER_ETAT,24.950000762939453,Underwear
30870,44865,22053,2024-01-24,Returned,Returned,EXCLUE_METIER,49.5,Pants
31085,45162,21429,2024-01-24,Returned,Returned,EXCLUE_METIER,109.0,Jeans
31085,45163,23757,2024-01-22,Returned,Returned,EXCLUE_METIER,109.98999786376952,Outerwear & Coats
31173,45284,2088,2024-01-02,Processing,Processing,A_VERIFIER_ETAT,129.97999572753906,Fashion Hoodies & Sweatshirts
31380,45579,23360,2024-01-11,Shipped,Shipped,CANDIDATE_CA,44.9900016784668,Shorts
31435,45662,6593,2024-01-09,Processing,Processing,A_VERIFIER_ETAT,60.0,Shorts
31435,45663,6268,2024-01-11,Processing,Processing,A_VERIFIER_ETAT,8.989999771118164,Leggings
31435,45664,10841,2024-01-10,Processing,Processing,A_VERIFIER_ETAT,13.8100004196167,Intimates
31435,45665,4613,2024-01-07,Processing,Processing,A_VERIFIER_ETAT,25.0,Jeans
31592,45879,13549,2024-01-18,Cancelled,Cancelled,EXCLUE_METIER,132.0,Swim
31592,45880,3233,2024-01-16,Cancelled,Cancelled,EXCLUE_METIER,99.0,Dresses
31594,45882,23976,2024-01-11,Shipped,Shipped,CANDIDATE_CA,71.9800033569336,Outerwear & Coats
31616,45910,22815,2024-01-11,Returned,Returned,EXCLUE_METIER,31.5,Shorts
31684,46013,3538,2024-01-08,Complete,Complete,CANDIDATE_CA,13.8100004196167,Dresses
31684,46014,13811,2024-01-06,Complete,Complete,CANDIDATE_CA,109.9499969482422,Accessories
31684,46015,2102,2024-01-07,Complete,Complete,CANDIDATE_CA,25.0,Fashion Hoodies & Sweatshirts
31684,46016,8433,2024-01-07,Complete,Complete,CANDIDATE_CA,79.16999816894531,Outerwear & Coats
31735,46087,13019,2024-01-21,Shipped,Shipped,CANDIDATE_CA,28.290000915527344,Swim
31750,46109,5496,2024-01-25,Complete,Complete,CANDIDATE_CA,89.0,Pants & Capris
31758,46118,24966,2024-01-22,Shipped,Shipped,CANDIDATE_CA,64.5,Socks
31775,46141,9987,2024-01-05,Complete,Complete,CANDIDATE_CA,40.77999877929688,Sleep & Lounge
31968,46410,7775,2024-01-12,Shipped,Shipped,CANDIDATE_CA,99.0,Blazers & Jackets
32089,46591,10535,2024-01-05,Returned,Returned,EXCLUE_METIER,17.0,Intimates
32113,46621,9389,2024-01-01,Cancelled,Cancelled,EXCLUE_METIER,10.0,Socks & Hosiery
32149,46676,20556,2024-01-07,Processing,Processing,A_VERIFIER_ETAT,195.0,Jeans
32247,46809,17000,2024-01-25,Shipped,Shipped,CANDIDATE_CA,36.5,Tops & Tees
32263,46832,16850,2024-01-27,Cancelled,Cancelled,EXCLUE_METIER,32.0,Tops & Tees
32272,46844,23085,2024-01-19,Processing,Processing,A_VERIFIER_ETAT,41.25,Shorts
32470,47137,11846,2024-01-20,Shipped,Shipped,CANDIDATE_CA,61.950000762939446,Intimates
32537,47241,15189,2024-01-24,Processing,Processing,A_VERIFIER_ETAT,89.0,Maternity
32598,47328,22633,2024-01-17,Cancelled,Cancelled,EXCLUE_METIER,55.950000762939446,Pants
32598,47329,26583,2024-01-19,Cancelled,Cancelled,EXCLUE_METIER,49.9900016784668,Sleep & Lounge
32671,47426,10864,2024-01-06,Cancelled,Cancelled,EXCLUE_METIER,13.409999847412108,Intimates
32671,47427,15148,2024-01-06,Cancelled,Cancelled,EXCLUE_METIER,24.979999542236328,Maternity
32815,47642,27351,2024-01-06,Shipped,Shipped,CANDIDATE_CA,49.9900016784668,Sleep & Lounge
32906,47779,3839,2024-01-25,Processing,Processing,A_VERIFIER_ETAT,78.0,Dresses
32906,47780,10756,2024-01-27,Processing,Processing,A_VERIFIER_ETAT,10.0,Intimates
32957,47852,15703,2024-01-09,Shipped,Shipped,CANDIDATE_CA,24.989999771118164,Plus
32957,47853,4117,2024-01-08,Shipped,Shipped,CANDIDATE_CA,38.2400016784668,Jumpsuits & Rompers
33013,47918,28819,2024-01-04,Complete,Complete,CANDIDATE_CA,31.989999771118164,Accessories
33084,48016,25103,2024-01-11,Complete,Complete,CANDIDATE_CA,44.950000762939446,Socks
33176,48144,10191,2024-01-31,Processing,Processing,A_VERIFIER_ETAT,46.0,Sleep & Lounge
33278,48302,7891,2024-01-17,Complete,Complete,CANDIDATE_CA,124.98999786376952,Blazers & Jackets
33339,48395,18960,2024-01-10,Complete,Complete,CANDIDATE_CA,39.0,Sweaters
33339,48396,24025,2024-01-12,Complete,Complete,CANDIDATE_CA,19.989999771118164,Outerwear & Coats
33339,48397,24028,2024-01-12,Complete,Complete,CANDIDATE_CA,69.9800033569336,Outerwear & Coats
33339,48398,29092,2024-01-14,Complete,Complete,CANDIDATE_CA,24.280000686645508,Accessories
33344,48405,21017,2024-01-26,Processing,Processing,A_VERIFIER_ETAT,88.0,Jeans
33344,48406,16517,2024-01-26,Processing,Processing,A_VERIFIER_ETAT,25.0,Tops & Tees
33362,48435,18341,2024-01-03,Complete,Complete,CANDIDATE_CA,19.989999771118164,Active
33375,48457,23208,2024-01-20,Complete,Complete,CANDIDATE_CA,43.0,Shorts
33394,48480,18156,2024-01-22,Shipped,Shipped,CANDIDATE_CA,45.950000762939446,Active
33595,48784,18603,2024-01-16,Processing,Processing,A_VERIFIER_ETAT,15.210000038146973,Active
33595,48785,27389,2024-01-15,Processing,Processing,A_VERIFIER_ETAT,33.349998474121094,Sleep & Lounge
33657,48875,18459,2024-01-06,Shipped,Shipped,CANDIDATE_CA,43.9900016784668,Active
33827,49118,27759,2024-01-02,Cancelled,Cancelled,EXCLUE_METIER,50.66999816894531,Swim
33909,49219,6484,2024-01-09,Processing,Processing,A_VERIFIER_ETAT,25.0,Shorts
33989,49327,26921,2024-01-10,Complete,Complete,CANDIDATE_CA,69.94999694824219,Sleep & Lounge
33989,49328,23617,2024-01-11,Complete,Complete,CANDIDATE_CA,41.9900016784668,Shorts
33989,49329,28675,2024-01-11,Complete,Complete,CANDIDATE_CA,17.989999771118164,Accessories
34046,49408,25776,2024-01-09,Returned,Returned,EXCLUE_METIER,25.0,Underwear
34088,49465,8517,2024-01-09,Shipped,Shipped,CANDIDATE_CA,92.36000061035155,Outerwear & Coats
34097,49474,26,2024-01-02,Processing,Processing,A_VERIFIER_ETAT,49.5,Tops & Tees
34112,49493,6823,2024-01-26,Complete,Complete,CANDIDATE_CA,49.450000762939446,Shorts
34396,49899,20716,2024-01-26,Processing,Processing,A_VERIFIER_ETAT,42.0,Jeans
34471,50000,19002,2024-01-20,Cancelled,Cancelled,EXCLUE_METIER,49.9900016784668,Sweaters
34478,50009,11206,2024-01-11,Processing,Processing,A_VERIFIER_ETAT,38.0,Intimates
34523,50079,6726,2024-01-25,Returned,Returned,EXCLUE_METIER,14.949999809265137,Shorts
34523,50080,11879,2024-01-26,Returned,Returned,EXCLUE_METIER,62.0,Intimates
34541,50106,12943,2024-01-22,Processing,Processing,A_VERIFIER_ETAT,24.989999771118164,Swim
34541,50107,7670,2024-01-20,Processing,Processing,A_VERIFIER_ETAT,40.0,Blazers & Jackets
34649,50252,2927,2024-01-03,Processing,Processing,A_VERIFIER_ETAT,44.0,Active
34890,50576,28622,2024-01-18,Shipped,Shipped,CANDIDATE_CA,105.0,Accessories
34922,50624,2764,2024-01-07,Cancelled,Cancelled,EXCLUE_METIER,15.239999771118164,Active
34922,50625,2118,2024-01-09,Cancelled,Cancelled,EXCLUE_METIER,26.290000915527344,Fashion Hoodies & Sweatshirts
34922,50626,260,2024-01-09,Cancelled,Cancelled,EXCLUE_METIER,13.06999969482422,Tops & Tees
34922,50627,9215,2024-01-09,Cancelled,Cancelled,EXCLUE_METIER,9.989999771118164,Socks & Hosiery
35007,50762,26595,2024-01-02,Complete,Complete,CANDIDATE_CA,83.4000015258789,Sleep & Lounge
35007,50763,23590,2024-01-02,Complete,Complete,CANDIDATE_CA,52.130001068115234,Shorts
35007,50764,26987,2024-01-02,Complete,Complete,CANDIDATE_CA,40.0,Sleep & Lounge
35086,50878,27653,2024-01-02,Processing,Processing,A_VERIFIER_ETAT,45.0,Swim
35278,51136,5447,2024-01-20,Complete,Complete,CANDIDATE_CA,94.0,Pants & Capris
35422,51367,25909,2024-01-19,Returned,Returned,EXCLUE_METIER,24.0,Underwear
35436,51384,14029,2024-01-21,Shipped,Shipped,CANDIDATE_CA,9.789999961853027,Accessories
35461,51411,5492,2024-01-01,Complete,Complete,CANDIDATE_CA,75.0,Pants & Capris
35513,51482,24540,2024-01-16,Processing,Processing,A_VERIFIER_ETAT,12.0,Socks
35544,51524,8255,2024-01-18,Processing,Processing,A_VERIFIER_ETAT,329.989990234375,Outerwear & Coats
35573,51564,2849,2024-01-18,Cancelled,Cancelled,EXCLUE_METIER,209.9900054931641,Active
35644,51663,11188,2024-01-17,Shipped,Shipped,CANDIDATE_CA,15.989999771118164,Intimates
35650,51671,226,2024-01-04,Complete,Complete,CANDIDATE_CA,10.760000228881836,Tops & Tees
35650,51672,14935,2024-01-04,Complete,Complete,CANDIDATE_CA,29.989999771118164,Maternity
35655,51680,26110,2024-01-29,Processing,Processing,A_VERIFIER_ETAT,11.5,Underwear
35716,51778,24280,2024-01-26,Complete,Complete,CANDIDATE_CA,75.0,Outerwear & Coats
35749,51828,25011,2024-01-30,Complete,Complete,CANDIDATE_CA,13.0,Socks
35779,51875,24945,2024-01-26,Shipped,Shipped,CANDIDATE_CA,47.950000762939446,Socks
35780,51876,26053,2024-01-17,Processing,Processing,A_VERIFIER_ETAT,25.0,Underwear
35797,51903,3791,2024-01-14,Processing,Processing,A_VERIFIER_ETAT,9.510000228881838,Dresses
35801,51907,23582,2024-01-12,Returned,Returned,EXCLUE_METIER,66.0,Shorts
35994,52182,2015,2024-01-15,Shipped,Shipped,CANDIDATE_CA,36.9900016784668,Fashion Hoodies & Sweatshirts
36010,52205,4831,2024-01-13,Processing,Processing,A_VERIFIER_ETAT,16.989999771118164,Jeans
36123,52358,15166,2024-01-18,Shipped,Shipped,CANDIDATE_CA,28.68000030517578,Maternity
36123,52359,12156,2024-01-19,Shipped,Shipped,CANDIDATE_CA,100.0,Intimates
36270,52567,20166,2024-01-20,Shipped,Shipped,CANDIDATE_CA,199.0,Suits & Sport Coats
36277,52582,10344,2024-01-26,Returned,Returned,EXCLUE_METIER,11.989999771118164,Sleep & Lounge
36277,52583,15078,2024-01-27,Returned,Returned,EXCLUE_METIER,19.5,Maternity
36277,52584,9977,2024-01-28,Returned,Returned,EXCLUE_METIER,26.0,Sleep & Lounge
36277,52585,2249,2024-01-25,Returned,Returned,EXCLUE_METIER,43.31999969482422,Fashion Hoodies & Sweatshirts
36326,52662,27953,2024-01-21,Returned,Returned,EXCLUE_METIER,59.5,Swim
36345,52684,20753,2024-01-29,Processing,Processing,A_VERIFIER_ETAT,79.98999786376953,Jeans
36345,52685,29077,2024-01-26,Processing,Processing,A_VERIFIER_ETAT,17.989999771118164,Accessories
36438,52823,7755,2024-01-22,Cancelled,Cancelled,EXCLUE_METIER,44.77999877929688,Blazers & Jackets
36474,52867,22283,2024-01-01,Complete,Complete,CANDIDATE_CA,10.770000457763672,Pants
36536,52945,21669,2024-01-01,Shipped,Shipped,CANDIDATE_CA,60.0,Pants
36587,53013,18770,2024-01-12,Processing,Processing,A_VERIFIER_ETAT,58.0,Active
36587,53014,24695,2024-01-14,Processing,Processing,A_VERIFIER_ETAT,22.030000686645508,Socks
36587,53015,26827,2024-01-14,Processing,Processing,A_VERIFIER_ETAT,36.880001068115234,Sleep & Lounge
36587,53016,22229,2024-01-12,Processing,Processing,A_VERIFIER_ETAT,23.63999938964844,Pants
36595,53024,23183,2024-01-12,Shipped,Shipped,CANDIDATE_CA,29.8799991607666,Shorts
36731,53219,19948,2024-01-18,Processing,Processing,A_VERIFIER_ETAT,89.98999786376953,Suits & Sport Coats
36768,53273,698,2024-01-16,Complete,Complete,CANDIDATE_CA,29.950000762939453,Tops & Tees
36768,53274,6952,2024-01-18,Complete,Complete,CANDIDATE_CA,15.0,Shorts
36935,53537,16339,2024-01-06,Shipped,Shipped,CANDIDATE_CA,45.9900016784668,Tops & Tees
36935,53538,28749,2024-01-08,Shipped,Shipped,CANDIDATE_CA,39.9900016784668,Accessories
36992,53619,27935,2024-01-16,Returned,Returned,EXCLUE_METIER,69.98999786376953,Swim
37039,53685,18746,2024-01-13,Complete,Complete,CANDIDATE_CA,30.0,Active
37043,53689,2649,2024-01-23,Shipped,Shipped,CANDIDATE_CA,20.0,Active
37043,53690,11319,2024-01-22,Shipped,Shipped,CANDIDATE_CA,118.58000183105467,Intimates
37072,53729,18788,2024-01-17,Complete,Complete,CANDIDATE_CA,16.0,Active
37074,53731,6346,2024-01-10,Cancelled,Cancelled,EXCLUE_METIER,25.0,Shorts
37127,53805,25104,2024-01-12,Complete,Complete,CANDIDATE_CA,25.0,Socks
37206,53911,15731,2024-01-19,Returned,Returned,EXCLUE_METIER,31.40999984741211,Plus
37227,53947,24337,2024-01-01,Processing,Processing,A_VERIFIER_ETAT,449.0,Outerwear & Coats
37227,53949,23877,2024-01-04,Processing,Processing,A_VERIFIER_ETAT,169.99000549316406,Outerwear & Coats
37227,53950,18797,2024-01-03,Processing,Processing,A_VERIFIER_ETAT,115.98999786376952,Sweaters
37336,54105,27066,2024-01-17,Complete,Complete,CANDIDATE_CA,70.0,Sleep & Lounge
37366,54145,19885,2024-01-21,Processing,Processing,A_VERIFIER_ETAT,99.5,Suits & Sport Coats
37393,54181,16581,2024-01-31,Complete,Complete,CANDIDATE_CA,39.5,Tops & Tees
37588,54461,24851,2024-01-06,Shipped,Shipped,CANDIDATE_CA,18.0,Socks
37594,54468,10842,2024-01-27,Returned,Returned,EXCLUE_METIER,9.5600004196167,Intimates
37742,54707,13001,2024-01-27,Processing,Processing,A_VERIFIER_ETAT,53.290000915527344,Swim
37773,54754,21842,2024-01-08,Complete,Complete,CANDIDATE_CA,36.9900016784668,Pants
37919,54966,10823,2024-01-04,Cancelled,Cancelled,EXCLUE_METIER,20.0,Intimates
38074,55196,26540,2024-01-27,Complete,Complete,CANDIDATE_CA,25.989999771118164,Sleep & Lounge
38074,55197,27804,2024-01-30,Complete,Complete,CANDIDATE_CA,35.0,Swim
38074,55198,18741,2024-01-28,Complete,Complete,CANDIDATE_CA,9.0,Active
38134,55302,26143,2024-01-25,Shipped,Shipped,CANDIDATE_CA,13.789999961853027,Underwear
38244,55468,26030,2024-01-30,Returned,Returned,EXCLUE_METIER,28.0,Underwear
38244,55469,22152,2024-01-31,Returned,Returned,EXCLUE_METIER,64.98999786376953,Pants
38538,55906,2454,2024-01-17,Shipped,Shipped,CANDIDATE_CA,18.0,Active
38538,55907,15029,2024-01-19,Shipped,Shipped,CANDIDATE_CA,84.0,Maternity
38538,55908,11354,2024-01-20,Shipped,Shipped,CANDIDATE_CA,118.0,Intimates
38692,56129,23857,2024-01-26,Shipped,Shipped,CANDIDATE_CA,375.0,Outerwear & Coats
38716,56166,27689,2024-01-23,Complete,Complete,CANDIDATE_CA,35.9900016784668,Swim
38743,56200,7791,2024-01-21,Shipped,Shipped,CANDIDATE_CA,65.12999725341797,Blazers & Jackets
38811,56299,3489,2024-01-05,Shipped,Shipped,CANDIDATE_CA,53.93999862670898,Dresses
38828,56322,4587,2024-01-06,Processing,Processing,A_VERIFIER_ETAT,44.0,Jeans
38854,56360,14078,2024-01-24,Processing,Processing,A_VERIFIER_ETAT,11.899999618530272,Accessories
38931,56483,19468,2024-01-31,Shipped,Shipped,CANDIDATE_CA,269.0,Sweaters
39134,56751,3188,2024-01-28,Complete,Complete,CANDIDATE_CA,96.0,Dresses
39259,56923,25062,2024-01-17,Complete,Complete,CANDIDATE_CA,7.989999771118163,Socks
39309,57008,20101,2024-01-31,Cancelled,Cancelled,EXCLUE_METIER,350.0,Suits & Sport Coats
39477,57254,8873,2024-01-14,Shipped,Shipped,CANDIDATE_CA,15.0,Socks & Hosiery
39645,57499,3440,2024-01-31,Returned,Returned,EXCLUE_METIER,10.149999618530272,Dresses
39665,57528,6503,2024-01-24,Shipped,Shipped,CANDIDATE_CA,20.0,Shorts
39665,57529,6861,2024-01-25,Shipped,Shipped,CANDIDATE_CA,246.0,Shorts
39729,57618,16585,2024-01-01,Returned,Returned,EXCLUE_METIER,25.0,Tops & Tees
39794,57710,19099,2024-01-07,Processing,Processing,A_VERIFIER_ETAT,27.989999771118164,Sweaters
39893,57845,17528,2024-01-15,Cancelled,Cancelled,EXCLUE_METIER,49.950000762939446,Fashion Hoodies & Sweatshirts
39998,57999,13015,2024-01-17,Cancelled,Cancelled,EXCLUE_METIER,29.40999984741211,Swim
40028,58037,27212,2024-01-10,Shipped,Shipped,CANDIDATE_CA,90.3000030517578,Sleep & Lounge
40031,58040,25590,2024-01-09,Cancelled,Cancelled,EXCLUE_METIER,24.0,Underwear
40107,58144,21861,2024-01-14,Cancelled,Cancelled,EXCLUE_METIER,12.010000228881836,Pants
40107,58145,24946,2024-01-16,Cancelled,Cancelled,EXCLUE_METIER,13.0,Socks
40138,58191,25616,2024-01-22,Shipped,Shipped,CANDIDATE_CA,29.989999771118164,Underwear
40138,58192,16828,2024-01-24,Shipped,Shipped,CANDIDATE_CA,61.560001373291016,Tops & Tees
40138,58193,23493,2024-01-22,Shipped,Shipped,CANDIDATE_CA,49.9900016784668,Shorts
40209,58289,6195,2024-01-03,Cancelled,Cancelled,EXCLUE_METIER,12.949999809265137,Leggings
40362,58508,17786,2024-01-16,Returned,Returned,EXCLUE_METIER,49.9900016784668,Fashion Hoodies & Sweatshirts
40362,58509,25254,2024-01-18,Returned,Returned,EXCLUE_METIER,19.5,Socks
40362,58510,26692,2024-01-17,Returned,Returned,EXCLUE_METIER,44.0,Sleep & Lounge
40441,58634,23312,2024-01-09,Cancelled,Cancelled,EXCLUE_METIER,51.950000762939446,Shorts
40441,58635,27720,2024-01-09,Cancelled,Cancelled,EXCLUE_METIER,12.899999618530272,Swim
40441,58636,21004,2024-01-09,Cancelled,Cancelled,EXCLUE_METIER,29.989999771118164,Jeans
40482,58704,12683,2024-01-07,Complete,Complete,CANDIDATE_CA,45.0,Intimates
40722,59048,20788,2024-01-29,Shipped,Shipped,CANDIDATE_CA,49.5,Jeans
40768,59117,19667,2024-01-08,Cancelled,Cancelled,EXCLUE_METIER,67.98999786376953,Sweaters
40768,59118,28783,2024-01-08,Cancelled,Cancelled,EXCLUE_METIER,11.5,Accessories
40787,59142,26418,2024-01-18,Complete,Complete,CANDIDATE_CA,10.989999771118164,Underwear
41073,59552,18314,2024-01-29,Shipped,Shipped,CANDIDATE_CA,112.86000061035156,Active
41073,59553,25774,2024-01-27,Shipped,Shipped,CANDIDATE_CA,22.0,Underwear
41073,59554,22354,2024-01-29,Shipped,Shipped,CANDIDATE_CA,245.94999694824216,Pants
41108,59599,20615,2024-01-04,Returned,Returned,EXCLUE_METIER,54.180000305175774,Jeans
41111,59603,19072,2024-01-25,Shipped,Shipped,CANDIDATE_CA,115.0,Sweaters
41111,59604,22737,2024-01-29,Shipped,Shipped,CANDIDATE_CA,125.0,Shorts
41153,59657,16081,2024-01-20,Returned,Returned,EXCLUE_METIER,125.0,Tops & Tees
41204,59741,20316,2024-01-20,Cancelled,Cancelled,EXCLUE_METIER,149.0,Suits & Sport Coats
41221,59762,17456,2024-01-14,Shipped,Shipped,CANDIDATE_CA,25.93000030517578,Fashion Hoodies & Sweatshirts
41221,59763,17286,2024-01-10,Shipped,Shipped,CANDIDATE_CA,29.989999771118164,Fashion Hoodies & Sweatshirts
41221,59764,28391,2024-01-10,Shipped,Shipped,CANDIDATE_CA,7.289999961853027,Accessories
41221,59765,23535,2024-01-12,Shipped,Shipped,CANDIDATE_CA,55.0,Shorts
41224,59768,8165,2024-01-05,Cancelled,Cancelled,EXCLUE_METIER,139.0,Suits
41224,59769,12349,2024-01-05,Cancelled,Cancelled,EXCLUE_METIER,51.310001373291016,Intimates
41228,59774,7905,2024-01-03,Complete,Complete,CANDIDATE_CA,12.170000076293944,Blazers & Jackets
41295,59876,17789,2024-01-21,Processing,Processing,A_VERIFIER_ETAT,55.950000762939446,Fashion Hoodies & Sweatshirts
41320,59915,16714,2024-01-25,Processing,Processing,A_VERIFIER_ETAT,15.949999809265137,Tops & Tees
41320,59916,23155,2024-01-27,Processing,Processing,A_VERIFIER_ETAT,44.9900016784668,Shorts
41322,59918,17020,2024-01-19,Cancelled,Cancelled,EXCLUE_METIER,54.0,Tops & Tees
41322,59919,19851,2024-01-22,Cancelled,Cancelled,EXCLUE_METIER,179.99000549316406,Suits & Sport Coats
41445,60093,22742,2024-01-16,Complete,Complete,CANDIDATE_CA,54.0,Shorts
41503,60178,21783,2024-01-11,Processing,Processing,A_VERIFIER_ETAT,34.9900016784668,Pants
41512,60189,17633,2024-01-01,Cancelled,Cancelled,EXCLUE_METIER,85.0,Fashion Hoodies & Sweatshirts
41552,60248,16335,2024-01-31,Shipped,Shipped,CANDIDATE_CA,29.989999771118164,Tops & Tees
41900,60743,25349,2024-01-23,Returned,Returned,EXCLUE_METIER,15.0,Socks
41919,60772,15439,2024-01-14,Shipped,Shipped,CANDIDATE_CA,83.76000213623048,Plus
41975,60847,21922,2024-01-23,Shipped,Shipped,CANDIDATE_CA,25.0,Pants
41975,60848,18985,2024-01-20,Shipped,Shipped,CANDIDATE_CA,125.0,Sweaters
41975,60849,20018,2024-01-21,Shipped,Shipped,CANDIDATE_CA,84.20999908447266,Suits & Sport Coats
41975,60850,29104,2024-01-23,Shipped,Shipped,CANDIDATE_CA,18.5,Accessories
41995,60878,7718,2024-01-05,Shipped,Shipped,CANDIDATE_CA,398.0,Blazers & Jackets
41995,60879,12498,2024-01-02,Shipped,Shipped,CANDIDATE_CA,37.290000915527344,Intimates
42037,60949,6439,2024-01-12,Returned,Returned,EXCLUE_METIER,24.950000762939453,Shorts
42037,60950,839,2024-01-15,Returned,Returned,EXCLUE_METIER,92.43000030517578,Sweaters
42203,61186,12913,2024-01-13,Cancelled,Cancelled,EXCLUE_METIER,110.0,Swim
42265,61290,16321,2024-01-18,Returned,Returned,EXCLUE_METIER,23.989999771118164,Tops & Tees
42358,61427,6916,2024-01-09,Complete,Complete,CANDIDATE_CA,55.0,Shorts
42631,61841,9591,2024-01-19,Complete,Complete,CANDIDATE_CA,26.989999771118164,Sleep & Lounge
42653,61872,12909,2024-01-26,Complete,Complete,CANDIDATE_CA,150.0,Swim
42769,62037,26609,2024-01-18,Cancelled,Cancelled,EXCLUE_METIER,39.0,Sleep & Lounge
42769,62038,28125,2024-01-19,Cancelled,Cancelled,EXCLUE_METIER,52.0,Swim
42782,62058,14493,2024-01-15,Shipped,Shipped,CANDIDATE_CA,52.0,Maternity
42783,62059,12659,2024-01-15,Cancelled,Cancelled,EXCLUE_METIER,3.2799999713897705,Intimates
42900,62231,14709,2024-01-12,Processing,Processing,A_VERIFIER_ETAT,68.31999969482422,Maternity
42952,62315,5060,2024-01-27,Shipped,Shipped,CANDIDATE_CA,22.950000762939453,Jeans
42964,62333,28549,2024-01-28,Cancelled,Cancelled,EXCLUE_METIER,19.989999771118164,Accessories
43045,62439,22804,2024-01-25,Shipped,Shipped,CANDIDATE_CA,48.0,Shorts
43208,62674,18983,2024-01-02,Shipped,Shipped,CANDIDATE_CA,79.0,Sweaters
43208,62675,16533,2024-01-02,Shipped,Shipped,CANDIDATE_CA,28.0,Tops & Tees
43242,62726,20899,2024-01-10,Complete,Complete,CANDIDATE_CA,54.9900016784668,Jeans
43414,62963,22407,2024-01-05,Processing,Processing,A_VERIFIER_ETAT,120.69000244140624,Pants
43633,63277,9393,2024-01-07,Cancelled,Cancelled,EXCLUE_METIER,15.949999809265137,Socks & Hosiery
43846,63590,233,2024-01-04,Complete,Complete,CANDIDATE_CA,27.950000762939453,Tops & Tees
43846,63591,10022,2024-01-01,Complete,Complete,CANDIDATE_CA,34.9900016784668,Sleep & Lounge
43846,63592,1714,2024-01-04,Complete,Complete,CANDIDATE_CA,36.9900016784668,Fashion Hoodies & Sweatshirts
43846,63593,11712,2024-01-03,Complete,Complete,CANDIDATE_CA,54.0,Intimates
43858,63614,5865,2024-01-28,Shipped,Shipped,CANDIDATE_CA,11.829999923706056,Leggings
43943,63741,18624,2024-01-06,Complete,Complete,CANDIDATE_CA,30.450000762939453,Active
43943,63742,22343,2024-01-05,Complete,Complete,CANDIDATE_CA,65.0,Pants
44075,63932,9270,2024-01-09,Returned,Returned,EXCLUE_METIER,27.0,Socks & Hosiery
44075,63933,6183,2024-01-10,Returned,Returned,EXCLUE_METIER,21.899999618530277,Leggings
44225,64138,16764,2024-01-24,Processing,Processing,A_VERIFIER_ETAT,85.0,Tops & Tees
44261,64189,3394,2024-01-29,Complete,Complete,CANDIDATE_CA,128.0,Dresses
44261,64190,12650,2024-01-29,Complete,Complete,CANDIDATE_CA,11.960000038146973,Intimates
44261,64191,15384,2024-01-30,Complete,Complete,CANDIDATE_CA,29.68000030517578,Plus
44375,64348,13126,2024-01-02,Shipped,Shipped,CANDIDATE_CA,52.91999816894531,Swim
44389,64367,15860,2024-01-26,Processing,Processing,A_VERIFIER_ETAT,35.2599983215332,Plus
44389,64368,26,2024-01-29,Processing,Processing,A_VERIFIER_ETAT,49.5,Tops & Tees
44420,64411,17745,2024-01-24,Complete,Complete,CANDIDATE_CA,48.200000762939446,Fashion Hoodies & Sweatshirts
44505,64540,19854,2024-01-21,Complete,Complete,CANDIDATE_CA,148.0,Suits & Sport Coats
44571,64634,27832,2024-01-11,Shipped,Shipped,CANDIDATE_CA,16.969999313354492,Swim
44571,64635,17108,2024-01-12,Shipped,Shipped,CANDIDATE_CA,54.84999847412109,Fashion Hoodies & Sweatshirts
44592,64669,25238,2024-01-08,Complete,Complete,CANDIDATE_CA,15.949999809265137,Socks
44800,64959,124,2024-01-26,Shipped,Shipped,CANDIDATE_CA,9.979999542236328,Tops & Tees
44800,64960,1670,2024-01-26,Shipped,Shipped,CANDIDATE_CA,29.989999771118164,Fashion Hoodies & Sweatshirts
44887,65091,20789,2024-01-31,Complete,Complete,CANDIDATE_CA,36.9900016784668,Jeans
44958,65191,6646,2024-01-23,Returned,Returned,EXCLUE_METIER,40.0,Shorts
44993,65238,5647,2024-01-18,Processing,Processing,A_VERIFIER_ETAT,119.98999786376952,Pants & Capris
45290,65645,22941,2024-01-25,Returned,Returned,EXCLUE_METIER,34.9900016784668,Shorts
45322,65700,8720,2024-01-22,Complete,Complete,CANDIDATE_CA,69.98999786376953,Outerwear & Coats
45322,65701,14080,2024-01-22,Complete,Complete,CANDIDATE_CA,39.950000762939446,Accessories
45628,66145,2893,2024-01-03,Shipped,Shipped,CANDIDATE_CA,25.0,Active
45790,66362,19117,2024-01-27,Returned,Returned,EXCLUE_METIER,45.0,Sweaters
45912,66539,9840,2024-01-12,Complete,Complete,CANDIDATE_CA,34.9900016784668,Sleep & Lounge
45928,66562,6299,2024-01-31,Returned,Returned,EXCLUE_METIER,25.0,Shorts
45933,66571,24166,2024-01-05,Complete,Complete,CANDIDATE_CA,90.0,Outerwear & Coats
46164,66900,28900,2024-01-21,Shipped,Shipped,CANDIDATE_CA,106.9499969482422,Accessories
46252,67041,26105,2024-01-30,Complete,Complete,CANDIDATE_CA,30.0,Underwear
46439,67312,11878,2024-01-29,Returned,Returned,EXCLUE_METIER,42.0,Intimates
46558,67494,4194,2024-01-31,Complete,Complete,CANDIDATE_CA,39.9900016784668,Jumpsuits & Rompers
46641,67620,7345,2024-01-31,Complete,Complete,CANDIDATE_CA,98.0,Skirts
46641,67621,11305,2024-01-29,Complete,Complete,CANDIDATE_CA,15.0,Intimates
46647,67628,18988,2024-01-11,Returned,Returned,EXCLUE_METIER,49.02999877929688,Sweaters
46668,67655,7449,2024-01-25,Shipped,Shipped,CANDIDATE_CA,89.0,Skirts
46722,67736,28344,2024-01-26,Processing,Processing,A_VERIFIER_ETAT,4.079999923706056,Accessories
46820,67877,28135,2024-01-29,Shipped,Shipped,CANDIDATE_CA,52.0,Swim
46827,67885,6604,2024-01-04,Complete,Complete,CANDIDATE_CA,52.97999954223633,Shorts
46872,67949,28943,2024-01-08,Shipped,Shipped,CANDIDATE_CA,150.0,Accessories
46968,68091,21418,2024-01-04,Shipped,Shipped,CANDIDATE_CA,109.0,Jeans
46978,68104,26995,2024-01-22,Processing,Processing,A_VERIFIER_ETAT,25.0,Sleep & Lounge
47019,68156,21089,2024-01-31,Shipped,Shipped,CANDIDATE_CA,189.0,Jeans
47154,68346,20003,2024-01-02,Complete,Complete,CANDIDATE_CA,89.94999694824217,Suits & Sport Coats
47211,68434,20107,2024-01-04,Cancelled,Cancelled,EXCLUE_METIER,49.950000762939446,Suits & Sport Coats
47211,68435,24823,2024-01-03,Cancelled,Cancelled,EXCLUE_METIER,24.989999771118164,Socks
47233,68469,3863,2024-01-27,Shipped,Shipped,CANDIDATE_CA,54.9900016784668,Dresses
47324,68597,22292,2024-01-21,Returned,Returned,EXCLUE_METIER,12.239999771118164,Pants
47445,68772,4794,2024-01-14,Complete,Complete,CANDIDATE_CA,165.0,Jeans
47650,69060,3458,2024-01-28,Processing,Processing,A_VERIFIER_ETAT,106.40000152587892,Dresses
47650,69061,3126,2024-01-31,Processing,Processing,A_VERIFIER_ETAT,130.0,Dresses
47650,69062,12800,2024-01-29,Processing,Processing,A_VERIFIER_ETAT,72.0,Swim
47695,69129,2206,2024-01-31,Shipped,Shipped,CANDIDATE_CA,50.0,Fashion Hoodies & Sweatshirts
47695,69130,4217,2024-01-31,Shipped,Shipped,CANDIDATE_CA,69.0,Jeans
47702,69139,19833,2024-01-11,Complete,Complete,CANDIDATE_CA,172.94000244140625,Suits & Sport Coats
47765,69236,20897,2024-01-14,Cancelled,Cancelled,EXCLUE_METIER,55.0,Jeans
47822,69323,21554,2024-01-27,Shipped,Shipped,CANDIDATE_CA,89.98999786376953,Jeans
47860,69373,9821,2024-01-26,Processing,Processing,A_VERIFIER_ETAT,92.0,Sleep & Lounge
47925,69459,5142,2024-01-31,Complete,Complete,CANDIDATE_CA,50.0,Pants & Capris
48035,69625,21866,2024-01-30,Returned,Returned,EXCLUE_METIER,89.98999786376953,Pants
48086,69699,6774,2024-01-30,Complete,Complete,CANDIDATE_CA,9.449999809265137,Shorts
48199,69860,19606,2024-01-06,Shipped,Shipped,CANDIDATE_CA,55.59999847412109,Sweaters
48271,69963,22078,2024-01-12,Complete,Complete,CANDIDATE_CA,69.0,Pants
48271,69964,24290,2024-01-12,Complete,Complete,CANDIDATE_CA,117.18000030517578,Outerwear & Coats
48274,69968,22625,2024-01-12,Processing,Processing,A_VERIFIER_ETAT,16.520000457763672,Pants
48274,69969,26945,2024-01-10,Processing,Processing,A_VERIFIER_ETAT,83.91999816894531,Sleep & Lounge
48401,70147,23600,2024-01-14,Processing,Processing,A_VERIFIER_ETAT,35.900001525878906,Shorts
48401,70148,22821,2024-01-15,Processing,Processing,A_VERIFIER_ETAT,45.02000045776367,Shorts
48529,70329,5778,2024-01-30,Complete,Complete,CANDIDATE_CA,54.9900016784668,Leggings
48627,70471,29011,2024-01-30,Shipped,Shipped,CANDIDATE_CA,61.150001525878906,Accessories
48629,70473,17323,2024-01-18,Complete,Complete,CANDIDATE_CA,51.0,Fashion Hoodies & Sweatshirts
48629,70474,25508,2024-01-19,Complete,Complete,CANDIDATE_CA,42.0,Underwear
48687,70560,11897,2024-01-02,Processing,Processing,A_VERIFIER_ETAT,69.0,Intimates
48687,70561,6708,2024-01-05,Processing,Processing,A_VERIFIER_ETAT,24.979999542236328,Shorts
48729,70617,6911,2024-01-03,Shipped,Shipped,CANDIDATE_CA,41.450000762939446,Shorts
48744,70635,7487,2024-01-13,Complete,Complete,CANDIDATE_CA,191.25,Blazers & Jackets
48744,70636,6902,2024-01-11,Complete,Complete,CANDIDATE_CA,40.0,Shorts
48917,70878,23042,2024-01-16,Processing,Processing,A_VERIFIER_ETAT,36.0,Shorts
48917,70879,17568,2024-01-13,Processing,Processing,A_VERIFIER_ETAT,30.0,Fashion Hoodies & Sweatshirts
48917,70880,23626,2024-01-15,Processing,Processing,A_VERIFIER_ETAT,88.5,Shorts
48917,70881,28081,2024-01-15,Processing,Processing,A_VERIFIER_ETAT,40.180000305175774,Swim
48932,70901,14753,2024-01-13,Cancelled,Cancelled,EXCLUE_METIER,44.97999954223633,Maternity
48995,70999,8855,2024-01-25,Cancelled,Cancelled,EXCLUE_METIER,12.199999809265137,Socks & Hosiery
49010,71020,19514,2024-01-31,Cancelled,Cancelled,EXCLUE_METIER,145.0,Sweaters
49060,71096,25759,2024-01-08,Returned,Returned,EXCLUE_METIER,19.200000762939453,Underwear
49386,71565,20033,2024-01-18,Shipped,Shipped,CANDIDATE_CA,119.98999786376952,Suits & Sport Coats
49399,71584,2669,2024-01-20,Cancelled,Cancelled,EXCLUE_METIER,34.9900016784668,Active
49403,71589,2868,2024-01-06,Returned,Returned,EXCLUE_METIER,9.489999771118164,Active
49495,71722,1406,2024-01-26,Cancelled,Cancelled,EXCLUE_METIER,75.56999969482422,Sweaters
49495,71723,6262,2024-01-27,Cancelled,Cancelled,EXCLUE_METIER,6.710000038146973,Leggings
49507,71736,21220,2024-01-24,Shipped,Shipped,CANDIDATE_CA,109.9800033569336,Jeans
49514,71745,16525,2024-01-02,Shipped,Shipped,CANDIDATE_CA,52.0,Tops & Tees
49514,71746,28308,2024-01-03,Shipped,Shipped,CANDIDATE_CA,53.0,Accessories
49819,72198,24646,2024-01-23,Processing,Processing,A_VERIFIER_ETAT,15.0,Socks
49869,72269,4663,2024-01-16,Processing,Processing,A_VERIFIER_ETAT,198.0,Jeans
49869,72270,11602,2024-01-17,Processing,Processing,A_VERIFIER_ETAT,64.94999694824219,Intimates
49869,72271,4375,2024-01-16,Processing,Processing,A_VERIFIER_ETAT,25.0,Jeans
49869,72272,13701,2024-01-20,Processing,Processing,A_VERIFIER_ETAT,21.989999771118164,Accessories
49987,72459,7852,2024-01-31,Shipped,Shipped,CANDIDATE_CA,9.880000114440918,Blazers & Jackets
50085,72599,18751,2024-01-26,Processing,Processing,A_VERIFIER_ETAT,34.95000076293945,Active
50160,72700,7142,2024-01-20,Shipped,Shipped,CANDIDATE_CA,89.0,Skirts
50160,72701,771,2024-01-17,Shipped,Shipped,CANDIDATE_CA,36.450000762939446,Tops & Tees
50160,72702,9107,2024-01-17,Shipped,Shipped,CANDIDATE_CA,9.949999809265137,Socks & Hosiery
50227,72811,14795,2024-01-30,Complete,Complete,CANDIDATE_CA,184.0,Maternity
50227,72813,15494,2024-01-29,Complete,Complete,CANDIDATE_CA,39.950000762939446,Plus
50321,72942,21176,2024-01-29,Shipped,Shipped,CANDIDATE_CA,68.0,Jeans
50321,72943,26748,2024-01-26,Shipped,Shipped,CANDIDATE_CA,25.0,Sleep & Lounge
50382,73027,23663,2024-01-23,Cancelled,Cancelled,EXCLUE_METIER,109.98999786376952,Outerwear & Coats
50383,73028,28760,2024-01-27,Processing,Processing,A_VERIFIER_ETAT,33.0,Accessories
50383,73029,23114,2024-01-29,Processing,Processing,A_VERIFIER_ETAT,36.0,Shorts
50383,73030,22827,2024-01-29,Processing,Processing,A_VERIFIER_ETAT,41.41999816894531,Shorts
50481,73153,17688,2024-01-19,Processing,Processing,A_VERIFIER_ETAT,89.5,Fashion Hoodies & Sweatshirts
50734,73517,12173,2024-01-28,Shipped,Shipped,CANDIDATE_CA,24.0,Intimates
50842,73682,24842,2024-01-21,Processing,Processing,A_VERIFIER_ETAT,13.0,Socks
51055,74007,20682,2024-01-24,Cancelled,Cancelled,EXCLUE_METIER,49.9900016784668,Jeans
51199,74230,19703,2024-01-13,Complete,Complete,CANDIDATE_CA,68.66999816894531,Sweaters
51295,74372,17544,2024-01-27,Shipped,Shipped,CANDIDATE_CA,27.979999542236328,Fashion Hoodies & Sweatshirts
51339,74436,2097,2024-01-10,Processing,Processing,A_VERIFIER_ETAT,32.4900016784668,Fashion Hoodies & Sweatshirts
51339,74437,9268,2024-01-12,Processing,Processing,A_VERIFIER_ETAT,12.5,Socks & Hosiery
51347,74452,17112,2024-01-01,Shipped,Shipped,CANDIDATE_CA,29.989999771118164,Fashion Hoodies & Sweatshirts
51834,75173,19829,2024-01-13,Complete,Complete,CANDIDATE_CA,109.98999786376952,Suits & Sport Coats
51920,75294,17121,2024-01-25,Returned,Returned,EXCLUE_METIER,25.0,Fashion Hoodies & Sweatshirts
51920,75295,24425,2024-01-22,Returned,Returned,EXCLUE_METIER,155.0,Outerwear & Coats
51920,75296,21275,2024-01-24,Returned,Returned,EXCLUE_METIER,42.9900016784668,Jeans
51920,75297,27635,2024-01-22,Returned,Returned,EXCLUE_METIER,16.989999771118164,Swim
51937,75326,15740,2024-01-16,Complete,Complete,CANDIDATE_CA,124.5,Plus
51937,75327,3720,2024-01-17,Complete,Complete,CANDIDATE_CA,45.0,Dresses
51937,75328,14628,2024-01-15,Complete,Complete,CANDIDATE_CA,18.5,Maternity
51989,75396,6152,2024-01-10,Shipped,Shipped,CANDIDATE_CA,28.0,Leggings
51989,75397,8331,2024-01-09,Shipped,Shipped,CANDIDATE_CA,97.9000015258789,Outerwear & Coats
52011,75432,13793,2024-01-09,Cancelled,Cancelled,EXCLUE_METIER,190.0,Accessories
52017,75438,16561,2024-01-14,Shipped,Shipped,CANDIDATE_CA,60.0,Tops & Tees
52017,75439,25507,2024-01-13,Shipped,Shipped,CANDIDATE_CA,24.989999771118164,Underwear
52057,75495,27715,2024-01-14,Complete,Complete,CANDIDATE_CA,69.5,Swim
52085,75535,13750,2024-01-17,Processing,Processing,A_VERIFIER_ETAT,13.989999771118164,Accessories
52085,75536,9774,2024-01-16,Processing,Processing,A_VERIFIER_ETAT,54.0,Sleep & Lounge
52085,75537,14999,2024-01-20,Processing,Processing,A_VERIFIER_ETAT,29.979999542236328,Maternity
52248,75764,17083,2024-01-30,Processing,Processing,A_VERIFIER_ETAT,55.0,Fashion Hoodies & Sweatshirts
52344,75909,12164,2024-01-03,Complete,Complete,CANDIDATE_CA,37.7599983215332,Intimates
52428,76030,28377,2024-01-08,Cancelled,Cancelled,EXCLUE_METIER,56.950000762939446,Accessories
52528,76168,22921,2024-01-29,Shipped,Shipped,CANDIDATE_CA,54.0,Shorts
52528,76169,27957,2024-01-27,Shipped,Shipped,CANDIDATE_CA,25.0,Swim
52581,76250,28406,2024-01-03,Complete,Complete,CANDIDATE_CA,3.4600000381469727,Accessories
52637,76334,19970,2024-01-18,Shipped,Shipped,CANDIDATE_CA,89.98999786376953,Suits & Sport Coats
52693,76418,6105,2024-01-17,Processing,Processing,A_VERIFIER_ETAT,31.989999771118164,Leggings
52693,76419,1245,2024-01-16,Processing,Processing,A_VERIFIER_ETAT,32.5,Sweaters
52693,76420,8025,2024-01-14,Processing,Processing,A_VERIFIER_ETAT,223.97000122070312,Blazers & Jackets
52722,76455,5295,2024-01-24,Complete,Complete,CANDIDATE_CA,56.880001068115234,Pants & Capris
52722,76456,13359,2024-01-27,Complete,Complete,CANDIDATE_CA,110.0,Swim
52771,76537,27850,2024-01-18,Shipped,Shipped,CANDIDATE_CA,59.5,Swim
52819,76600,17026,2024-01-12,Complete,Complete,CANDIDATE_CA,34.95000076293945,Tops & Tees
52819,76601,21476,2024-01-11,Complete,Complete,CANDIDATE_CA,39.450000762939446,Jeans
52863,76663,27973,2024-01-19,Processing,Processing,A_VERIFIER_ETAT,38.0,Swim
52873,76674,13801,2024-01-02,Shipped,Shipped,CANDIDATE_CA,6.989999771118164,Accessories
52873,76675,11915,2024-01-02,Shipped,Shipped,CANDIDATE_CA,59.0,Intimates
52935,76755,21926,2024-01-13,Complete,Complete,CANDIDATE_CA,65.0,Pants
52944,76765,21666,2024-01-30,Shipped,Shipped,CANDIDATE_CA,55.380001068115234,Pants
52990,76831,22065,2024-01-01,Cancelled,Cancelled,EXCLUE_METIER,74.94999694824217,Pants
52991,76832,27603,2024-01-10,Shipped,Shipped,CANDIDATE_CA,36.84999847412109,Swim
53021,76874,3207,2024-01-25,Complete,Complete,CANDIDATE_CA,44.93999862670898,Dresses
53031,76890,25940,2024-01-09,Shipped,Shipped,CANDIDATE_CA,28.0,Underwear
53109,76998,11253,2024-01-14,Cancelled,Cancelled,EXCLUE_METIER,98.0,Intimates
53109,76999,5686,2024-01-17,Cancelled,Cancelled,EXCLUE_METIER,57.930000305175774,Pants & Capris
53112,77005,27547,2024-01-18,Shipped,Shipped,CANDIDATE_CA,16.969999313354492,Swim
53220,77169,7877,2024-01-17,Shipped,Shipped,CANDIDATE_CA,13.5,Blazers & Jackets
53220,77170,9478,2024-01-13,Shipped,Shipped,CANDIDATE_CA,13.989999771118164,Socks & Hosiery
53220,77171,10531,2024-01-15,Shipped,Shipped,CANDIDATE_CA,18.270000457763672,Intimates
53220,77172,8001,2024-01-12,Shipped,Shipped,CANDIDATE_CA,10.920000076293944,Blazers & Jackets
53312,77310,5825,2024-01-11,Complete,Complete,CANDIDATE_CA,49.0,Leggings
53344,77360,27229,2024-01-13,Returned,Returned,EXCLUE_METIER,17.989999771118164,Sleep & Lounge
53370,77399,22635,2024-01-28,Complete,Complete,CANDIDATE_CA,54.9900016784668,Pants
53450,77516,29031,2024-01-08,Processing,Processing,A_VERIFIER_ETAT,32.0,Accessories
53514,77610,9368,2024-01-03,Processing,Processing,A_VERIFIER_ETAT,16.0,Socks & Hosiery
53570,77681,3671,2024-01-06,Complete,Complete,CANDIDATE_CA,43.9900016784668,Dresses
53570,77682,11145,2024-01-07,Complete,Complete,CANDIDATE_CA,49.9900016784668,Intimates
53588,77708,2689,2024-01-20,Complete,Complete,CANDIDATE_CA,25.0,Active
53640,77776,22,2024-01-16,Shipped,Shipped,CANDIDATE_CA,158.0,Tops & Tees
53643,77779,16873,2024-01-04,Returned,Returned,EXCLUE_METIER,34.9900016784668,Tops & Tees
53802,78005,20027,2024-01-11,Complete,Complete,CANDIDATE_CA,139.99000549316406,Suits & Sport Coats
53802,78006,23356,2024-01-11,Complete,Complete,CANDIDATE_CA,59.5,Shorts
53867,78102,15233,2024-01-05,Cancelled,Cancelled,EXCLUE_METIER,36.0,Maternity
53950,78229,1580,2024-01-22,Processing,Processing,A_VERIFIER_ETAT,39.9900016784668,Fashion Hoodies & Sweatshirts
53950,78230,12324,2024-01-21,Processing,Processing,A_VERIFIER_ETAT,19.989999771118164,Intimates
53950,78231,14014,2024-01-25,Processing,Processing,A_VERIFIER_ETAT,14.989999771118164,Accessories
53989,78283,22315,2024-01-14,Complete,Complete,CANDIDATE_CA,176.0,Pants
53989,78284,24820,2024-01-18,Complete,Complete,CANDIDATE_CA,10.0,Socks
53989,78285,26968,2024-01-18,Complete,Complete,CANDIDATE_CA,37.950000762939446,Sleep & Lounge
53989,78286,20300,2024-01-15,Complete,Complete,CANDIDATE_CA,60.0,Suits & Sport Coats
54003,78303,27567,2024-01-07,Cancelled,Cancelled,EXCLUE_METIER,29.950000762939453,Swim
54050,78364,19645,2024-01-03,Processing,Processing,A_VERIFIER_ETAT,48.970001220703125,Sweaters
54343,78774,24710,2024-01-04,Complete,Complete,CANDIDATE_CA,16.0,Socks
54589,79126,14070,2024-01-03,Processing,Processing,A_VERIFIER_ETAT,25.0,Accessories
54661,79252,9628,2024-01-17,Returned,Returned,EXCLUE_METIER,21.989999771118164,Sleep & Lounge
54661,79253,7757,2024-01-16,Returned,Returned,EXCLUE_METIER,44.77999877929688,Blazers & Jackets
54772,79400,19774,2024-01-15,Cancelled,Cancelled,EXCLUE_METIER,34.95000076293945,Sweaters
54984,79699,8665,2024-01-09,Shipped,Shipped,CANDIDATE_CA,129.9499969482422,Outerwear & Coats
55084,79849,2741,2024-01-27,Complete,Complete,CANDIDATE_CA,36.0,Active
55088,79854,14332,2024-01-13,Complete,Complete,CANDIDATE_CA,69.0,Maternity
55158,79948,15280,2024-01-29,Cancelled,Cancelled,EXCLUE_METIER,25.0,Plus
55158,79949,4855,2024-01-30,Cancelled,Cancelled,EXCLUE_METIER,154.0,Jeans
55158,79950,11369,2024-01-31,Cancelled,Cancelled,EXCLUE_METIER,12.989999771118164,Intimates
55158,79951,6359,2024-01-28,Cancelled,Cancelled,EXCLUE_METIER,25.0,Shorts
55311,80162,21447,2024-01-02,Shipped,Shipped,CANDIDATE_CA,172.1999969482422,Jeans
55311,80163,23027,2024-01-01,Shipped,Shipped,CANDIDATE_CA,36.0,Shorts
55398,80283,5674,2024-01-02,Shipped,Shipped,CANDIDATE_CA,108.0,Pants & Capris
55552,80509,17376,2024-01-01,Cancelled,Cancelled,EXCLUE_METIER,25.0,Fashion Hoodies & Sweatshirts
55559,80517,12767,2024-01-09,Shipped,Shipped,CANDIDATE_CA,108.0,Swim
55571,80536,8972,2024-01-16,Shipped,Shipped,CANDIDATE_CA,14.0,Socks & Hosiery
55571,80537,12480,2024-01-13,Shipped,Shipped,CANDIDATE_CA,40.0,Intimates
55635,80625,9209,2024-01-27,Complete,Complete,CANDIDATE_CA,10.0,Socks & Hosiery
55661,80663,20821,2024-01-14,Shipped,Shipped,CANDIDATE_CA,90.0,Jeans
55661,80664,22806,2024-01-15,Shipped,Shipped,CANDIDATE_CA,46.0,Shorts
55729,80772,19891,2024-01-01,Returned,Returned,EXCLUE_METIER,99.98999786376952,Suits & Sport Coats
55798,80883,37,2024-01-26,Processing,Processing,A_VERIFIER_ETAT,79.98999786376953,Tops & Tees
55798,80884,8549,2024-01-26,Processing,Processing,A_VERIFIER_ETAT,39.5,Outerwear & Coats
55798,80885,12479,2024-01-28,Processing,Processing,A_VERIFIER_ETAT,36.950000762939446,Intimates
55798,80886,6087,2024-01-25,Processing,Processing,A_VERIFIER_ETAT,31.989999771118164,Leggings
55806,80897,1287,2024-01-28,Shipped,Shipped,CANDIDATE_CA,349.0,Sweaters
55806,80898,810,2024-01-29,Shipped,Shipped,CANDIDATE_CA,59.9900016784668,Sweaters
55806,80899,11784,2024-01-30,Shipped,Shipped,CANDIDATE_CA,54.0,Intimates
55825,80924,21212,2024-01-01,Processing,Processing,A_VERIFIER_ETAT,50.0,Jeans
55825,80925,27565,2024-01-04,Processing,Processing,A_VERIFIER_ETAT,65.0,Swim
55825,80926,27955,2024-01-04,Processing,Processing,A_VERIFIER_ETAT,30.799999237060547,Swim
55971,81144,3401,2024-01-09,Returned,Returned,EXCLUE_METIER,121.0,Dresses
55977,81151,28366,2024-01-10,Complete,Complete,CANDIDATE_CA,43.310001373291016,Accessories
56039,81248,28783,2024-01-20,Complete,Complete,CANDIDATE_CA,11.5,Accessories
56111,81357,2183,2024-01-31,Returned,Returned,EXCLUE_METIER,44.950000762939446,Fashion Hoodies & Sweatshirts
56169,81439,16058,2024-01-29,Processing,Processing,A_VERIFIER_ETAT,125.0,Tops & Tees
56217,81506,13560,2024-01-03,Shipped,Shipped,CANDIDATE_CA,29.989999771118164,Swim
56399,81781,3472,2024-01-21,Complete,Complete,CANDIDATE_CA,11.130000114440918,Dresses
56591,82052,11017,2024-01-26,Shipped,Shipped,CANDIDATE_CA,19.0,Intimates
56591,82053,122,2024-01-26,Shipped,Shipped,CANDIDATE_CA,26.0,Tops & Tees
56616,82088,7558,2024-01-05,Complete,Complete,CANDIDATE_CA,250.0,Blazers & Jackets
56622,82095,29041,2024-01-06,Complete,Complete,CANDIDATE_CA,38.0,Accessories
56843,82418,1249,2024-01-07,Shipped,Shipped,CANDIDATE_CA,17.989999771118164,Sweaters
56850,82428,18044,2024-01-11,Complete,Complete,CANDIDATE_CA,103.9499969482422,Fashion Hoodies & Sweatshirts
57040,82704,26471,2024-01-13,Shipped,Shipped,CANDIDATE_CA,69.98999786376953,Sleep & Lounge
57040,82705,19021,2024-01-12,Shipped,Shipped,CANDIDATE_CA,134.9199981689453,Sweaters
57079,82764,7912,2024-01-03,Shipped,Shipped,CANDIDATE_CA,159.9499969482422,Blazers & Jackets
57114,82812,21791,2024-01-18,Shipped,Shipped,CANDIDATE_CA,29.989999771118164,Pants
57114,82813,28384,2024-01-17,Shipped,Shipped,CANDIDATE_CA,4.840000152587891,Accessories
57170,82898,26499,2024-01-25,Complete,Complete,CANDIDATE_CA,29.989999771118164,Sleep & Lounge
57358,83176,4155,2024-01-09,Shipped,Shipped,CANDIDATE_CA,23.0,Jumpsuits & Rompers
57358,83177,5969,2024-01-09,Shipped,Shipped,CANDIDATE_CA,29.5,Leggings
57467,83343,176,2024-01-15,Returned,Returned,EXCLUE_METIER,11.489999771118164,Tops & Tees
57567,83494,23357,2024-01-22,Processing,Processing,A_VERIFIER_ETAT,29.96999931335449,Shorts
57682,83651,409,2024-01-17,Processing,Processing,A_VERIFIER_ETAT,24.950000762939453,Tops & Tees
57682,83652,10646,2024-01-16,Processing,Processing,A_VERIFIER_ETAT,31.989999771118164,Intimates
57682,83653,8042,2024-01-16,Processing,Processing,A_VERIFIER_ETAT,94.0,Clothing Sets
57887,83953,23764,2024-01-02,Cancelled,Cancelled,EXCLUE_METIER,48.0,Outerwear & Coats
57891,83960,24149,2024-01-28,Shipped,Shipped,CANDIDATE_CA,75.0,Outerwear & Coats
57891,83961,27909,2024-01-27,Shipped,Shipped,CANDIDATE_CA,46.799999237060554,Swim
58073,84214,22190,2024-01-10,Complete,Complete,CANDIDATE_CA,153.42999267578125,Pants
58542,84894,1817,2024-01-16,Processing,Processing,A_VERIFIER_ETAT,19.309999465942383,Fashion Hoodies & Sweatshirts
58573,84937,28161,2024-01-02,Complete,Complete,CANDIDATE_CA,35.959999084472656,Swim
58584,84953,1541,2024-01-11,Shipped,Shipped,CANDIDATE_CA,60.27000045776367,Fashion Hoodies & Sweatshirts
58714,85134,27799,2024-01-05,Complete,Complete,CANDIDATE_CA,43.9900016784668,Swim
58848,85320,18921,2024-01-01,Complete,Complete,CANDIDATE_CA,89.0,Sweaters
58848,85321,24796,2024-01-02,Complete,Complete,CANDIDATE_CA,17.489999771118164,Socks
58849,85323,18103,2024-01-26,Processing,Processing,A_VERIFIER_ETAT,24.0,Active
58885,85367,12278,2024-01-24,Cancelled,Cancelled,EXCLUE_METIER,8.949999809265137,Intimates
58885,85368,5244,2024-01-23,Cancelled,Cancelled,EXCLUE_METIER,69.0,Pants & Capris
58885,85369,3461,2024-01-25,Cancelled,Cancelled,EXCLUE_METIER,12.609999656677246,Dresses
58901,85393,18725,2024-01-31,Shipped,Shipped,CANDIDATE_CA,32.45000076293945,Active
58901,85394,16433,2024-01-29,Shipped,Shipped,CANDIDATE_CA,45.0,Tops & Tees
59016,85579,15107,2024-01-17,Cancelled,Cancelled,EXCLUE_METIER,79.5,Maternity
59018,85581,22129,2024-01-10,Shipped,Shipped,CANDIDATE_CA,32.9900016784668,Pants
59189,85810,18306,2024-01-12,Processing,Processing,A_VERIFIER_ETAT,69.5,Active
59213,85848,21110,2024-01-03,Shipped,Shipped,CANDIDATE_CA,39.5,Jeans
59213,85849,16043,2024-01-01,Shipped,Shipped,CANDIDATE_CA,95.0,Tops & Tees
59259,85918,17680,2024-01-20,Shipped,Shipped,CANDIDATE_CA,78.0,Fashion Hoodies & Sweatshirts
59425,86147,7743,2024-01-09,Shipped,Shipped,CANDIDATE_CA,12.529999732971191,Blazers & Jackets
59431,86153,27263,2024-01-18,Shipped,Shipped,CANDIDATE_CA,83.58000183105469,Sleep & Lounge
59536,86307,19519,2024-01-03,Shipped,Shipped,CANDIDATE_CA,79.0,Sweaters
59676,86511,20894,2024-01-09,Shipped,Shipped,CANDIDATE_CA,112.98999786376952,Jeans
59966,86928,26175,2024-01-03,Processing,Processing,A_VERIFIER_ETAT,16.989999771118164,Underwear
60075,87112,18254,2024-01-03,Processing,Processing,A_VERIFIER_ETAT,17.0,Active
60075,87113,16581,2024-01-03,Processing,Processing,A_VERIFIER_ETAT,39.5,Tops & Tees
60129,87198,25283,2024-01-12,Complete,Complete,CANDIDATE_CA,16.0,Socks
60164,87247,8615,2024-01-30,Shipped,Shipped,CANDIDATE_CA,65.0,Outerwear & Coats
60189,87292,22699,2024-01-30,Complete,Complete,CANDIDATE_CA,54.0,Shorts
60267,87416,17665,2024-01-09,Shipped,Shipped,CANDIDATE_CA,33.97999954223633,Fashion Hoodies & Sweatshirts
60267,87417,20341,2024-01-11,Shipped,Shipped,CANDIDATE_CA,35.0,Suits & Sport Coats
60346,87534,4455,2024-01-13,Cancelled,Cancelled,EXCLUE_METIER,34.5,Jeans
60407,87622,16422,2024-01-05,Processing,Processing,A_VERIFIER_ETAT,25.0,Tops & Tees
60418,87636,1323,2024-01-30,Shipped,Shipped,CANDIDATE_CA,49.9900016784668,Sweaters
60576,87860,20477,2024-01-02,Processing,Processing,A_VERIFIER_ETAT,37.900001525878906,Suits & Sport Coats
60586,87873,4255,2024-01-11,Complete,Complete,CANDIDATE_CA,125.0,Jeans
60635,87942,23603,2024-01-21,Processing,Processing,A_VERIFIER_ETAT,20.989999771118164,Shorts
60693,88022,9083,2024-01-23,Shipped,Shipped,CANDIDATE_CA,12.989999771118164,Socks & Hosiery
60852,88240,16365,2024-01-09,Shipped,Shipped,CANDIDATE_CA,36.0,Tops & Tees
60852,88241,25532,2024-01-09,Shipped,Shipped,CANDIDATE_CA,17.0,Underwear
60965,88402,291,2024-01-08,Shipped,Shipped,CANDIDATE_CA,21.040000915527344,Tops & Tees
61073,88563,28735,2024-01-07,Processing,Processing,A_VERIFIER_ETAT,54.0,Accessories
61173,88712,19142,2024-01-08,Cancelled,Cancelled,EXCLUE_METIER,21.8700008392334,Sweaters
61175,88714,19371,2024-01-08,Processing,Processing,A_VERIFIER_ETAT,83.75,Sweaters
61188,88732,11473,2024-01-12,Shipped,Shipped,CANDIDATE_CA,72.0,Intimates
61188,88733,13074,2024-01-12,Shipped,Shipped,CANDIDATE_CA,96.0,Swim
61208,88761,26951,2024-01-06,Shipped,Shipped,CANDIDATE_CA,32.0,Sleep & Lounge
61208,88762,23068,2024-01-07,Shipped,Shipped,CANDIDATE_CA,49.5,Shorts
61355,88990,28352,2024-01-06,Shipped,Shipped,CANDIDATE_CA,29.989999771118164,Accessories
61355,88991,23154,2024-01-06,Shipped,Shipped,CANDIDATE_CA,45.0,Shorts
61367,89007,18049,2024-01-28,Complete,Complete,CANDIDATE_CA,30.090000152587887,Active
61367,89008,26833,2024-01-25,Complete,Complete,CANDIDATE_CA,25.5,Sleep & Lounge
61466,89148,14621,2024-01-24,Shipped,Shipped,CANDIDATE_CA,48.0,Maternity
61653,89423,18044,2024-01-09,Cancelled,Cancelled,EXCLUE_METIER,103.9499969482422,Fashion Hoodies & Sweatshirts
61731,89537,13958,2024-01-27,Returned,Returned,EXCLUE_METIER,35.84000015258789,Accessories
61731,89538,13249,2024-01-26,Returned,Returned,EXCLUE_METIER,38.0,Swim
61747,89560,9687,2024-01-21,Complete,Complete,CANDIDATE_CA,58.799999237060554,Sleep & Lounge
61835,89700,22860,2024-01-15,Complete,Complete,CANDIDATE_CA,54.9900016784668,Shorts
61992,89938,1796,2024-01-16,Processing,Processing,A_VERIFIER_ETAT,65.5,Fashion Hoodies & Sweatshirts
62117,90114,11766,2024-01-29,Processing,Processing,A_VERIFIER_ETAT,21.950000762939453,Intimates
62137,90150,27298,2024-01-27,Returned,Returned,EXCLUE_METIER,100.0,Sleep & Lounge
62261,90340,23075,2024-01-16,Shipped,Shipped,CANDIDATE_CA,38.5,Shorts
62280,90366,3228,2024-01-25,Returned,Returned,EXCLUE_METIER,142.99000549316406,Dresses
62416,90571,8820,2024-01-14,Shipped,Shipped,CANDIDATE_CA,48.9900016784668,Outerwear & Coats
62456,90629,27985,2024-01-16,Shipped,Shipped,CANDIDATE_CA,75.0,Swim
62456,90630,19450,2024-01-17,Shipped,Shipped,CANDIDATE_CA,328.0,Sweaters
62481,90661,21289,2024-01-14,Shipped,Shipped,CANDIDATE_CA,178.0,Jeans
62528,90721,7707,2024-01-24,Complete,Complete,CANDIDATE_CA,52.9900016784668,Blazers & Jackets
62554,90762,23353,2024-01-02,Processing,Processing,A_VERIFIER_ETAT,59.5,Shorts
62554,90763,27278,2024-01-04,Processing,Processing,A_VERIFIER_ETAT,50.18999862670898,Sleep & Lounge
62554,90764,24374,2024-01-03,Processing,Processing,A_VERIFIER_ETAT,114.98999786376952,Outerwear & Coats
62554,90765,23583,2024-01-03,Processing,Processing,A_VERIFIER_ETAT,54.5,Shorts
62579,90796,25079,2024-01-16,Complete,Complete,CANDIDATE_CA,18.549999237060547,Socks
62592,90812,23383,2024-01-16,Processing,Processing,A_VERIFIER_ETAT,25.0,Shorts
62669,90924,10874,2024-01-30,Complete,Complete,CANDIDATE_CA,25.0,Intimates
62705,90972,7064,2024-01-03,Shipped,Shipped,CANDIDATE_CA,81.0,Shorts
62868,91202,19903,2024-01-26,Complete,Complete,CANDIDATE_CA,36.180000305175774,Suits & Sport Coats
62870,91204,1088,2024-01-08,Shipped,Shipped,CANDIDATE_CA,109.0,Sweaters
62870,91205,7527,2024-01-08,Shipped,Shipped,CANDIDATE_CA,119.04000091552734,Blazers & Jackets
62870,91206,2492,2024-01-08,Shipped,Shipped,CANDIDATE_CA,25.0,Active
63000,91398,24452,2024-01-04,Processing,Processing,A_VERIFIER_ETAT,129.99000549316406,Outerwear & Coats
63205,91690,19947,2024-01-27,Complete,Complete,CANDIDATE_CA,48.0,Suits & Sport Coats
63205,91691,18413,2024-01-28,Complete,Complete,CANDIDATE_CA,44.38999938964844,Active
63331,91870,16521,2024-01-09,Shipped,Shipped,CANDIDATE_CA,22.5,Tops & Tees
63775,92521,17558,2024-01-24,Cancelled,Cancelled,EXCLUE_METIER,115.0,Fashion Hoodies & Sweatshirts
63837,92610,15484,2024-01-06,Complete,Complete,CANDIDATE_CA,73.7300033569336,Plus
63873,92676,25315,2024-01-07,Complete,Complete,CANDIDATE_CA,11.0,Socks
63873,92677,16688,2024-01-05,Complete,Complete,CANDIDATE_CA,41.9900016784668,Tops & Tees
64283,93246,12909,2024-01-26,Shipped,Shipped,CANDIDATE_CA,150.0,Swim
64398,93414,25348,2024-01-30,Shipped,Shipped,CANDIDATE_CA,903.0,Socks
64453,93498,306,2024-01-21,Processing,Processing,A_VERIFIER_ETAT,45.9900016784668,Tops & Tees
64454,93499,13890,2024-01-29,Complete,Complete,CANDIDATE_CA,23.989999771118164,Accessories
64470,93518,7161,2024-01-04,Processing,Processing,A_VERIFIER_ETAT,64.0,Skirts
64480,93535,13663,2024-01-25,Shipped,Shipped,CANDIDATE_CA,13.3100004196167,Accessories
64544,93634,8302,2024-01-01,Cancelled,Cancelled,EXCLUE_METIER,139.9499969482422,Outerwear & Coats
64544,93635,12669,2024-01-05,Cancelled,Cancelled,EXCLUE_METIER,12.0,Intimates
64783,93996,20865,2024-01-14,Processing,Processing,A_VERIFIER_ETAT,73.9800033569336,Jeans
64798,94014,8160,2024-01-07,Cancelled,Cancelled,EXCLUE_METIER,25.989999771118164,Suits
64858,94091,9363,2024-01-15,Complete,Complete,CANDIDATE_CA,7.989999771118163,Socks & Hosiery
64903,94162,6167,2024-01-04,Complete,Complete,CANDIDATE_CA,19.989999771118164,Leggings
64903,94163,277,2024-01-02,Complete,Complete,CANDIDATE_CA,22.989999771118164,Tops & Tees
64918,94184,5986,2024-01-19,Shipped,Shipped,CANDIDATE_CA,6.940000057220459,Leggings
65177,94569,13207,2024-01-08,Processing,Processing,A_VERIFIER_ETAT,46.0,Swim
65407,94909,22418,2024-01-12,Complete,Complete,CANDIDATE_CA,16.5,Pants
65407,94910,26347,2024-01-10,Complete,Complete,CANDIDATE_CA,29.0,Underwear
65407,94911,18820,2024-01-10,Complete,Complete,CANDIDATE_CA,104.0,Sweaters
65407,94912,22702,2024-01-10,Complete,Complete,CANDIDATE_CA,49.5,Shorts
65556,95131,28103,2024-01-08,Shipped,Shipped,CANDIDATE_CA,59.9900016784668,Swim
65606,95194,25386,2024-01-02,Shipped,Shipped,CANDIDATE_CA,20.0,Underwear
65659,95266,9442,2024-01-19,Shipped,Shipped,CANDIDATE_CA,4.989999771118164,Socks & Hosiery
65659,95267,9146,2024-01-23,Shipped,Shipped,CANDIDATE_CA,9.399999618530272,Socks & Hosiery
65693,95314,16383,2024-01-13,Processing,Processing,A_VERIFIER_ETAT,74.93000030517578,Tops & Tees
65714,95352,25947,2024-01-17,Cancelled,Cancelled,EXCLUE_METIER,19.989999771118164,Underwear
65810,95482,8601,2024-01-22,Complete,Complete,CANDIDATE_CA,99.98999786376952,Outerwear & Coats
65818,95491,10023,2024-01-21,Processing,Processing,A_VERIFIER_ETAT,136.0,Sleep & Lounge
65959,95697,28586,2024-01-21,Processing,Processing,A_VERIFIER_ETAT,69.23999786376953,Accessories
66132,95956,25441,2024-01-17,Processing,Processing,A_VERIFIER_ETAT,46.619998931884766,Underwear
66336,96265,19571,2024-01-30,Complete,Complete,CANDIDATE_CA,129.99000549316406,Sweaters
66387,96344,20943,2024-01-07,Shipped,Shipped,CANDIDATE_CA,63.9900016784668,Jeans
66703,96800,17806,2024-01-10,Complete,Complete,CANDIDATE_CA,44.950000762939446,Fashion Hoodies & Sweatshirts
66829,96974,5475,2024-01-27,Cancelled,Cancelled,EXCLUE_METIER,27.989999771118164,Pants & Capris
66869,97031,3270,2024-01-22,Complete,Complete,CANDIDATE_CA,81.4000015258789,Dresses
67193,97502,11896,2024-01-19,Shipped,Shipped,CANDIDATE_CA,69.0,Intimates
67193,97503,4348,2024-01-17,Shipped,Shipped,CANDIDATE_CA,36.9900016784668,Jeans
67193,97504,2143,2024-01-15,Shipped,Shipped,CANDIDATE_CA,16.75,Fashion Hoodies & Sweatshirts
67235,97559,13412,2024-01-11,Complete,Complete,CANDIDATE_CA,70.0,Swim
67236,97560,21482,2024-01-26,Shipped,Shipped,CANDIDATE_CA,59.97999954223633,Jeans
67323,97697,16057,2024-01-14,Complete,Complete,CANDIDATE_CA,40.0,Tops & Tees
67323,97698,24011,2024-01-14,Complete,Complete,CANDIDATE_CA,249.88999938964844,Outerwear & Coats
67323,97699,18209,2024-01-16,Complete,Complete,CANDIDATE_CA,45.0,Active
67323,97700,27281,2024-01-15,Complete,Complete,CANDIDATE_CA,49.0,Sleep & Lounge
67646,98162,7789,2024-01-06,Processing,Processing,A_VERIFIER_ETAT,132.5,Blazers & Jackets
67649,98166,14568,2024-01-24,Shipped,Shipped,CANDIDATE_CA,92.0,Maternity
67649,98167,14545,2024-01-24,Shipped,Shipped,CANDIDATE_CA,34.5,Maternity
67778,98366,12113,2024-01-09,Complete,Complete,CANDIDATE_CA,59.9900016784668,Intimates
67797,98401,14299,2024-01-06,Shipped,Shipped,CANDIDATE_CA,20.989999771118164,Accessories
67808,98421,8349,2024-01-20,Shipped,Shipped,CANDIDATE_CA,105.55999755859376,Outerwear & Coats
67808,98422,2309,2024-01-18,Shipped,Shipped,CANDIDATE_CA,22.100000381469727,Fashion Hoodies & Sweatshirts
67808,98423,5297,2024-01-20,Shipped,Shipped,CANDIDATE_CA,180.0,Pants & Capris
67808,98424,15587,2024-01-18,Shipped,Shipped,CANDIDATE_CA,18.0,Plus
67899,98548,6912,2024-01-26,Complete,Complete,CANDIDATE_CA,39.5,Shorts
68006,98710,10799,2024-01-24,Shipped,Shipped,CANDIDATE_CA,12.0,Intimates
68077,98808,26103,2024-01-11,Shipped,Shipped,CANDIDATE_CA,32.0,Underwear
68136,98887,12075,2024-01-19,Shipped,Shipped,CANDIDATE_CA,36.0,Intimates
68136,98888,3360,2024-01-17,Shipped,Shipped,CANDIDATE_CA,396.0,Dresses
68136,98889,7458,2024-01-20,Shipped,Shipped,CANDIDATE_CA,49.9900016784668,Skirts
68140,98895,17327,2024-01-02,Complete,Complete,CANDIDATE_CA,109.9499969482422,Fashion Hoodies & Sweatshirts
68368,99223,11224,2024-01-25,Shipped,Shipped,CANDIDATE_CA,98.0,Intimates
68519,99458,12684,2024-01-12,Shipped,Shipped,CANDIDATE_CA,3.880000114440918,Intimates
68576,99540,24869,2024-01-21,Processing,Processing,A_VERIFIER_ETAT,24.0,Socks
68576,99541,19036,2024-01-20,Processing,Processing,A_VERIFIER_ETAT,120.0,Sweaters
68606,99593,25728,2024-01-24,Processing,Processing,A_VERIFIER_ETAT,18.5,Underwear
68640,99640,27903,2024-01-07,Shipped,Shipped,CANDIDATE_CA,59.5,Swim
68640,99641,27926,2024-01-11,Shipped,Shipped,CANDIDATE_CA,34.0,Swim
68665,99675,12949,2024-01-25,Cancelled,Cancelled,EXCLUE_METIER,99.0,Swim
68780,99842,15879,2024-01-23,Complete,Complete,CANDIDATE_CA,12.989999771118164,Plus
68856,99950,5087,2024-01-15,Cancelled,Cancelled,EXCLUE_METIER,58.5,Jeans
68924,100057,25768,2024-01-16,Complete,Complete,CANDIDATE_CA,36.0,Underwear
68983,100135,25223,2024-01-10,Shipped,Shipped,CANDIDATE_CA,19.989999771118164,Socks
69298,100589,28822,2024-01-26,Complete,Complete,CANDIDATE_CA,54.0,Accessories
69384,100713,17106,2024-01-29,Complete,Complete,CANDIDATE_CA,293.3299865722656,Fashion Hoodies & Sweatshirts
69384,100714,20034,2024-01-28,Complete,Complete,CANDIDATE_CA,239.9900054931641,Suits & Sport Coats
69384,100715,18310,2024-01-29,Complete,Complete,CANDIDATE_CA,22.0,Active
69407,100755,12542,2024-01-26,Shipped,Shipped,CANDIDATE_CA,21.75,Intimates
69542,100943,20847,2024-01-28,Processing,Processing,A_VERIFIER_ETAT,99.0,Jeans
69951,101538,27193,2024-01-29,Complete,Complete,CANDIDATE_CA,32.849998474121094,Sleep & Lounge
70237,101960,19646,2024-01-30,Processing,Processing,A_VERIFIER_ETAT,125.0,Sweaters
70240,101965,13153,2024-01-18,Shipped,Shipped,CANDIDATE_CA,36.75,Swim
70346,102107,17098,2024-01-30,Processing,Processing,A_VERIFIER_ETAT,39.9900016784668,Fashion Hoodies & Sweatshirts
70504,102345,19965,2024-01-04,Processing,Processing,A_VERIFIER_ETAT,81.98999786376953,Suits & Sport Coats
70504,102346,29045,2024-01-05,Processing,Processing,A_VERIFIER_ETAT,15.949999809265137,Accessories
70663,102571,2544,2024-01-24,Shipped,Shipped,CANDIDATE_CA,46.0,Active
70837,102833,22465,2024-01-16,Complete,Complete,CANDIDATE_CA,109.0,Pants
71063,103153,12689,2024-01-21,Processing,Processing,A_VERIFIER_ETAT,3.670000076293945,Intimates
71107,103215,1993,2024-01-21,Complete,Complete,CANDIDATE_CA,52.119998931884766,Fashion Hoodies & Sweatshirts
71107,103216,11192,2024-01-24,Complete,Complete,CANDIDATE_CA,25.0,Intimates
71240,103405,1748,2024-01-04,Complete,Complete,CANDIDATE_CA,94.5,Fashion Hoodies & Sweatshirts
71263,103440,15138,2024-01-08,Returned,Returned,EXCLUE_METIER,28.899999618530277,Maternity
71284,103466,22016,2024-01-25,Shipped,Shipped,CANDIDATE_CA,49.9900016784668,Pants
71284,103467,26633,2024-01-24,Shipped,Shipped,CANDIDATE_CA,18.989999771118164,Sleep & Lounge
71394,103621,524,2024-01-30,Shipped,Shipped,CANDIDATE_CA,12.229999542236328,Tops & Tees
71400,103628,3058,2024-01-03,Shipped,Shipped,CANDIDATE_CA,13.949999809265137,Active
71428,103665,18100,2024-01-23,Returned,Returned,EXCLUE_METIER,119.9499969482422,Active
71439,103678,8090,2024-01-29,Processing,Processing,A_VERIFIER_ETAT,133.3699951171875,Suits
71535,103813,27457,2024-01-04,Complete,Complete,CANDIDATE_CA,27.600000381469727,Swim
71535,103814,16039,2024-01-04,Complete,Complete,CANDIDATE_CA,49.5,Tops & Tees
71709,104069,11842,2024-01-18,Shipped,Shipped,CANDIDATE_CA,112.75,Intimates
71763,104143,5350,2024-01-01,Complete,Complete,CANDIDATE_CA,51.950000762939446,Pants & Capris
71928,104399,27824,2024-01-23,Shipped,Shipped,CANDIDATE_CA,49.5,Swim
72145,104702,25945,2024-01-25,Complete,Complete,CANDIDATE_CA,47.950000762939446,Underwear
72145,104703,28597,2024-01-23,Complete,Complete,CANDIDATE_CA,72.25,Accessories
72145,104704,21625,2024-01-22,Complete,Complete,CANDIDATE_CA,129.0,Jeans
72145,104705,26650,2024-01-22,Complete,Complete,CANDIDATE_CA,13.489999771118164,Sleep & Lounge
72252,104843,279,2024-01-21,Shipped,Shipped,CANDIDATE_CA,14.989999771118164,Tops & Tees
72252,104844,493,2024-01-20,Shipped,Shipped,CANDIDATE_CA,107.0,Tops & Tees
72370,105012,18521,2024-01-14,Processing,Processing,A_VERIFIER_ETAT,44.9900016784668,Active
72613,105384,14823,2024-01-17,Shipped,Shipped,CANDIDATE_CA,22.190000534057617,Maternity
72648,105431,11838,2024-01-17,Shipped,Shipped,CANDIDATE_CA,61.0,Intimates
72648,105432,10380,2024-01-17,Shipped,Shipped,CANDIDATE_CA,31.950000762939453,Intimates
72800,105656,12649,2024-01-09,Returned,Returned,EXCLUE_METIER,10.0,Intimates
72812,105673,13828,2024-01-11,Cancelled,Cancelled,EXCLUE_METIER,8.989999771118164,Accessories
72812,105674,9208,2024-01-08,Cancelled,Cancelled,EXCLUE_METIER,76.0,Socks & Hosiery
72836,105710,22261,2024-01-11,Shipped,Shipped,CANDIDATE_CA,38.9900016784668,Pants
72933,105842,23199,2024-01-19,Complete,Complete,CANDIDATE_CA,103.5,Shorts
72941,105852,24236,2024-01-27,Processing,Processing,A_VERIFIER_ETAT,168.0,Outerwear & Coats
72941,105853,27037,2024-01-24,Processing,Processing,A_VERIFIER_ETAT,23.1200008392334,Sleep & Lounge
72970,105891,1713,2024-01-29,Cancelled,Cancelled,EXCLUE_METIER,46.9900016784668,Fashion Hoodies & Sweatshirts
73105,106107,16535,2024-01-26,Returned,Returned,EXCLUE_METIER,45.5,Tops & Tees
73105,106108,21747,2024-01-25,Returned,Returned,EXCLUE_METIER,34.9900016784668,Pants
73125,106134,9084,2024-01-19,Shipped,Shipped,CANDIDATE_CA,11.25,Socks & Hosiery
73189,106237,22846,2024-01-29,Complete,Complete,CANDIDATE_CA,52.0,Shorts
73189,106238,26924,2024-01-30,Complete,Complete,CANDIDATE_CA,18.5,Sleep & Lounge
73225,106293,16748,2024-01-04,Returned,Returned,EXCLUE_METIER,18.979999542236328,Tops & Tees
73258,106339,1709,2024-01-22,Complete,Complete,CANDIDATE_CA,47.97999954223633,Fashion Hoodies & Sweatshirts
73280,106366,18194,2024-01-27,Processing,Processing,A_VERIFIER_ETAT,23.229999542236328,Active
73296,106393,19068,2024-01-17,Cancelled,Cancelled,EXCLUE_METIER,109.0,Sweaters
73296,106394,16405,2024-01-19,Cancelled,Cancelled,EXCLUE_METIER,22.049999237060547,Tops & Tees
73296,106395,16281,2024-01-20,Cancelled,Cancelled,EXCLUE_METIER,21.690000534057617,Tops & Tees
73324,106431,11969,2024-01-30,Complete,Complete,CANDIDATE_CA,23.989999771118164,Intimates
73361,106480,24726,2024-01-11,Returned,Returned,EXCLUE_METIER,18.0,Socks
73373,106498,10751,2024-01-08,Returned,Returned,EXCLUE_METIER,14.119999885559082,Intimates
73397,106534,6779,2024-01-09,Shipped,Shipped,CANDIDATE_CA,24.989999771118164,Shorts
73397,106535,12722,2024-01-08,Shipped,Shipped,CANDIDATE_CA,74.94999694824217,Swim
73605,106849,23077,2024-01-29,Returned,Returned,EXCLUE_METIER,44.5,Shorts
73650,106907,2761,2024-01-13,Cancelled,Cancelled,EXCLUE_METIER,42.0,Active
73650,106908,11325,2024-01-12,Cancelled,Cancelled,EXCLUE_METIER,40.0,Intimates
73662,106923,28818,2024-01-06,Shipped,Shipped,CANDIDATE_CA,39.950000762939446,Accessories
73792,107114,7874,2024-01-01,Shipped,Shipped,CANDIDATE_CA,50.9900016784668,Blazers & Jackets
73792,107115,2316,2024-01-05,Shipped,Shipped,CANDIDATE_CA,19.26000022888184,Fashion Hoodies & Sweatshirts
73792,107116,1356,2024-01-01,Shipped,Shipped,CANDIDATE_CA,139.0,Sweaters
73794,107118,21309,2024-01-13,Shipped,Shipped,CANDIDATE_CA,71.94999694824219,Jeans
73794,107119,21139,2024-01-14,Shipped,Shipped,CANDIDATE_CA,53.9900016784668,Jeans
73795,107120,3827,2024-01-31,Shipped,Shipped,CANDIDATE_CA,74.0,Dresses
73869,107212,25524,2024-01-07,Processing,Processing,A_VERIFIER_ETAT,41.9900016784668,Underwear
73888,107234,26945,2024-01-06,Processing,Processing,A_VERIFIER_ETAT,83.91999816894531,Sleep & Lounge
73944,107311,20408,2024-01-06,Complete,Complete,CANDIDATE_CA,79.94999694824217,Suits & Sport Coats
73952,107322,4848,2024-01-07,Cancelled,Cancelled,EXCLUE_METIER,110.0,Jeans
74034,107434,27292,2024-01-20,Cancelled,Cancelled,EXCLUE_METIER,89.5999984741211,Sleep & Lounge
74099,107533,10619,2024-01-15,Cancelled,Cancelled,EXCLUE_METIER,60.0,Intimates
74287,107796,105,2024-01-01,Processing,Processing,A_VERIFIER_ETAT,26.989999771118164,Tops & Tees
74395,107953,14898,2024-01-30,Cancelled,Cancelled,EXCLUE_METIER,58.0,Maternity
74395,107954,3176,2024-01-30,Cancelled,Cancelled,EXCLUE_METIER,158.0,Dresses
74412,107975,25276,2024-01-09,Complete,Complete,CANDIDATE_CA,2.990000009536743,Socks
74552,108182,15871,2024-01-15,Shipped,Shipped,CANDIDATE_CA,16.0,Plus
74552,108183,4375,2024-01-15,Shipped,Shipped,CANDIDATE_CA,25.0,Jeans
74660,108327,23464,2024-01-23,Processing,Processing,A_VERIFIER_ETAT,12.550000190734863,Shorts
74685,108359,28009,2024-01-16,Shipped,Shipped,CANDIDATE_CA,24.989999771118164,Swim
74776,108485,15464,2024-01-02,Processing,Processing,A_VERIFIER_ETAT,29.989999771118164,Plus
74776,108486,12504,2024-01-01,Processing,Processing,A_VERIFIER_ETAT,67.0,Intimates
74818,108551,28276,2024-01-15,Complete,Complete,CANDIDATE_CA,38.0,Swim
74838,108577,26402,2024-01-19,Processing,Processing,A_VERIFIER_ETAT,36.0,Underwear
75124,108978,11657,2024-01-21,Processing,Processing,A_VERIFIER_ETAT,17.979999542236328,Intimates
75147,109010,27185,2024-01-31,Cancelled,Cancelled,EXCLUE_METIER,25.0,Sleep & Lounge
75157,109024,14104,2024-01-22,Processing,Processing,A_VERIFIER_ETAT,63.950000762939446,Accessories
75157,109025,105,2024-01-24,Processing,Processing,A_VERIFIER_ETAT,26.989999771118164,Tops & Tees
75232,109134,13438,2024-01-12,Shipped,Shipped,CANDIDATE_CA,101.0,Swim
75427,109444,10274,2024-01-11,Shipped,Shipped,CANDIDATE_CA,79.98999786376953,Sleep & Lounge
75447,109468,8519,2024-01-19,Returned,Returned,EXCLUE_METIER,99.98999786376952,Outerwear & Coats
75689,109837,14641,2024-01-02,Processing,Processing,A_VERIFIER_ETAT,22.0,Maternity
75721,109884,27383,2024-01-15,Shipped,Shipped,CANDIDATE_CA,12.989999771118164,Sleep & Lounge
75737,109904,19676,2024-01-10,Processing,Processing,A_VERIFIER_ETAT,149.0,Sweaters
75820,110032,6772,2024-01-04,Shipped,Shipped,CANDIDATE_CA,9.84000015258789,Shorts
76005,110298,20171,2024-01-07,Complete,Complete,CANDIDATE_CA,598.0,Suits & Sport Coats
76032,110340,3149,2024-01-21,Returned,Returned,EXCLUE_METIER,163.0,Dresses
76051,110364,3563,2024-01-28,Processing,Processing,A_VERIFIER_ETAT,134.0,Dresses
76051,110365,14794,2024-01-29,Processing,Processing,A_VERIFIER_ETAT,65.0,Maternity
76051,110366,8875,2024-01-27,Processing,Processing,A_VERIFIER_ETAT,14.989999771118164,Socks & Hosiery
76055,110371,27229,2024-01-21,Complete,Complete,CANDIDATE_CA,17.989999771118164,Sleep & Lounge
76055,110372,26148,2024-01-19,Complete,Complete,CANDIDATE_CA,24.0,Underwear
76778,111429,24881,2024-01-04,Complete,Complete,CANDIDATE_CA,12.0,Socks
76879,111578,24501,2024-01-24,Complete,Complete,CANDIDATE_CA,20.0,Socks
76920,111635,13217,2024-01-15,Processing,Processing,A_VERIFIER_ETAT,40.9900016784668,Swim
76920,111636,568,2024-01-16,Processing,Processing,A_VERIFIER_ETAT,112.45999908447266,Tops & Tees
77096,111909,3235,2024-01-04,Returned,Returned,EXCLUE_METIER,98.0,Dresses
77159,111991,11654,2024-01-12,Returned,Returned,EXCLUE_METIER,38.0,Intimates
77237,112095,684,2024-01-15,Shipped,Shipped,CANDIDATE_CA,27.989999771118164,Tops & Tees
77237,112096,6063,2024-01-16,Shipped,Shipped,CANDIDATE_CA,5.989999771118164,Leggings
77290,112161,21835,2024-01-31,Complete,Complete,CANDIDATE_CA,64.94999694824219,Pants
77386,112294,21633,2024-01-12,Complete,Complete,CANDIDATE_CA,69.5,Jeans
77393,112303,6212,2024-01-27,Cancelled,Cancelled,EXCLUE_METIER,9.949999809265137,Leggings
77393,112304,15351,2024-01-25,Cancelled,Cancelled,EXCLUE_METIER,75.06999969482422,Plus
77404,112322,19205,2024-01-03,Shipped,Shipped,CANDIDATE_CA,107.09999847412108,Sweaters
77494,112447,19866,2024-01-22,Cancelled,Cancelled,EXCLUE_METIER,264.0,Suits & Sport Coats
77509,112467,15935,2024-01-15,Shipped,Shipped,CANDIDATE_CA,25.0,Plus
77516,112474,15581,2024-01-19,Complete,Complete,CANDIDATE_CA,11.079999923706056,Plus
77516,112475,13850,2024-01-17,Complete,Complete,CANDIDATE_CA,11.130000114440918,Accessories
77544,112518,19965,2024-01-23,Cancelled,Cancelled,EXCLUE_METIER,81.98999786376953,Suits & Sport Coats
77566,112556,4493,2024-01-02,Cancelled,Cancelled,EXCLUE_METIER,46.0,Jeans
77571,112562,18524,2024-01-21,Shipped,Shipped,CANDIDATE_CA,68.01000213623047,Active
77978,113159,17567,2024-01-19,Processing,Processing,A_VERIFIER_ETAT,19.979999542236328,Fashion Hoodies & Sweatshirts
78035,113243,17409,2024-01-31,Shipped,Shipped,CANDIDATE_CA,54.950000762939446,Fashion Hoodies & Sweatshirts
78055,113273,22737,2024-01-04,Processing,Processing,A_VERIFIER_ETAT,125.0,Shorts
78055,113274,20573,2024-01-04,Processing,Processing,A_VERIFIER_ETAT,50.150001525878906,Jeans
78214,113519,27158,2024-01-04,Complete,Complete,CANDIDATE_CA,49.9900016784668,Sleep & Lounge
78240,113552,6322,2024-01-25,Cancelled,Cancelled,EXCLUE_METIER,21.5,Shorts
78240,113553,15598,2024-01-28,Cancelled,Cancelled,EXCLUE_METIER,6.789999961853027,Plus
78240,113554,7348,2024-01-27,Cancelled,Cancelled,EXCLUE_METIER,33.88999938964844,Skirts
78404,113789,3044,2024-01-26,Complete,Complete,CANDIDATE_CA,175.0,Active
78523,113967,7399,2024-01-05,Complete,Complete,CANDIDATE_CA,89.0,Skirts
78523,113968,13725,2024-01-07,Complete,Complete,CANDIDATE_CA,31.989999771118164,Accessories
78523,113969,13421,2024-01-09,Complete,Complete,CANDIDATE_CA,41.9900016784668,Swim
78680,114187,11915,2024-01-17,Processing,Processing,A_VERIFIER_ETAT,59.0,Intimates
78680,114188,8239,2024-01-14,Processing,Processing,A_VERIFIER_ETAT,127.51000213623048,Suits
78680,114189,14059,2024-01-15,Processing,Processing,A_VERIFIER_ETAT,80.6500015258789,Accessories
78680,114190,2595,2024-01-14,Processing,Processing,A_VERIFIER_ETAT,22.0,Active
78747,114290,3850,2024-01-21,Complete,Complete,CANDIDATE_CA,79.0,Dresses
78747,114291,2760,2024-01-20,Complete,Complete,CANDIDATE_CA,15.989999771118164,Active
78755,114301,5606,2024-01-15,Processing,Processing,A_VERIFIER_ETAT,32.0,Pants & Capris
78836,114408,3938,2024-01-15,Complete,Complete,CANDIDATE_CA,9.989999771118164,Dresses
78914,114509,17813,2024-01-27,Processing,Processing,A_VERIFIER_ETAT,35.959999084472656,Fashion Hoodies & Sweatshirts
78914,114510,23899,2024-01-26,Processing,Processing,A_VERIFIER_ETAT,99.5,Outerwear & Coats
79076,114738,3242,2024-01-22,Complete,Complete,CANDIDATE_CA,58.799999237060554,Dresses
79149,114859,14509,2024-01-31,Shipped,Shipped,CANDIDATE_CA,39.5,Maternity
79256,115001,3783,2024-01-21,Complete,Complete,CANDIDATE_CA,50.16999816894531,Dresses
79357,115134,16046,2024-01-29,Shipped,Shipped,CANDIDATE_CA,125.0,Tops & Tees
79381,115172,11378,2024-01-15,Complete,Complete,CANDIDATE_CA,19.950000762939453,Intimates
79428,115245,9098,2024-01-02,Shipped,Shipped,CANDIDATE_CA,16.950000762939453,Socks & Hosiery
79503,115349,27633,2024-01-30,Shipped,Shipped,CANDIDATE_CA,12.899999618530272,Swim
79663,115590,27267,2024-01-14,Complete,Complete,CANDIDATE_CA,32.0,Sleep & Lounge
79960,116030,20122,2024-01-21,Complete,Complete,CANDIDATE_CA,45.0,Suits & Sport Coats
79960,116031,19492,2024-01-20,Complete,Complete,CANDIDATE_CA,39.9900016784668,Sweaters
80086,116215,20971,2024-01-14,Cancelled,Cancelled,EXCLUE_METIER,49.9900016784668,Jeans
80086,116216,28134,2024-01-12,Cancelled,Cancelled,EXCLUE_METIER,59.5,Swim
80207,116383,17236,2024-01-13,Shipped,Shipped,CANDIDATE_CA,77.83999633789062,Fashion Hoodies & Sweatshirts
80230,116418,9316,2024-01-02,Complete,Complete,CANDIDATE_CA,12.989999771118164,Socks & Hosiery
80302,116527,25788,2024-01-21,Returned,Returned,EXCLUE_METIER,26.0,Underwear
80302,116528,18455,2024-01-18,Returned,Returned,EXCLUE_METIER,32.95000076293945,Active
80302,116529,19765,2024-01-22,Returned,Returned,EXCLUE_METIER,78.75,Sweaters
80378,116640,7250,2024-01-01,Shipped,Shipped,CANDIDATE_CA,79.98999786376953,Skirts
80429,116709,2607,2024-01-17,Shipped,Shipped,CANDIDATE_CA,41.97999954223633,Active
80436,116718,11731,2024-01-05,Shipped,Shipped,CANDIDATE_CA,28.0,Intimates
80436,116719,10121,2024-01-05,Shipped,Shipped,CANDIDATE_CA,27.989999771118164,Sleep & Lounge
80436,116720,15799,2024-01-02,Shipped,Shipped,CANDIDATE_CA,27.989999771118164,Plus
80481,116800,17769,2024-01-07,Cancelled,Cancelled,EXCLUE_METIER,49.950000762939446,Fashion Hoodies & Sweatshirts
80481,116801,20084,2024-01-09,Cancelled,Cancelled,EXCLUE_METIER,19.989999771118164,Suits & Sport Coats
80558,116927,11607,2024-01-13,Shipped,Shipped,CANDIDATE_CA,56.950000762939446,Intimates
80626,117035,11680,2024-01-30,Processing,Processing,A_VERIFIER_ETAT,50.0,Intimates
80626,117036,13144,2024-01-30,Processing,Processing,A_VERIFIER_ETAT,92.61000061035155,Swim
80691,117124,9362,2024-01-31,Complete,Complete,CANDIDATE_CA,13.0,Socks & Hosiery
80777,117254,17125,2024-01-27,Returned,Returned,EXCLUE_METIER,43.180000305175774,Fashion Hoodies & Sweatshirts
80794,117281,8577,2024-01-16,Complete,Complete,CANDIDATE_CA,105.55999755859376,Outerwear & Coats
80867,117391,23054,2024-01-15,Shipped,Shipped,CANDIDATE_CA,64.0,Shorts
80928,117475,17930,2024-01-27,Cancelled,Cancelled,EXCLUE_METIER,71.98999786376953,Fashion Hoodies & Sweatshirts
80928,117476,26152,2024-01-28,Cancelled,Cancelled,EXCLUE_METIER,23.0,Underwear
81049,117656,3793,2024-01-06,Cancelled,Cancelled,EXCLUE_METIER,248.0,Dresses
81174,117841,14459,2024-01-30,Complete,Complete,CANDIDATE_CA,88.0,Maternity
81174,117842,6017,2024-01-27,Complete,Complete,CANDIDATE_CA,17.989999771118164,Leggings
81174,117843,13483,2024-01-27,Complete,Complete,CANDIDATE_CA,52.0,Swim
81248,117943,8406,2024-01-19,Shipped,Shipped,CANDIDATE_CA,80.0,Outerwear & Coats
81314,118040,12885,2024-01-26,Processing,Processing,A_VERIFIER_ETAT,29.950000762939453,Swim
81547,118389,25832,2024-01-23,Shipped,Shipped,CANDIDATE_CA,39.0,Underwear
81586,118440,10179,2024-01-15,Complete,Complete,CANDIDATE_CA,259.0,Sleep & Lounge
81586,118441,13244,2024-01-18,Complete,Complete,CANDIDATE_CA,34.9900016784668,Swim
81586,118442,6105,2024-01-15,Complete,Complete,CANDIDATE_CA,31.989999771118164,Leggings
81678,118571,19935,2024-01-02,Complete,Complete,CANDIDATE_CA,49.9900016784668,Suits & Sport Coats
81744,118664,5073,2024-01-09,Complete,Complete,CANDIDATE_CA,135.0,Jeans
81759,118682,7713,2024-01-23,Shipped,Shipped,CANDIDATE_CA,58.5,Blazers & Jackets
81854,118811,5508,2024-01-30,Cancelled,Cancelled,EXCLUE_METIER,9.970000267028809,Pants & Capris
81931,118912,8559,2024-01-22,Shipped,Shipped,CANDIDATE_CA,27.950000762939453,Outerwear & Coats
82189,119269,16569,2024-01-09,Cancelled,Cancelled,EXCLUE_METIER,29.989999771118164,Tops & Tees
82366,119508,26088,2024-01-25,Processing,Processing,A_VERIFIER_ETAT,29.0,Underwear
82366,119509,17164,2024-01-27,Processing,Processing,A_VERIFIER_ETAT,44.9900016784668,Fashion Hoodies & Sweatshirts
82517,119721,6572,2024-01-31,Shipped,Shipped,CANDIDATE_CA,78.0,Shorts
82525,119733,7211,2024-01-02,Complete,Complete,CANDIDATE_CA,25.0,Skirts
82525,119734,883,2024-01-01,Complete,Complete,CANDIDATE_CA,166.5,Sweaters
82562,119783,1718,2024-01-01,Processing,Processing,A_VERIFIER_ETAT,38.0,Fashion Hoodies & Sweatshirts
82594,119830,16230,2024-01-14,Cancelled,Cancelled,EXCLUE_METIER,49.950000762939446,Tops & Tees
82594,119831,27649,2024-01-15,Cancelled,Cancelled,EXCLUE_METIER,62.0,Swim
82611,119851,8973,2024-01-24,Shipped,Shipped,CANDIDATE_CA,18.420000076293945,Socks & Hosiery
82657,119915,53,2024-01-14,Cancelled,Cancelled,EXCLUE_METIER,64.0,Tops & Tees
82942,120331,23932,2024-01-12,Processing,Processing,A_VERIFIER_ETAT,399.0,Outerwear & Coats
82950,120340,8631,2024-01-23,Processing,Processing,A_VERIFIER_ETAT,180.0,Outerwear & Coats
82950,120341,9341,2024-01-23,Processing,Processing,A_VERIFIER_ETAT,12.989999771118164,Socks & Hosiery
83084,120540,18131,2024-01-17,Shipped,Shipped,CANDIDATE_CA,28.0,Active
83084,120541,25016,2024-01-17,Shipped,Shipped,CANDIDATE_CA,13.989999771118164,Socks
83229,120763,12236,2024-01-21,Processing,Processing,A_VERIFIER_ETAT,84.98999786376953,Intimates
83288,120857,21761,2024-01-09,Shipped,Shipped,CANDIDATE_CA,39.9900016784668,Pants
83288,120858,25611,2024-01-08,Shipped,Shipped,CANDIDATE_CA,27.0,Underwear
83318,120907,9817,2024-01-18,Shipped,Shipped,CANDIDATE_CA,88.0,Sleep & Lounge
83318,120908,809,2024-01-18,Shipped,Shipped,CANDIDATE_CA,43.970001220703125,Sweaters
83318,120909,524,2024-01-17,Shipped,Shipped,CANDIDATE_CA,12.229999542236328,Tops & Tees
83318,120910,13351,2024-01-18,Shipped,Shipped,CANDIDATE_CA,54.0,Swim
83352,120957,4804,2024-01-20,Complete,Complete,CANDIDATE_CA,154.0,Jeans
83378,120996,9209,2024-01-07,Cancelled,Cancelled,EXCLUE_METIER,10.0,Socks & Hosiery
83470,121131,24138,2024-01-28,Complete,Complete,CANDIDATE_CA,450.0,Outerwear & Coats
83470,121132,24684,2024-01-26,Complete,Complete,CANDIDATE_CA,12.0,Socks
83475,121140,3696,2024-01-29,Complete,Complete,CANDIDATE_CA,39.9900016784668,Dresses
83639,121366,2808,2024-01-31,Shipped,Shipped,CANDIDATE_CA,59.9900016784668,Active
83688,121438,10782,2024-01-06,Shipped,Shipped,CANDIDATE_CA,10.5,Intimates
83688,121439,389,2024-01-09,Shipped,Shipped,CANDIDATE_CA,23.989999771118164,Tops & Tees
83752,121530,27634,2024-01-20,Shipped,Shipped,CANDIDATE_CA,45.0,Swim
83752,121531,20401,2024-01-19,Shipped,Shipped,CANDIDATE_CA,79.94999694824217,Suits & Sport Coats
83858,121674,20981,2024-01-21,Complete,Complete,CANDIDATE_CA,78.0,Jeans
83858,121675,19207,2024-01-24,Complete,Complete,CANDIDATE_CA,39.9900016784668,Sweaters
83858,121676,21947,2024-01-25,Complete,Complete,CANDIDATE_CA,29.989999771118164,Pants
83867,121687,21531,2024-01-23,Complete,Complete,CANDIDATE_CA,325.0,Jeans
83867,121688,25646,2024-01-23,Complete,Complete,CANDIDATE_CA,30.0,Underwear
84061,121968,12462,2024-01-08,Cancelled,Cancelled,EXCLUE_METIER,29.950000762939453,Intimates
84088,122009,13249,2024-01-10,Processing,Processing,A_VERIFIER_ETAT,38.0,Swim
84104,122034,16173,2024-01-03,Shipped,Shipped,CANDIDATE_CA,54.9900016784668,Tops & Tees
84120,122057,20787,2024-01-30,Shipped,Shipped,CANDIDATE_CA,64.94999694824219,Jeans
84164,122117,20809,2024-01-02,Shipped,Shipped,CANDIDATE_CA,31.489999771118164,Jeans
84186,122149,8618,2024-01-22,Shipped,Shipped,CANDIDATE_CA,190.0,Outerwear & Coats
84269,122276,21778,2024-01-19,Processing,Processing,A_VERIFIER_ETAT,46.9900016784668,Pants
84269,122277,19071,2024-01-19,Processing,Processing,A_VERIFIER_ETAT,81.2699966430664,Sweaters
84277,122287,5846,2024-01-22,Returned,Returned,EXCLUE_METIER,14.899999618530272,Leggings
84517,122642,4890,2024-01-02,Complete,Complete,CANDIDATE_CA,75.77999877929686,Jeans
84519,122644,22768,2024-01-04,Cancelled,Cancelled,EXCLUE_METIER,38.0,Shorts
84519,122645,28609,2024-01-03,Cancelled,Cancelled,EXCLUE_METIER,31.979999542236328,Accessories
84519,122646,17072,2024-01-05,Cancelled,Cancelled,EXCLUE_METIER,49.0,Fashion Hoodies & Sweatshirts
84543,122683,15513,2024-01-29,Cancelled,Cancelled,EXCLUE_METIER,47.9900016784668,Plus
84558,122702,10874,2024-01-07,Shipped,Shipped,CANDIDATE_CA,25.0,Intimates
84558,122703,5359,2024-01-07,Shipped,Shipped,CANDIDATE_CA,25.0,Pants & Capris
84558,122704,10689,2024-01-04,Shipped,Shipped,CANDIDATE_CA,124.8000030517578,Intimates
84558,122705,11175,2024-01-05,Shipped,Shipped,CANDIDATE_CA,87.58000183105469,Intimates
84653,122840,5768,2024-01-16,Shipped,Shipped,CANDIDATE_CA,27.950000762939453,Leggings
84655,122843,8480,2024-01-07,Processing,Processing,A_VERIFIER_ETAT,159.9499969482422,Outerwear & Coats
84655,122844,12479,2024-01-05,Processing,Processing,A_VERIFIER_ETAT,36.950000762939446,Intimates
84655,122845,9374,2024-01-08,Processing,Processing,A_VERIFIER_ETAT,15.539999961853027,Socks & Hosiery
84655,122846,4500,2024-01-08,Processing,Processing,A_VERIFIER_ETAT,167.0,Jeans
84675,122876,13353,2024-01-31,Processing,Processing,A_VERIFIER_ETAT,98.0,Swim
84707,122919,16919,2024-01-30,Cancelled,Cancelled,EXCLUE_METIER,125.0,Tops & Tees
84785,123029,16272,2024-01-13,Cancelled,Cancelled,EXCLUE_METIER,48.9900016784668,Tops & Tees
84785,123030,20080,2024-01-13,Cancelled,Cancelled,EXCLUE_METIER,199.9900054931641,Suits & Sport Coats
84785,123031,23021,2024-01-14,Cancelled,Cancelled,EXCLUE_METIER,89.0,Shorts
84898,123200,13097,2024-01-07,Cancelled,Cancelled,EXCLUE_METIER,80.0,Swim
85071,123438,10111,2024-01-19,Cancelled,Cancelled,EXCLUE_METIER,39.950000762939446,Sleep & Lounge
85231,123667,18431,2024-01-09,Returned,Returned,EXCLUE_METIER,25.0,Active
85231,123668,23470,2024-01-09,Returned,Returned,EXCLUE_METIER,69.5,Shorts
85399,123905,380,2024-01-31,Cancelled,Cancelled,EXCLUE_METIER,22.989999771118164,Tops & Tees
85577,124172,11127,2024-01-16,Processing,Processing,A_VERIFIER_ETAT,35.0,Intimates
85582,124179,13938,2024-01-13,Cancelled,Cancelled,EXCLUE_METIER,49.9900016784668,Accessories
85582,124180,5045,2024-01-14,Cancelled,Cancelled,EXCLUE_METIER,198.0,Jeans
85659,124284,13070,2024-01-19,Processing,Processing,A_VERIFIER_ETAT,29.0,Swim
85938,124670,11084,2024-01-25,Shipped,Shipped,CANDIDATE_CA,18.0,Intimates
86013,124776,3250,2024-01-17,Cancelled,Cancelled,EXCLUE_METIER,138.0,Dresses
86087,124871,19266,2024-01-04,Processing,Processing,A_VERIFIER_ETAT,132.3000030517578,Sweaters
86244,125095,9318,2024-01-19,Processing,Processing,A_VERIFIER_ETAT,6.989999771118164,Socks & Hosiery
86338,125233,12929,2024-01-20,Cancelled,Cancelled,EXCLUE_METIER,128.0,Swim
86338,125234,1679,2024-01-22,Cancelled,Cancelled,EXCLUE_METIER,59.5,Fashion Hoodies & Sweatshirts
86362,125274,2893,2024-01-14,Returned,Returned,EXCLUE_METIER,25.0,Active
86445,125395,23,2024-01-24,Complete,Complete,CANDIDATE_CA,59.5,Tops & Tees
86483,125454,18840,2024-01-28,Complete,Complete,CANDIDATE_CA,82.5999984741211,Sweaters
86498,125477,11380,2024-01-14,Complete,Complete,CANDIDATE_CA,25.0,Intimates
86508,125495,26531,2024-01-30,Processing,Processing,A_VERIFIER_ETAT,28.0,Sleep & Lounge
86511,125498,23005,2024-01-13,Shipped,Shipped,CANDIDATE_CA,49.5,Shorts
86529,125525,12137,2024-01-08,Complete,Complete,CANDIDATE_CA,19.989999771118164,Intimates
86529,125526,6867,2024-01-07,Complete,Complete,CANDIDATE_CA,14.75,Shorts
86539,125539,14498,2024-01-14,Processing,Processing,A_VERIFIER_ETAT,28.989999771118164,Maternity
86630,125670,7624,2024-01-30,Processing,Processing,A_VERIFIER_ETAT,98.66000366210936,Blazers & Jackets
86685,125746,1024,2024-01-04,Processing,Processing,A_VERIFIER_ETAT,150.0,Sweaters
86706,125775,5034,2024-01-08,Returned,Returned,EXCLUE_METIER,34.900001525878906,Jeans
86728,125799,1585,2024-01-15,Shipped,Shipped,CANDIDATE_CA,108.0,Fashion Hoodies & Sweatshirts
86915,126080,19492,2024-01-05,Processing,Processing,A_VERIFIER_ETAT,39.9900016784668,Sweaters
86952,126141,27579,2024-01-23,Processing,Processing,A_VERIFIER_ETAT,35.0,Swim
86960,126151,10860,2024-01-09,Complete,Complete,CANDIDATE_CA,10.5,Intimates
86960,126152,1523,2024-01-06,Complete,Complete,CANDIDATE_CA,117.98999786376952,Fashion Hoodies & Sweatshirts
87087,126324,21073,2024-01-20,Complete,Complete,CANDIDATE_CA,69.0,Jeans
87087,126325,20679,2024-01-19,Complete,Complete,CANDIDATE_CA,29.989999771118164,Jeans
87087,126326,22768,2024-01-21,Complete,Complete,CANDIDATE_CA,38.0,Shorts
87087,126327,24846,2024-01-17,Complete,Complete,CANDIDATE_CA,19.989999771118164,Socks
87150,126424,27282,2024-01-27,Complete,Complete,CANDIDATE_CA,45.16999816894531,Sleep & Lounge
87289,126631,11559,2024-01-29,Processing,Processing,A_VERIFIER_ETAT,11.989999771118164,Intimates
87502,126926,23487,2024-01-05,Returned,Returned,EXCLUE_METIER,55.0,Shorts
87568,127017,27738,2024-01-24,Processing,Processing,A_VERIFIER_ETAT,55.0,Swim
87568,127018,29075,2024-01-24,Processing,Processing,A_VERIFIER_ETAT,12.390000343322754,Accessories
87606,127067,17012,2024-01-08,Shipped,Shipped,CANDIDATE_CA,25.0,Tops & Tees
87614,127079,9382,2024-01-08,Processing,Processing,A_VERIFIER_ETAT,12.590000152587892,Socks & Hosiery
87614,127080,4317,2024-01-07,Processing,Processing,A_VERIFIER_ETAT,24.989999771118164,Jeans
87763,127303,3650,2024-01-02,Cancelled,Cancelled,EXCLUE_METIER,59.700000762939446,Dresses
87847,127438,13397,2024-01-01,Complete,Complete,CANDIDATE_CA,98.0,Swim
87946,127586,26780,2024-01-21,Complete,Complete,CANDIDATE_CA,32.4900016784668,Sleep & Lounge
87946,127587,28282,2024-01-21,Complete,Complete,CANDIDATE_CA,59.5,Swim
88001,127667,17711,2024-01-20,Complete,Complete,CANDIDATE_CA,170.00999450683594,Fashion Hoodies & Sweatshirts
88042,127722,26227,2024-01-18,Shipped,Shipped,CANDIDATE_CA,29.0,Underwear
88042,127723,19737,2024-01-17,Shipped,Shipped,CANDIDATE_CA,33.9900016784668,Sweaters
88119,127840,23131,2024-01-02,Shipped,Shipped,CANDIDATE_CA,34.9900016784668,Shorts
88610,128545,11657,2024-01-08,Shipped,Shipped,CANDIDATE_CA,17.979999542236328,Intimates
88639,128595,19699,2024-01-21,Processing,Processing,A_VERIFIER_ETAT,52.0,Sweaters
88664,128636,1488,2024-01-03,Cancelled,Cancelled,EXCLUE_METIER,24.989999771118164,Sweaters
88740,128747,16074,2024-01-15,Shipped,Shipped,CANDIDATE_CA,39.9900016784668,Tops & Tees
88807,128837,25506,2024-01-08,Complete,Complete,CANDIDATE_CA,21.5,Underwear
88889,128943,19426,2024-01-31,Returned,Returned,EXCLUE_METIER,52.0,Sweaters
88957,129037,12381,2024-01-30,Processing,Processing,A_VERIFIER_ETAT,38.950000762939446,Intimates
88967,129053,14177,2024-01-25,Processing,Processing,A_VERIFIER_ETAT,29.899999618530277,Accessories
89067,129206,5884,2024-01-12,Complete,Complete,CANDIDATE_CA,19.989999771118164,Leggings
89100,129249,16810,2024-01-20,Returned,Returned,EXCLUE_METIER,25.0,Tops & Tees
89368,129646,1297,2024-01-11,Processing,Processing,A_VERIFIER_ETAT,86.61000061035155,Sweaters
89368,129647,4248,2024-01-11,Processing,Processing,A_VERIFIER_ETAT,89.5,Jeans
89475,129797,20575,2024-01-10,Complete,Complete,CANDIDATE_CA,66.55000305175781,Jeans
89488,129817,563,2024-01-18,Complete,Complete,CANDIDATE_CA,64.0,Tops & Tees
89543,129892,28621,2024-01-23,Shipped,Shipped,CANDIDATE_CA,124.0,Accessories
89630,130021,5600,2024-01-16,Processing,Processing,A_VERIFIER_ETAT,41.959999084472656,Pants & Capris
89759,130210,26739,2024-01-10,Complete,Complete,CANDIDATE_CA,9.949999809265137,Sleep & Lounge
89760,130211,18471,2024-01-07,Complete,Complete,CANDIDATE_CA,23.989999771118164,Active
89770,130228,19181,2024-01-11,Complete,Complete,CANDIDATE_CA,39.9900016784668,Sweaters
89770,130229,21591,2024-01-08,Complete,Complete,CANDIDATE_CA,167.0,Jeans
89770,130230,25945,2024-01-07,Complete,Complete,CANDIDATE_CA,47.950000762939446,Underwear
89797,130267,28042,2024-01-24,Processing,Processing,A_VERIFIER_ETAT,65.0,Swim
89830,130312,24609,2024-01-24,Processing,Processing,A_VERIFIER_ETAT,12.739999771118164,Socks
89830,130313,24720,2024-01-26,Processing,Processing,A_VERIFIER_ETAT,10.0,Socks
89837,130323,18324,2024-01-21,Processing,Processing,A_VERIFIER_ETAT,48.0,Active
89843,130332,13058,2024-01-15,Shipped,Shipped,CANDIDATE_CA,24.989999771118164,Swim
89843,130333,9431,2024-01-14,Shipped,Shipped,CANDIDATE_CA,10.989999771118164,Socks & Hosiery
89954,130503,3138,2024-01-14,Returned,Returned,EXCLUE_METIER,140.0,Dresses
89958,130507,20887,2024-01-20,Processing,Processing,A_VERIFIER_ETAT,169.0,Jeans
90018,130592,27119,2024-01-14,Shipped,Shipped,CANDIDATE_CA,25.0,Sleep & Lounge
90044,130634,17982,2024-01-01,Cancelled,Cancelled,EXCLUE_METIER,40.880001068115234,Fashion Hoodies & Sweatshirts
90153,130789,12321,2024-01-01,Shipped,Shipped,CANDIDATE_CA,28.0,Intimates
90163,130807,27688,2024-01-29,Returned,Returned,EXCLUE_METIER,60.0,Swim
90163,130808,28055,2024-01-27,Returned,Returned,EXCLUE_METIER,59.0,Swim
90182,130834,13183,2024-01-06,Complete,Complete,CANDIDATE_CA,29.0,Swim
90182,130835,7322,2024-01-04,Complete,Complete,CANDIDATE_CA,59.9900016784668,Skirts
90197,130857,19265,2024-01-24,Processing,Processing,A_VERIFIER_ETAT,148.0,Sweaters
90343,131072,19108,2024-01-26,Shipped,Shipped,CANDIDATE_CA,129.0,Sweaters
90343,131073,19514,2024-01-25,Shipped,Shipped,CANDIDATE_CA,145.0,Sweaters
90347,131077,27131,2024-01-11,Complete,Complete,CANDIDATE_CA,27.0,Sleep & Lounge
90381,131130,5426,2024-01-13,Shipped,Shipped,CANDIDATE_CA,29.989999771118164,Pants & Capris
90583,131432,15990,2024-01-29,Processing,Processing,A_VERIFIER_ETAT,32.0,Tops & Tees
90605,131464,25103,2024-01-05,Processing,Processing,A_VERIFIER_ETAT,44.950000762939446,Socks
90605,131465,20709,2024-01-02,Processing,Processing,A_VERIFIER_ETAT,53.0,Jeans
90674,131573,10380,2024-01-10,Returned,Returned,EXCLUE_METIER,31.950000762939453,Intimates
90722,131644,9299,2024-01-15,Returned,Returned,EXCLUE_METIER,6.5,Socks & Hosiery
90755,131689,7444,2024-01-24,Processing,Processing,A_VERIFIER_ETAT,99.98999786376952,Skirts
90781,131718,24918,2024-01-25,Processing,Processing,A_VERIFIER_ETAT,12.210000038146973,Socks
90787,131732,10142,2024-01-09,Processing,Processing,A_VERIFIER_ETAT,39.950000762939446,Sleep & Lounge
90787,131733,14297,2024-01-12,Processing,Processing,A_VERIFIER_ETAT,143.49000549316406,Accessories
90810,131767,27554,2024-01-25,Returned,Returned,EXCLUE_METIER,52.0,Swim
90810,131768,16404,2024-01-23,Returned,Returned,EXCLUE_METIER,25.0,Tops & Tees
90830,131796,7801,2024-01-21,Returned,Returned,EXCLUE_METIER,398.0,Blazers & Jackets
90880,131867,23683,2024-01-29,Shipped,Shipped,CANDIDATE_CA,99.98999786376952,Outerwear & Coats
90880,131868,23271,2024-01-29,Shipped,Shipped,CANDIDATE_CA,45.0,Shorts
91194,132298,9824,2024-01-03,Processing,Processing,A_VERIFIER_ETAT,54.9900016784668,Sleep & Lounge
91218,132332,24666,2024-01-21,Complete,Complete,CANDIDATE_CA,16.440000534057617,Socks
91218,132333,21117,2024-01-20,Complete,Complete,CANDIDATE_CA,319.0,Jeans
91218,132334,25442,2024-01-18,Complete,Complete,CANDIDATE_CA,110.0,Underwear
91335,132507,7032,2024-01-07,Processing,Processing,A_VERIFIER_ETAT,28.5,Shorts
91489,132735,16234,2024-01-30,Processing,Processing,A_VERIFIER_ETAT,29.989999771118164,Tops & Tees
91489,132736,19949,2024-01-27,Processing,Processing,A_VERIFIER_ETAT,129.99000549316406,Suits & Sport Coats
91597,132891,28247,2024-01-28,Shipped,Shipped,CANDIDATE_CA,89.5,Swim
91653,132982,4217,2024-01-08,Processing,Processing,A_VERIFIER_ETAT,69.0,Jeans
91785,133162,620,2024-01-08,Cancelled,Cancelled,EXCLUE_METIER,25.0,Tops & Tees
91785,133163,5962,2024-01-11,Cancelled,Cancelled,EXCLUE_METIER,27.950000762939453,Leggings
91785,133164,10664,2024-01-11,Cancelled,Cancelled,EXCLUE_METIER,35.0,Intimates
91830,133230,1789,2024-01-01,Processing,Processing,A_VERIFIER_ETAT,18.6299991607666,Fashion Hoodies & Sweatshirts
91835,133238,21554,2024-01-07,Cancelled,Cancelled,EXCLUE_METIER,89.98999786376953,Jeans
91857,133270,21716,2024-01-30,Returned,Returned,EXCLUE_METIER,41.83000183105469,Pants
91942,133381,12972,2024-01-21,Complete,Complete,CANDIDATE_CA,66.0,Swim
91942,133382,8856,2024-01-18,Complete,Complete,CANDIDATE_CA,18.899999618530277,Socks & Hosiery
91942,133383,479,2024-01-20,Complete,Complete,CANDIDATE_CA,80.0,Tops & Tees
92084,133587,11008,2024-01-03,Cancelled,Cancelled,EXCLUE_METIER,10.5,Intimates
92085,133588,24069,2024-01-15,Processing,Processing,A_VERIFIER_ETAT,284.75,Outerwear & Coats
92125,133648,23979,2024-01-24,Complete,Complete,CANDIDATE_CA,39.9900016784668,Outerwear & Coats
92125,133649,19940,2024-01-22,Complete,Complete,CANDIDATE_CA,139.99000549316406,Suits & Sport Coats
92247,133824,21947,2024-01-24,Shipped,Shipped,CANDIDATE_CA,29.989999771118164,Pants
92279,133870,10016,2024-01-21,Returned,Returned,EXCLUE_METIER,7.989999771118163,Sleep & Lounge
92435,134091,2274,2024-01-10,Processing,Processing,A_VERIFIER_ETAT,32.16999816894531,Fashion Hoodies & Sweatshirts
92435,134092,14355,2024-01-11,Processing,Processing,A_VERIFIER_ETAT,18.0,Maternity
92435,134093,7785,2024-01-12,Processing,Processing,A_VERIFIER_ETAT,89.0,Blazers & Jackets
92445,134104,17931,2024-01-08,Returned,Returned,EXCLUE_METIER,23.030000686645508,Fashion Hoodies & Sweatshirts
92542,134246,25920,2024-01-21,Complete,Complete,CANDIDATE_CA,40.0,Underwear
92542,134247,19341,2024-01-22,Complete,Complete,CANDIDATE_CA,23.479999542236328,Sweaters
92542,134248,21350,2024-01-25,Complete,Complete,CANDIDATE_CA,135.0,Jeans
92542,134249,22261,2024-01-25,Complete,Complete,CANDIDATE_CA,38.9900016784668,Pants
92565,134283,14907,2024-01-25,Complete,Complete,CANDIDATE_CA,34.9900016784668,Maternity
92612,134349,21754,2024-01-06,Cancelled,Cancelled,EXCLUE_METIER,36.9900016784668,Pants
92612,134350,27042,2024-01-09,Cancelled,Cancelled,EXCLUE_METIER,49.950000762939446,Sleep & Lounge
92612,134351,26908,2024-01-05,Cancelled,Cancelled,EXCLUE_METIER,41.060001373291016,Sleep & Lounge
92612,134352,26913,2024-01-07,Cancelled,Cancelled,EXCLUE_METIER,59.9900016784668,Sleep & Lounge
92647,134399,5607,2024-01-04,Shipped,Shipped,CANDIDATE_CA,198.83999633789065,Pants & Capris
92654,134408,19718,2024-01-21,Complete,Complete,CANDIDATE_CA,61.7400016784668,Sweaters
92933,134806,20589,2024-01-30,Returned,Returned,EXCLUE_METIER,43.5099983215332,Jeans
93200,135203,5478,2024-01-11,Processing,Processing,A_VERIFIER_ETAT,78.45999908447266,Pants & Capris
93295,135345,8586,2024-01-31,Complete,Complete,CANDIDATE_CA,27.950000762939453,Outerwear & Coats
93471,135601,17363,2024-01-27,Shipped,Shipped,CANDIDATE_CA,87.88999938964845,Fashion Hoodies & Sweatshirts
93471,135602,21347,2024-01-27,Shipped,Shipped,CANDIDATE_CA,69.94999694824219,Jeans
93509,135654,17174,2024-01-04,Complete,Complete,CANDIDATE_CA,79.98999786376953,Fashion Hoodies & Sweatshirts
93515,135660,4691,2024-01-12,Cancelled,Cancelled,EXCLUE_METIER,135.25999450683594,Jeans
93716,135970,6453,2024-01-25,Shipped,Shipped,CANDIDATE_CA,141.0,Shorts
93736,135997,15883,2024-01-15,Cancelled,Cancelled,EXCLUE_METIER,39.950000762939446,Plus
93751,136017,24201,2024-01-29,Cancelled,Cancelled,EXCLUE_METIER,903.0,Outerwear & Coats
93763,136033,27826,2024-01-01,Shipped,Shipped,CANDIDATE_CA,64.94999694824219,Swim
93864,136181,25372,2024-01-18,Complete,Complete,CANDIDATE_CA,26.0,Underwear
93924,136259,17891,2024-01-15,Processing,Processing,A_VERIFIER_ETAT,60.950000762939446,Fashion Hoodies & Sweatshirts
93924,136260,18478,2024-01-16,Processing,Processing,A_VERIFIER_ETAT,75.0,Active
94115,136537,49,2024-01-14,Cancelled,Cancelled,EXCLUE_METIER,59.0,Tops & Tees
94150,136587,4285,2024-01-04,Returned,Returned,EXCLUE_METIER,120.0,Jeans
94350,136873,12941,2024-01-02,Shipped,Shipped,CANDIDATE_CA,150.0,Swim
94510,137114,11537,2024-01-12,Complete,Complete,CANDIDATE_CA,11.979999542236328,Intimates
94510,137115,10199,2024-01-16,Complete,Complete,CANDIDATE_CA,79.98999786376953,Sleep & Lounge
94559,137184,16129,2024-01-09,Returned,Returned,EXCLUE_METIER,22.0,Tops & Tees
94559,137185,20257,2024-01-07,Returned,Returned,EXCLUE_METIER,199.9900054931641,Suits & Sport Coats
94559,137186,19252,2024-01-05,Returned,Returned,EXCLUE_METIER,42.0,Sweaters
94632,137294,1389,2024-01-26,Complete,Complete,CANDIDATE_CA,240.97999572753903,Sweaters
94632,137295,8301,2024-01-24,Complete,Complete,CANDIDATE_CA,99.98999786376952,Outerwear & Coats
94868,137634,26644,2024-01-28,Complete,Complete,CANDIDATE_CA,25.5,Sleep & Lounge
95026,137858,17929,2024-01-14,Complete,Complete,CANDIDATE_CA,23.049999237060547,Fashion Hoodies & Sweatshirts
95026,137859,22500,2024-01-11,Complete,Complete,CANDIDATE_CA,75.0,Pants
95266,138196,21275,2024-01-24,Cancelled,Cancelled,EXCLUE_METIER,42.9900016784668,Jeans
95322,138280,3347,2024-01-31,Shipped,Shipped,CANDIDATE_CA,298.0,Dresses
95322,138281,11636,2024-01-30,Shipped,Shipped,CANDIDATE_CA,13.5,Intimates
95401,138394,24341,2024-01-14,Processing,Processing,A_VERIFIER_ETAT,950.0,Outerwear & Coats
95499,138530,5175,2024-01-21,Cancelled,Cancelled,EXCLUE_METIER,119.0,Pants & Capris
95566,138631,16417,2024-01-12,Cancelled,Cancelled,EXCLUE_METIER,29.989999771118164,Tops & Tees
95646,138754,5082,2024-01-15,Complete,Complete,CANDIDATE_CA,32.900001525878906,Jeans
95646,138755,3352,2024-01-14,Complete,Complete,CANDIDATE_CA,34.95000076293945,Dresses
95690,138816,20467,2024-01-25,Shipped,Shipped,CANDIDATE_CA,269.5,Suits & Sport Coats
95985,139259,24051,2024-01-12,Processing,Processing,A_VERIFIER_ETAT,169.99000549316406,Outerwear & Coats
95999,139274,16519,2024-01-20,Returned,Returned,EXCLUE_METIER,119.0,Tops & Tees
95999,139275,28305,2024-01-23,Returned,Returned,EXCLUE_METIER,75.11000061035155,Accessories
96012,139302,29038,2024-01-30,Cancelled,Cancelled,EXCLUE_METIER,35.0,Accessories
96119,139451,6942,2024-01-15,Cancelled,Cancelled,EXCLUE_METIER,44.0,Shorts
96216,139587,5959,2024-01-16,Shipped,Shipped,CANDIDATE_CA,14.989999771118164,Leggings
96262,139650,1582,2024-01-29,Complete,Complete,CANDIDATE_CA,24.989999771118164,Fashion Hoodies & Sweatshirts
96262,139651,5431,2024-01-28,Complete,Complete,CANDIDATE_CA,44.0,Pants & Capris
96326,139750,27782,2024-01-29,Processing,Processing,A_VERIFIER_ETAT,37.950000762939446,Swim
96326,139751,28114,2024-01-30,Processing,Processing,A_VERIFIER_ETAT,24.96999931335449,Swim
96352,139791,17804,2024-01-01,Processing,Processing,A_VERIFIER_ETAT,99.0,Fashion Hoodies & Sweatshirts
96435,139908,7295,2024-01-13,Complete,Complete,CANDIDATE_CA,24.780000686645508,Skirts
96502,140002,11069,2024-01-20,Complete,Complete,CANDIDATE_CA,15.279999732971191,Intimates
96605,140171,4375,2024-01-11,Returned,Returned,EXCLUE_METIER,25.0,Jeans
96605,140172,11160,2024-01-13,Returned,Returned,EXCLUE_METIER,27.090000152587887,Intimates
96711,140328,2762,2024-01-09,Processing,Processing,A_VERIFIER_ETAT,59.950000762939446,Active
96828,140511,14232,2024-01-25,Shipped,Shipped,CANDIDATE_CA,28.0,Accessories
96828,140512,8271,2024-01-25,Shipped,Shipped,CANDIDATE_CA,39.9900016784668,Outerwear & Coats
96828,140513,10454,2024-01-24,Shipped,Shipped,CANDIDATE_CA,34.0,Intimates
96828,140514,4221,2024-01-25,Shipped,Shipped,CANDIDATE_CA,69.0,Jeans
96905,140635,14010,2024-01-22,Returned,Returned,EXCLUE_METIER,16.75,Accessories
96905,140636,7438,2024-01-22,Returned,Returned,EXCLUE_METIER,17.989999771118164,Skirts
97087,140898,16701,2024-01-08,Shipped,Shipped,CANDIDATE_CA,28.0,Tops & Tees
97201,141060,24040,2024-01-07,Complete,Complete,CANDIDATE_CA,60.0,Outerwear & Coats
97201,141061,18734,2024-01-08,Complete,Complete,CANDIDATE_CA,59.0,Active
97304,141202,10157,2024-01-11,Shipped,Shipped,CANDIDATE_CA,19.899999618530277,Sleep & Lounge
97311,141213,1005,2024-01-15,Processing,Processing,A_VERIFIER_ETAT,9.449999809265137,Sweaters
97389,141330,423,2024-01-18,Shipped,Shipped,CANDIDATE_CA,13.3100004196167,Tops & Tees
97491,141480,27066,2024-01-10,Shipped,Shipped,CANDIDATE_CA,70.0,Sleep & Lounge
97491,141481,21279,2024-01-10,Shipped,Shipped,CANDIDATE_CA,60.0,Jeans
97491,141482,19596,2024-01-12,Shipped,Shipped,CANDIDATE_CA,95.98999786376952,Sweaters
97609,141649,17424,2024-01-17,Complete,Complete,CANDIDATE_CA,148.0,Fashion Hoodies & Sweatshirts
97609,141650,20095,2024-01-18,Complete,Complete,CANDIDATE_CA,178.0,Suits & Sport Coats
97668,141733,2698,2024-01-15,Shipped,Shipped,CANDIDATE_CA,24.989999771118164,Active
97674,141742,2126,2024-01-29,Complete,Complete,CANDIDATE_CA,89.5,Fashion Hoodies & Sweatshirts
97694,141774,21195,2024-01-29,Cancelled,Cancelled,EXCLUE_METIER,60.0,Jeans
97694,141775,22149,2024-01-29,Cancelled,Cancelled,EXCLUE_METIER,55.0,Pants
97728,141825,26928,2024-01-27,Cancelled,Cancelled,EXCLUE_METIER,18.5,Sleep & Lounge
97755,141870,26944,2024-01-28,Processing,Processing,A_VERIFIER_ETAT,55.93999862670898,Sleep & Lounge
97943,142128,1988,2024-01-29,Processing,Processing,A_VERIFIER_ETAT,23.6299991607666,Fashion Hoodies & Sweatshirts
97985,142198,1357,2024-01-24,Processing,Processing,A_VERIFIER_ETAT,329.0,Sweaters
97985,142199,9174,2024-01-20,Processing,Processing,A_VERIFIER_ETAT,9.989999771118164,Socks & Hosiery
97985,142200,8876,2024-01-20,Processing,Processing,A_VERIFIER_ETAT,6.989999771118164,Socks & Hosiery
97985,142201,6418,2024-01-22,Processing,Processing,A_VERIFIER_ETAT,19.899999618530277,Shorts
98067,142315,15662,2024-01-28,Shipped,Shipped,CANDIDATE_CA,127.15000152587892,Plus
98156,142454,1170,2024-01-16,Processing,Processing,A_VERIFIER_ETAT,24.950000762939453,Sweaters
98526,142994,23244,2024-01-28,Shipped,Shipped,CANDIDATE_CA,69.9800033569336,Shorts
98533,143005,26156,2024-01-14,Returned,Returned,EXCLUE_METIER,25.0,Underwear
98533,143006,25515,2024-01-10,Returned,Returned,EXCLUE_METIER,54.9900016784668,Underwear
98661,143187,1526,2024-01-07,Returned,Returned,EXCLUE_METIER,53.970001220703125,Fashion Hoodies & Sweatshirts
98700,143244,19915,2024-01-29,Shipped,Shipped,CANDIDATE_CA,14.600000381469728,Suits & Sport Coats
98730,143292,11475,2024-01-19,Shipped,Shipped,CANDIDATE_CA,35.720001220703125,Intimates
98754,143317,26581,2024-01-24,Processing,Processing,A_VERIFIER_ETAT,25.0,Sleep & Lounge
98873,143483,11192,2024-01-04,Shipped,Shipped,CANDIDATE_CA,25.0,Intimates
98887,143505,5234,2024-01-02,Cancelled,Cancelled,EXCLUE_METIER,87.0,Pants & Capris
98937,143578,25691,2024-01-13,Complete,Complete,CANDIDATE_CA,19.0,Underwear
99043,143738,27365,2024-01-19,Shipped,Shipped,CANDIDATE_CA,9.989999771118164,Sleep & Lounge
99043,143739,25483,2024-01-21,Shipped,Shipped,CANDIDATE_CA,18.0,Underwear
99223,143984,1486,2024-01-23,Complete,Complete,CANDIDATE_CA,59.0,Sweaters
99346,144165,14920,2024-01-13,Cancelled,Cancelled,EXCLUE_METIER,198.0,Maternity
99415,144262,24201,2024-01-11,Complete,Complete,CANDIDATE_CA,903.0,Outerwear & Coats
99483,144352,25571,2024-01-31,Cancelled,Cancelled,EXCLUE_METIER,48.0,Underwear
99779,144782,18457,2024-01-27,Complete,Complete,CANDIDATE_CA,39.9900016784668,Active
99779,144783,26399,2024-01-28,Complete,Complete,CANDIDATE_CA,14.989999771118164,Underwear
99779,144784,26838,2024-01-27,Complete,Complete,CANDIDATE_CA,14.989999771118164,Sleep & Lounge
99779,144785,17706,2024-01-25,Complete,Complete,CANDIDATE_CA,145.0,Fashion Hoodies & Sweatshirts
99803,144825,28497,2024-01-02,Shipped,Shipped,CANDIDATE_CA,19.5,Accessories
99822,144855,20170,2024-01-16,Processing,Processing,A_VERIFIER_ETAT,259.989990234375,Suits & Sport Coats
99831,144865,23700,2024-01-28,Complete,Complete,CANDIDATE_CA,79.98999786376953,Outerwear & Coats
99831,144866,21386,2024-01-28,Complete,Complete,CANDIDATE_CA,49.5,Jeans
99831,144867,21708,2024-01-29,Complete,Complete,CANDIDATE_CA,70.0,Pants
99832,144868,23686,2024-01-13,Cancelled,Cancelled,EXCLUE_METIER,99.98999786376952,Outerwear & Coats
99943,145035,14757,2024-01-31,Cancelled,Cancelled,EXCLUE_METIER,48.0,Maternity
100205,145419,18564,2024-01-21,Complete,Complete,CANDIDATE_CA,33.81999969482422,Active
100229,145450,10651,2024-01-20,Complete,Complete,CANDIDATE_CA,57.09999847412109,Intimates
100229,145451,4251,2024-01-20,Complete,Complete,CANDIDATE_CA,69.0,Jeans
100283,145532,21589,2024-01-12,Processing,Processing,A_VERIFIER_ETAT,51.0,Jeans
100407,145732,11264,2024-01-27,Complete,Complete,CANDIDATE_CA,25.0,Intimates
100509,145877,22364,2024-01-24,Complete,Complete,CANDIDATE_CA,89.5,Pants
100528,145900,24997,2024-01-18,Complete,Complete,CANDIDATE_CA,25.0,Socks
100528,145901,18419,2024-01-17,Complete,Complete,CANDIDATE_CA,68.0,Active
100528,145902,24051,2024-01-19,Complete,Complete,CANDIDATE_CA,169.99000549316406,Outerwear & Coats
100528,145903,20364,2024-01-17,Complete,Complete,CANDIDATE_CA,49.9900016784668,Suits & Sport Coats
100533,145908,6059,2024-01-24,Shipped,Shipped,CANDIDATE_CA,29.989999771118164,Leggings
100533,145909,4350,2024-01-27,Shipped,Shipped,CANDIDATE_CA,79.0,Jeans
100534,145910,11811,2024-01-24,Cancelled,Cancelled,EXCLUE_METIER,70.0,Intimates
100547,145931,902,2024-01-08,Processing,Processing,A_VERIFIER_ETAT,99.0,Sweaters
100675,146124,1289,2024-01-11,Shipped,Shipped,CANDIDATE_CA,55.200000762939446,Sweaters
100675,146125,15318,2024-01-14,Shipped,Shipped,CANDIDATE_CA,21.38999938964844,Plus
100748,146231,25101,2024-01-10,Shipped,Shipped,CANDIDATE_CA,12.989999771118164,Socks
100786,146288,23567,2024-01-30,Complete,Complete,CANDIDATE_CA,59.0,Shorts
100786,146289,25791,2024-01-27,Complete,Complete,CANDIDATE_CA,25.0,Underwear
100804,146318,25971,2024-01-15,Shipped,Shipped,CANDIDATE_CA,30.0,Underwear
100827,146354,11034,2024-01-08,Cancelled,Cancelled,EXCLUE_METIER,15.0,Intimates
100887,146446,22779,2024-01-19,Processing,Processing,A_VERIFIER_ETAT,64.94999694824219,Shorts
101014,146623,27272,2024-01-10,Shipped,Shipped,CANDIDATE_CA,34.0,Sleep & Lounge
101029,146643,17237,2024-01-25,Processing,Processing,A_VERIFIER_ETAT,49.5,Fashion Hoodies & Sweatshirts
101070,146698,6732,2024-01-06,Shipped,Shipped,CANDIDATE_CA,14.949999809265137,Shorts
101070,146699,13520,2024-01-05,Shipped,Shipped,CANDIDATE_CA,98.0,Swim
101070,146700,14922,2024-01-06,Shipped,Shipped,CANDIDATE_CA,63.75,Maternity
101225,146922,6817,2024-01-13,Returned,Returned,EXCLUE_METIER,19.989999771118164,Shorts
101246,146952,5292,2024-01-14,Cancelled,Cancelled,EXCLUE_METIER,32.79999923706055,Pants & Capris
101330,147081,9877,2024-01-17,Shipped,Shipped,CANDIDATE_CA,129.74000549316406,Sleep & Lounge
101524,147367,25901,2024-01-05,Processing,Processing,A_VERIFIER_ETAT,24.5,Underwear
101674,147580,5498,2024-01-08,Shipped,Shipped,CANDIDATE_CA,25.0,Pants & Capris
101693,147610,12293,2024-01-29,Complete,Complete,CANDIDATE_CA,13.899999618530272,Intimates
101879,147888,7925,2024-01-17,Shipped,Shipped,CANDIDATE_CA,23.450000762939453,Blazers & Jackets
101951,147987,23356,2024-01-28,Shipped,Shipped,CANDIDATE_CA,59.5,Shorts
101951,147988,26940,2024-01-31,Shipped,Shipped,CANDIDATE_CA,92.4000015258789,Sleep & Lounge
101951,147990,23187,2024-01-28,Shipped,Shipped,CANDIDATE_CA,69.0,Shorts
102032,148096,17303,2024-01-17,Shipped,Shipped,CANDIDATE_CA,52.0,Fashion Hoodies & Sweatshirts
102239,148396,13673,2024-01-18,Complete,Complete,CANDIDATE_CA,25.0,Accessories
102239,148397,7716,2024-01-21,Complete,Complete,CANDIDATE_CA,92.5999984741211,Blazers & Jackets
102239,148398,15235,2024-01-20,Complete,Complete,CANDIDATE_CA,79.5,Plus
102239,148399,15514,2024-01-20,Complete,Complete,CANDIDATE_CA,36.0,Plus
102248,148414,16055,2024-01-09,Returned,Returned,EXCLUE_METIER,128.0,Tops & Tees
102315,148512,18601,2024-01-12,Complete,Complete,CANDIDATE_CA,26.0,Active
102378,148605,6251,2024-01-17,Processing,Processing,A_VERIFIER_ETAT,94.52999877929688,Leggings
102378,148606,4853,2024-01-20,Processing,Processing,A_VERIFIER_ETAT,84.97000122070312,Jeans
102459,148720,180,2024-01-19,Complete,Complete,CANDIDATE_CA,31.979999542236328,Tops & Tees
102628,148971,25540,2024-01-29,Complete,Complete,CANDIDATE_CA,21.0,Underwear
102725,149120,22877,2024-01-01,Processing,Processing,A_VERIFIER_ETAT,59.5,Shorts
102728,149123,6509,2024-01-13,Returned,Returned,EXCLUE_METIER,10.0,Shorts
102730,149126,22327,2024-01-06,Complete,Complete,CANDIDATE_CA,37.720001220703125,Pants
102886,149365,22632,2024-01-06,Processing,Processing,A_VERIFIER_ETAT,15.859999656677246,Pants
102886,149366,21086,2024-01-02,Processing,Processing,A_VERIFIER_ETAT,79.5,Jeans
102886,149367,18801,2024-01-06,Processing,Processing,A_VERIFIER_ETAT,115.98999786376952,Sweaters
102907,149396,17964,2024-01-12,Shipped,Shipped,CANDIDATE_CA,45.0,Fashion Hoodies & Sweatshirts
102939,149443,165,2024-01-11,Complete,Complete,CANDIDATE_CA,12.130000114440918,Tops & Tees
102939,149444,4553,2024-01-11,Complete,Complete,CANDIDATE_CA,98.0,Jeans
102959,149470,3417,2024-01-27,Processing,Processing,A_VERIFIER_ETAT,10.909999847412108,Dresses
102969,149483,26694,2024-01-07,Processing,Processing,A_VERIFIER_ETAT,26.0,Sleep & Lounge
102984,149508,18886,2024-01-26,Complete,Complete,CANDIDATE_CA,104.0,Sweaters
102984,149509,19165,2024-01-26,Complete,Complete,CANDIDATE_CA,219.0,Sweaters
102984,149510,27413,2024-01-28,Complete,Complete,CANDIDATE_CA,64.94999694824219,Swim
102984,149511,24999,2024-01-24,Complete,Complete,CANDIDATE_CA,30.0,Socks
103002,149531,15284,2024-01-21,Returned,Returned,EXCLUE_METIER,50.0,Plus
103261,149909,9746,2024-01-30,Shipped,Shipped,CANDIDATE_CA,120.0,Sleep & Lounge
103473,150205,16489,2024-01-02,Complete,Complete,CANDIDATE_CA,46.9900016784668,Tops & Tees
103473,150206,23224,2024-01-01,Complete,Complete,CANDIDATE_CA,49.450000762939446,Shorts
103606,150388,23019,2024-01-05,Processing,Processing,A_VERIFIER_ETAT,68.0,Shorts
103794,150663,233,2024-01-05,Returned,Returned,EXCLUE_METIER,27.950000762939453,Tops & Tees
103794,150664,11153,2024-01-04,Returned,Returned,EXCLUE_METIER,28.0,Intimates
103844,150747,27851,2024-01-18,Processing,Processing,A_VERIFIER_ETAT,69.5,Swim
103844,150748,22278,2024-01-18,Processing,Processing,A_VERIFIER_ETAT,117.98999786376952,Pants
103868,150781,25650,2024-01-18,Cancelled,Cancelled,EXCLUE_METIER,25.0,Underwear
104183,151244,16008,2024-01-12,Returned,Returned,EXCLUE_METIER,178.0,Tops & Tees
104486,151667,18018,2024-01-27,Complete,Complete,CANDIDATE_CA,69.5,Fashion Hoodies & Sweatshirts
104486,151668,20925,2024-01-28,Complete,Complete,CANDIDATE_CA,44.9900016784668,Jeans
104533,151738,24113,2024-01-05,Shipped,Shipped,CANDIDATE_CA,199.0,Outerwear & Coats
104572,151791,10989,2024-01-08,Complete,Complete,CANDIDATE_CA,9.989999771118164,Intimates
104635,151887,1668,2024-01-22,Shipped,Shipped,CANDIDATE_CA,59.5,Fashion Hoodies & Sweatshirts
104635,151888,10392,2024-01-24,Shipped,Shipped,CANDIDATE_CA,26.0,Intimates
104635,151889,12832,2024-01-24,Shipped,Shipped,CANDIDATE_CA,25.0,Swim
104683,151964,21228,2024-01-01,Processing,Processing,A_VERIFIER_ETAT,98.0,Jeans
104683,151965,26724,2024-01-04,Processing,Processing,A_VERIFIER_ETAT,52.5,Sleep & Lounge
104721,152017,1542,2024-01-04,Returned,Returned,EXCLUE_METIER,56.91999816894531,Fashion Hoodies & Sweatshirts
104721,152018,9841,2024-01-06,Returned,Returned,EXCLUE_METIER,16.989999771118164,Sleep & Lounge
104727,152026,5907,2024-01-01,Shipped,Shipped,CANDIDATE_CA,10.989999771118164,Leggings
104738,152039,22124,2024-01-12,Returned,Returned,EXCLUE_METIER,44.900001525878906,Pants
104738,152040,26841,2024-01-13,Returned,Returned,EXCLUE_METIER,25.0,Sleep & Lounge
104861,152224,21836,2024-01-20,Shipped,Shipped,CANDIDATE_CA,125.0,Pants
104861,152225,17598,2024-01-23,Shipped,Shipped,CANDIDATE_CA,36.7400016784668,Fashion Hoodies & Sweatshirts
104861,152226,22435,2024-01-22,Shipped,Shipped,CANDIDATE_CA,160.3800048828125,Pants
104861,152227,23653,2024-01-24,Shipped,Shipped,CANDIDATE_CA,99.5,Outerwear & Coats
104868,152239,5955,2024-01-01,Shipped,Shipped,CANDIDATE_CA,6.0,Leggings
104901,152285,14224,2024-01-18,Shipped,Shipped,CANDIDATE_CA,16.950000762939453,Accessories
105097,152557,3570,2024-01-21,Complete,Complete,CANDIDATE_CA,57.9900016784668,Dresses
105203,152715,28095,2024-01-23,Complete,Complete,CANDIDATE_CA,36.9900016784668,Swim
105313,152878,15003,2024-01-18,Processing,Processing,A_VERIFIER_ETAT,13.949999809265137,Maternity
105332,152913,18465,2024-01-20,Processing,Processing,A_VERIFIER_ETAT,60.0,Active
105612,153338,8559,2024-01-20,Shipped,Shipped,CANDIDATE_CA,27.950000762939453,Outerwear & Coats
105644,153387,6446,2024-01-04,Processing,Processing,A_VERIFIER_ETAT,6.980000019073486,Shorts
105680,153445,19193,2024-01-13,Processing,Processing,A_VERIFIER_ETAT,100.0,Sweaters
105758,153560,16857,2024-01-28,Complete,Complete,CANDIDATE_CA,69.0,Tops & Tees
105758,153561,28983,2024-01-29,Complete,Complete,CANDIDATE_CA,6.989999771118164,Accessories
105758,153562,16433,2024-01-31,Complete,Complete,CANDIDATE_CA,45.0,Tops & Tees
105758,153563,20778,2024-01-29,Complete,Complete,CANDIDATE_CA,29.989999771118164,Jeans
105803,153626,8798,2024-01-15,Returned,Returned,EXCLUE_METIER,110.0,Outerwear & Coats
105803,153627,4525,2024-01-17,Returned,Returned,EXCLUE_METIER,36.9900016784668,Jeans
105803,153628,7109,2024-01-18,Returned,Returned,EXCLUE_METIER,34.9900016784668,Skirts
105856,153710,19289,2024-01-30,Complete,Complete,CANDIDATE_CA,148.0,Sweaters
105927,153824,23725,2024-01-01,Returned,Returned,EXCLUE_METIER,80.98999786376953,Outerwear & Coats
106006,153935,21926,2024-01-13,Shipped,Shipped,CANDIDATE_CA,65.0,Pants
106011,153942,18806,2024-01-24,Returned,Returned,EXCLUE_METIER,65.0,Sweaters
106011,153943,26885,2024-01-24,Returned,Returned,EXCLUE_METIER,19.989999771118164,Sleep & Lounge
106011,153944,28902,2024-01-21,Returned,Returned,EXCLUE_METIER,31.950000762939453,Accessories
106011,153945,22022,2024-01-21,Returned,Returned,EXCLUE_METIER,29.950000762939453,Pants
106079,154038,9521,2024-01-24,Complete,Complete,CANDIDATE_CA,24.989999771118164,Sleep & Lounge
106079,154039,12058,2024-01-22,Complete,Complete,CANDIDATE_CA,48.299999237060554,Intimates
106093,154069,25734,2024-01-29,Complete,Complete,CANDIDATE_CA,25.0,Underwear
106124,154110,22210,2024-01-24,Shipped,Shipped,CANDIDATE_CA,49.9900016784668,Pants
106131,154120,22361,2024-01-26,Shipped,Shipped,CANDIDATE_CA,49.9900016784668,Pants
106131,154121,21168,2024-01-26,Shipped,Shipped,CANDIDATE_CA,34.5,Jeans
106170,154177,23111,2024-01-30,Shipped,Shipped,CANDIDATE_CA,52.0,Shorts
106237,154281,18224,2024-01-09,Complete,Complete,CANDIDATE_CA,59.9900016784668,Active
106237,154282,28947,2024-01-13,Complete,Complete,CANDIDATE_CA,29.989999771118164,Accessories
106240,154288,26901,2024-01-08,Processing,Processing,A_VERIFIER_ETAT,399.9500122070313,Sleep & Lounge
106240,154289,28305,2024-01-08,Processing,Processing,A_VERIFIER_ETAT,75.11000061035155,Accessories
106246,154295,15119,2024-01-29,Shipped,Shipped,CANDIDATE_CA,78.0,Maternity
106246,154296,9031,2024-01-30,Shipped,Shipped,CANDIDATE_CA,4.849999904632568,Socks & Hosiery
106263,154318,20303,2024-01-04,Processing,Processing,A_VERIFIER_ETAT,149.99000549316406,Suits & Sport Coats
106272,154328,7885,2024-01-20,Complete,Complete,CANDIDATE_CA,83.36000061035155,Blazers & Jackets
106366,154466,3542,2024-01-17,Processing,Processing,A_VERIFIER_ETAT,10.619999885559082,Dresses
106380,154484,15025,2024-01-19,Cancelled,Cancelled,EXCLUE_METIER,54.0,Maternity
106380,154485,12475,2024-01-19,Cancelled,Cancelled,EXCLUE_METIER,40.9900016784668,Intimates
106514,154682,24801,2024-01-13,Shipped,Shipped,CANDIDATE_CA,31.190000534057617,Socks
106556,154737,25743,2024-01-31,Processing,Processing,A_VERIFIER_ETAT,39.9900016784668,Underwear
106658,154884,3091,2024-01-11,Shipped,Shipped,CANDIDATE_CA,30.0,Active
106658,154885,5678,2024-01-10,Shipped,Shipped,CANDIDATE_CA,108.0,Pants & Capris
106662,154890,26375,2024-01-16,Cancelled,Cancelled,EXCLUE_METIER,28.0,Underwear
106662,154891,18403,2024-01-17,Cancelled,Cancelled,EXCLUE_METIER,62.0,Active
106759,155022,14303,2024-01-29,Returned,Returned,EXCLUE_METIER,19.989999771118164,Accessories
106759,155023,12365,2024-01-29,Returned,Returned,EXCLUE_METIER,41.950000762939446,Intimates
106908,155232,2787,2024-01-04,Cancelled,Cancelled,EXCLUE_METIER,40.0,Active
107004,155362,9624,2024-01-06,Returned,Returned,EXCLUE_METIER,79.98999786376953,Sleep & Lounge
107027,155392,19644,2024-01-05,Returned,Returned,EXCLUE_METIER,33.9900016784668,Sweaters
107030,155395,22320,2024-01-31,Shipped,Shipped,CANDIDATE_CA,126.62999725341795,Pants
107113,155518,14308,2024-01-04,Shipped,Shipped,CANDIDATE_CA,8.989999771118164,Accessories
107180,155607,5369,2024-01-21,Complete,Complete,CANDIDATE_CA,33.150001525878906,Pants & Capris
107180,155608,3330,2024-01-19,Complete,Complete,CANDIDATE_CA,12.739999771118164,Dresses
107215,155652,28909,2024-01-13,Shipped,Shipped,CANDIDATE_CA,15.0,Accessories
107215,155653,25535,2024-01-12,Shipped,Shipped,CANDIDATE_CA,24.0,Underwear
107237,155683,4938,2024-01-21,Cancelled,Cancelled,EXCLUE_METIER,82.0,Jeans
107393,155915,12811,2024-01-09,Shipped,Shipped,CANDIDATE_CA,39.9900016784668,Swim
107534,156105,21837,2024-01-14,Cancelled,Cancelled,EXCLUE_METIER,44.9900016784668,Pants
107624,156241,25657,2024-01-27,Complete,Complete,CANDIDATE_CA,12.970000267028809,Underwear
107727,156376,26939,2024-01-22,Shipped,Shipped,CANDIDATE_CA,45.9900016784668,Sleep & Lounge
107847,156544,13072,2024-01-08,Cancelled,Cancelled,EXCLUE_METIER,39.950000762939446,Swim
107857,156556,11044,2024-01-04,Cancelled,Cancelled,EXCLUE_METIER,10.0,Intimates
107867,156570,17098,2024-01-13,Complete,Complete,CANDIDATE_CA,39.9900016784668,Fashion Hoodies & Sweatshirts
107889,156598,27687,2024-01-03,Complete,Complete,CANDIDATE_CA,55.0,Swim
107958,156706,17977,2024-01-18,Complete,Complete,CANDIDATE_CA,155.0,Fashion Hoodies & Sweatshirts
108004,156768,10094,2024-01-05,Shipped,Shipped,CANDIDATE_CA,89.98999786376953,Sleep & Lounge
108067,156864,14206,2024-01-08,Complete,Complete,CANDIDATE_CA,21.989999771118164,Accessories
108067,156865,9443,2024-01-07,Complete,Complete,CANDIDATE_CA,14.359999656677246,Socks & Hosiery
108067,156866,3075,2024-01-06,Complete,Complete,CANDIDATE_CA,39.950000762939446,Active
108067,156867,9030,2024-01-06,Complete,Complete,CANDIDATE_CA,12.949999809265137,Socks & Hosiery
108080,156887,20477,2024-01-26,Shipped,Shipped,CANDIDATE_CA,37.900001525878906,Suits & Sport Coats
108217,157090,18138,2024-01-18,Complete,Complete,CANDIDATE_CA,85.0,Active
108217,157091,21064,2024-01-17,Complete,Complete,CANDIDATE_CA,42.5,Jeans
108217,157092,27182,2024-01-19,Complete,Complete,CANDIDATE_CA,21.989999771118164,Sleep & Lounge
108218,157093,28567,2024-01-27,Complete,Complete,CANDIDATE_CA,7.949999809265136,Accessories
108261,157153,16639,2024-01-08,Returned,Returned,EXCLUE_METIER,55.0,Tops & Tees
108371,157319,18941,2024-01-09,Returned,Returned,EXCLUE_METIER,29.989999771118164,Sweaters
108371,157320,22144,2024-01-06,Returned,Returned,EXCLUE_METIER,61.9900016784668,Pants
108371,157321,28792,2024-01-05,Returned,Returned,EXCLUE_METIER,18.989999771118164,Accessories
108371,157322,24170,2024-01-09,Returned,Returned,EXCLUE_METIER,379.0,Outerwear & Coats
108377,157330,3384,2024-01-25,Processing,Processing,A_VERIFIER_ETAT,148.0,Dresses
108412,157375,24101,2024-01-09,Shipped,Shipped,CANDIDATE_CA,59.9900016784668,Outerwear & Coats
108652,157736,15600,2024-01-26,Processing,Processing,A_VERIFIER_ETAT,6.949999809265137,Plus
108749,157867,450,2024-01-15,Shipped,Shipped,CANDIDATE_CA,50.0,Tops & Tees
108763,157883,22426,2024-01-05,Processing,Processing,A_VERIFIER_ETAT,65.0,Pants
108763,157884,20952,2024-01-05,Processing,Processing,A_VERIFIER_ETAT,242.0,Jeans
108829,157981,6564,2024-01-01,Shipped,Shipped,CANDIDATE_CA,9.770000457763674,Shorts
108836,157993,12378,2024-01-11,Complete,Complete,CANDIDATE_CA,31.950000762939453,Intimates
108971,158186,5219,2024-01-30,Shipped,Shipped,CANDIDATE_CA,23.989999771118164,Pants & Capris
109086,158339,12628,2024-01-27,Processing,Processing,A_VERIFIER_ETAT,4.099999904632568,Intimates
109086,158340,9179,2024-01-29,Processing,Processing,A_VERIFIER_ETAT,12.989999771118164,Socks & Hosiery
109086,158341,10953,2024-01-29,Processing,Processing,A_VERIFIER_ETAT,10.5,Intimates
109120,158398,28620,2024-01-18,Shipped,Shipped,CANDIDATE_CA,39.9900016784668,Accessories
109186,158490,11818,2024-01-01,Shipped,Shipped,CANDIDATE_CA,60.0,Intimates
109203,158516,915,2024-01-03,Complete,Complete,CANDIDATE_CA,29.989999771118164,Sweaters
109203,158517,184,2024-01-04,Complete,Complete,CANDIDATE_CA,8.819999694824217,Tops & Tees
109304,158679,24693,2024-01-03,Processing,Processing,A_VERIFIER_ETAT,9.989999771118164,Socks
109476,158928,28878,2024-01-05,Complete,Complete,CANDIDATE_CA,28.0,Accessories
109476,158929,21220,2024-01-07,Complete,Complete,CANDIDATE_CA,109.9800033569336,Jeans
109566,159062,711,2024-01-28,Processing,Processing,A_VERIFIER_ETAT,64.0,Tops & Tees
109773,159364,15009,2024-01-13,Complete,Complete,CANDIDATE_CA,28.5,Maternity
109843,159461,11460,2024-01-02,Shipped,Shipped,CANDIDATE_CA,13.0,Intimates
109899,159541,18002,2024-01-26,Cancelled,Cancelled,EXCLUE_METIER,60.0,Fashion Hoodies & Sweatshirts
110035,159711,17674,2024-01-22,Shipped,Shipped,CANDIDATE_CA,84.94999694824217,Fashion Hoodies & Sweatshirts
110035,159712,24182,2024-01-24,Shipped,Shipped,CANDIDATE_CA,198.0,Outerwear & Coats
110035,159713,19322,2024-01-24,Shipped,Shipped,CANDIDATE_CA,49.9900016784668,Sweaters
110083,159791,1118,2024-01-14,Shipped,Shipped,CANDIDATE_CA,47.9900016784668,Sweaters
110083,159792,4004,2024-01-16,Shipped,Shipped,CANDIDATE_CA,118.0,Dresses
110083,159793,11811,2024-01-14,Shipped,Shipped,CANDIDATE_CA,70.0,Intimates
110163,159901,28416,2024-01-15,Complete,Complete,CANDIDATE_CA,42.0,Accessories
110246,160035,8957,2024-01-14,Returned,Returned,EXCLUE_METIER,15.239999771118164,Socks & Hosiery
110306,160111,1943,2024-01-10,Shipped,Shipped,CANDIDATE_CA,48.0,Fashion Hoodies & Sweatshirts
110306,160112,3715,2024-01-09,Shipped,Shipped,CANDIDATE_CA,32.95000076293945,Dresses
110306,160113,9058,2024-01-10,Shipped,Shipped,CANDIDATE_CA,7.5,Socks & Hosiery
110343,160167,12822,2024-01-08,Shipped,Shipped,CANDIDATE_CA,54.9900016784668,Swim
110505,160410,19724,2024-01-31,Returned,Returned,EXCLUE_METIER,49.4900016784668,Sweaters
110613,160549,4154,2024-01-06,Complete,Complete,CANDIDATE_CA,24.989999771118164,Jumpsuits & Rompers
110814,160864,27325,2024-01-01,Processing,Processing,A_VERIFIER_ETAT,69.94999694824219,Sleep & Lounge
110814,160865,22194,2024-01-04,Processing,Processing,A_VERIFIER_ETAT,64.98999786376953,Pants
111167,161371,19535,2024-01-15,Cancelled,Cancelled,EXCLUE_METIER,78.75,Sweaters
111237,161484,21567,2024-01-02,Shipped,Shipped,CANDIDATE_CA,44.5,Jeans
111290,161550,8246,2024-01-23,Shipped,Shipped,CANDIDATE_CA,128.0,Suits
111300,161561,27199,2024-01-21,Processing,Processing,A_VERIFIER_ETAT,62.5099983215332,Sleep & Lounge
111300,161562,16303,2024-01-21,Processing,Processing,A_VERIFIER_ETAT,25.0,Tops & Tees
111379,161672,11029,2024-01-06,Complete,Complete,CANDIDATE_CA,6.0,Intimates
111399,161704,5024,2024-01-25,Processing,Processing,A_VERIFIER_ETAT,27.899999618530277,Jeans
111445,161773,24588,2024-01-21,Processing,Processing,A_VERIFIER_ETAT,18.299999237060547,Socks
111471,161812,14018,2024-01-18,Shipped,Shipped,CANDIDATE_CA,8.9399995803833,Accessories
111662,162077,27673,2024-01-11,Complete,Complete,CANDIDATE_CA,26.46999931335449,Swim
111808,162266,16920,2024-01-01,Shipped,Shipped,CANDIDATE_CA,29.989999771118164,Tops & Tees
111822,162286,16027,2024-01-19,Cancelled,Cancelled,EXCLUE_METIER,130.0,Tops & Tees
111843,162318,24376,2024-01-20,Shipped,Shipped,CANDIDATE_CA,135.0,Outerwear & Coats
111859,162344,22995,2024-01-12,Returned,Returned,EXCLUE_METIER,65.0,Shorts
112086,162679,10828,2024-01-02,Shipped,Shipped,CANDIDATE_CA,12.0,Intimates
112331,163025,7548,2024-01-04,Returned,Returned,EXCLUE_METIER,238.97999572753903,Blazers & Jackets
112422,163155,16226,2024-01-20,Shipped,Shipped,CANDIDATE_CA,19.989999771118164,Tops & Tees
112548,163346,5954,2024-01-31,Shipped,Shipped,CANDIDATE_CA,9.949999809265137,Leggings
112577,163385,8201,2024-01-23,Complete,Complete,CANDIDATE_CA,147.1300048828125,Suits
112577,163386,812,2024-01-24,Complete,Complete,CANDIDATE_CA,13.1899995803833,Sweaters
112577,163387,14380,2024-01-25,Complete,Complete,CANDIDATE_CA,34.0,Maternity
112577,163388,1720,2024-01-25,Complete,Complete,CANDIDATE_CA,95.0,Fashion Hoodies & Sweatshirts
112638,163488,3433,2024-01-26,Complete,Complete,CANDIDATE_CA,99.98999786376952,Dresses
112640,163490,28584,2024-01-25,Cancelled,Cancelled,EXCLUE_METIER,39.9900016784668,Accessories
112812,163729,7217,2024-01-28,Complete,Complete,CANDIDATE_CA,9.989999771118164,Skirts
112866,163811,14147,2024-01-28,Returned,Returned,EXCLUE_METIER,16.950000762939453,Accessories
112866,163812,3854,2024-01-28,Returned,Returned,EXCLUE_METIER,70.98999786376953,Dresses
112866,163813,4152,2024-01-26,Returned,Returned,EXCLUE_METIER,15.8100004196167,Jumpsuits & Rompers
112866,163814,4969,2024-01-28,Returned,Returned,EXCLUE_METIER,46.220001220703125,Jeans
112948,163939,4723,2024-01-05,Complete,Complete,CANDIDATE_CA,44.9900016784668,Jeans
113006,164024,19390,2024-01-21,Processing,Processing,A_VERIFIER_ETAT,40.0,Sweaters
113006,164025,27605,2024-01-17,Processing,Processing,A_VERIFIER_ETAT,55.0,Swim
113282,164428,9433,2024-01-29,Processing,Processing,A_VERIFIER_ETAT,25.0,Socks & Hosiery
113411,164617,25924,2024-01-25,Complete,Complete,CANDIDATE_CA,36.950000762939446,Underwear
113472,164709,20156,2024-01-23,Complete,Complete,CANDIDATE_CA,24.75,Suits & Sport Coats
113478,164716,17752,2024-01-01,Returned,Returned,EXCLUE_METIER,26.340000152587887,Fashion Hoodies & Sweatshirts
113478,164717,29020,2024-01-04,Returned,Returned,EXCLUE_METIER,12.0,Accessories
113720,165073,11372,2024-01-18,Returned,Returned,EXCLUE_METIER,12.989999771118164,Intimates
113754,165128,22548,2024-01-06,Complete,Complete,CANDIDATE_CA,105.0,Pants
113875,165300,3601,2024-01-14,Shipped,Shipped,CANDIDATE_CA,40.0,Dresses
113885,165312,5230,2024-01-12,Shipped,Shipped,CANDIDATE_CA,19.989999771118164,Pants & Capris
114326,165993,336,2024-01-25,Shipped,Shipped,CANDIDATE_CA,45.7400016784668,Tops & Tees
114326,165994,13691,2024-01-25,Shipped,Shipped,CANDIDATE_CA,8.989999771118164,Accessories
114326,165995,7542,2024-01-29,Shipped,Shipped,CANDIDATE_CA,199.9900054931641,Blazers & Jackets
114326,165996,7231,2024-01-28,Shipped,Shipped,CANDIDATE_CA,59.18999862670898,Skirts
114333,166005,7496,2024-01-17,Shipped,Shipped,CANDIDATE_CA,129.60000610351562,Blazers & Jackets
114455,166176,4007,2024-01-12,Cancelled,Cancelled,EXCLUE_METIER,149.0,Dresses
114475,166207,24916,2024-01-08,Processing,Processing,A_VERIFIER_ETAT,6.739999771118164,Socks
114724,166587,1033,2024-01-14,Complete,Complete,CANDIDATE_CA,69.94999694824219,Sweaters
114807,166706,927,2024-01-02,Processing,Processing,A_VERIFIER_ETAT,75.0,Sweaters
114888,166817,16515,2024-01-19,Shipped,Shipped,CANDIDATE_CA,22.989999771118164,Tops & Tees
114931,166872,20331,2024-01-10,Shipped,Shipped,CANDIDATE_CA,89.94999694824217,Suits & Sport Coats
114931,166873,24598,2024-01-10,Shipped,Shipped,CANDIDATE_CA,8.989999771118164,Socks
114931,166874,18754,2024-01-09,Shipped,Shipped,CANDIDATE_CA,35.0,Active
115055,167036,18402,2024-01-13,Shipped,Shipped,CANDIDATE_CA,27.0,Active
115139,167164,18325,2024-01-14,Complete,Complete,CANDIDATE_CA,29.989999771118164,Active
115375,167514,6151,2024-01-29,Returned,Returned,EXCLUE_METIER,21.950000762939453,Leggings
115378,167517,25918,2024-01-07,Processing,Processing,A_VERIFIER_ETAT,31.989999771118164,Underwear
115378,167518,16634,2024-01-04,Processing,Processing,A_VERIFIER_ETAT,25.0,Tops & Tees
115409,167556,20753,2024-01-16,Cancelled,Cancelled,EXCLUE_METIER,79.98999786376953,Jeans
115409,167557,25675,2024-01-19,Cancelled,Cancelled,EXCLUE_METIER,24.950000762939453,Underwear
115493,167680,28245,2024-01-13,Shipped,Shipped,CANDIDATE_CA,55.0,Swim
115493,167681,23700,2024-01-16,Shipped,Shipped,CANDIDATE_CA,79.98999786376953,Outerwear & Coats
115572,167790,20214,2024-01-08,Complete,Complete,CANDIDATE_CA,239.9900054931641,Suits & Sport Coats
115622,167855,26801,2024-01-07,Cancelled,Cancelled,EXCLUE_METIER,29.950000762939453,Sleep & Lounge
115628,167862,10102,2024-01-17,Processing,Processing,A_VERIFIER_ETAT,72.0,Sleep & Lounge
115871,168215,19516,2024-01-05,Complete,Complete,CANDIDATE_CA,189.0,Sweaters
115890,168239,28375,2024-01-20,Shipped,Shipped,CANDIDATE_CA,194.94999694824216,Accessories
115890,168240,15998,2024-01-22,Shipped,Shipped,CANDIDATE_CA,25.0,Tops & Tees
115999,168397,13378,2024-01-25,Complete,Complete,CANDIDATE_CA,23.989999771118164,Swim
116150,168617,6743,2024-01-26,Shipped,Shipped,CANDIDATE_CA,14.6899995803833,Shorts
116258,168774,18469,2024-01-17,Processing,Processing,A_VERIFIER_ETAT,26.989999771118164,Active
116258,168775,16655,2024-01-17,Processing,Processing,A_VERIFIER_ETAT,28.0,Tops & Tees
116469,169085,23409,2024-01-20,Shipped,Shipped,CANDIDATE_CA,49.950000762939446,Shorts
116469,169086,22549,2024-01-22,Shipped,Shipped,CANDIDATE_CA,91.43000030517578,Pants
116469,169087,18863,2024-01-22,Shipped,Shipped,CANDIDATE_CA,39.220001220703125,Sweaters
116469,169088,17407,2024-01-19,Shipped,Shipped,CANDIDATE_CA,66.0,Fashion Hoodies & Sweatshirts
116475,169095,19072,2024-01-11,Returned,Returned,EXCLUE_METIER,115.0,Sweaters
116475,169096,24964,2024-01-08,Returned,Returned,EXCLUE_METIER,20.0,Socks
116475,169097,27285,2024-01-12,Returned,Returned,EXCLUE_METIER,24.989999771118164,Sleep & Lounge
116475,169098,21815,2024-01-10,Returned,Returned,EXCLUE_METIER,49.9900016784668,Pants
116480,169105,17222,2024-01-09,Cancelled,Cancelled,EXCLUE_METIER,38.0,Fashion Hoodies & Sweatshirts
116480,169106,28444,2024-01-12,Cancelled,Cancelled,EXCLUE_METIER,24.989999771118164,Accessories
116548,169202,9665,2024-01-13,Complete,Complete,CANDIDATE_CA,24.989999771118164,Sleep & Lounge
116551,169205,14742,2024-01-29,Complete,Complete,CANDIDATE_CA,19.950000762939453,Maternity
116602,169272,28470,2024-01-15,Complete,Complete,CANDIDATE_CA,125.0,Accessories
116623,169305,4112,2024-01-27,Processing,Processing,A_VERIFIER_ETAT,11.079999923706056,Jumpsuits & Rompers
116655,169352,20182,2024-01-20,Complete,Complete,CANDIDATE_CA,196.42999267578125,Suits & Sport Coats
116656,169353,25974,2024-01-08,Returned,Returned,EXCLUE_METIER,26.0,Underwear
116656,169354,16771,2024-01-10,Returned,Returned,EXCLUE_METIER,34.9900016784668,Tops & Tees
116656,169355,16230,2024-01-11,Returned,Returned,EXCLUE_METIER,49.950000762939446,Tops & Tees
116808,169576,22308,2024-01-16,Shipped,Shipped,CANDIDATE_CA,59.9900016784668,Pants
116808,169577,17797,2024-01-16,Shipped,Shipped,CANDIDATE_CA,56.0,Fashion Hoodies & Sweatshirts
117141,170037,26798,2024-01-11,Processing,Processing,A_VERIFIER_ETAT,45.0,Sleep & Lounge
117163,170068,14582,2024-01-18,Processing,Processing,A_VERIFIER_ETAT,37.61000061035156,Maternity
117335,170315,2697,2024-01-02,Shipped,Shipped,CANDIDATE_CA,46.9900016784668,Active
117405,170424,17729,2024-01-24,Shipped,Shipped,CANDIDATE_CA,51.950000762939446,Fashion Hoodies & Sweatshirts
117406,170425,5628,2024-01-02,Complete,Complete,CANDIDATE_CA,99.98999786376952,Pants & Capris
117422,170447,7706,2024-01-05,Shipped,Shipped,CANDIDATE_CA,50.9900016784668,Blazers & Jackets
117422,170448,1889,2024-01-06,Shipped,Shipped,CANDIDATE_CA,18.32999992370605,Fashion Hoodies & Sweatshirts
117422,170449,4951,2024-01-07,Shipped,Shipped,CANDIDATE_CA,92.0,Jeans
117430,170463,20861,2024-01-03,Complete,Complete,CANDIDATE_CA,165.0,Jeans
117446,170482,6717,2024-01-26,Cancelled,Cancelled,EXCLUE_METIER,21.989999771118164,Shorts
117705,170855,1502,2024-01-25,Processing,Processing,A_VERIFIER_ETAT,28.770000457763672,Sweaters
117766,170934,6525,2024-01-02,Complete,Complete,CANDIDATE_CA,129.97999572753906,Shorts
117809,170996,24904,2024-01-13,Cancelled,Cancelled,EXCLUE_METIER,12.75,Socks
117862,171062,944,2024-01-24,Processing,Processing,A_VERIFIER_ETAT,46.59999847412109,Sweaters
117981,171240,15052,2024-01-15,Shipped,Shipped,CANDIDATE_CA,98.0,Maternity
118184,171544,13369,2024-01-13,Shipped,Shipped,CANDIDATE_CA,68.0,Swim
118191,171553,22036,2024-01-09,Cancelled,Cancelled,EXCLUE_METIER,44.9900016784668,Pants
118251,171641,24937,2024-01-25,Processing,Processing,A_VERIFIER_ETAT,24.0,Socks
118282,171681,13675,2024-01-15,Complete,Complete,CANDIDATE_CA,23.989999771118164,Accessories
118282,171682,11575,2024-01-16,Complete,Complete,CANDIDATE_CA,32.95000076293945,Intimates
118298,171704,9878,2024-01-27,Complete,Complete,CANDIDATE_CA,12.800000190734863,Sleep & Lounge
118457,171937,18180,2024-01-27,Complete,Complete,CANDIDATE_CA,50.0,Active
118519,172037,7550,2024-01-05,Shipped,Shipped,CANDIDATE_CA,238.97999572753903,Blazers & Jackets
118604,172163,14824,2024-01-19,Shipped,Shipped,CANDIDATE_CA,17.200000762939453,Maternity
118645,172222,28269,2024-01-11,Shipped,Shipped,CANDIDATE_CA,48.0,Swim
118759,172393,21079,2024-01-30,Cancelled,Cancelled,EXCLUE_METIER,118.0,Jeans
118759,172394,19584,2024-01-29,Cancelled,Cancelled,EXCLUE_METIER,33.9900016784668,Sweaters
118765,172400,7158,2024-01-28,Shipped,Shipped,CANDIDATE_CA,38.0,Skirts
118765,172401,8326,2024-01-28,Shipped,Shipped,CANDIDATE_CA,139.99000549316406,Outerwear & Coats
118818,172481,20185,2024-01-27,Cancelled,Cancelled,EXCLUE_METIER,250.0,Suits & Sport Coats
118818,172482,22079,2024-01-28,Cancelled,Cancelled,EXCLUE_METIER,36.9900016784668,Pants
118843,172517,19970,2024-01-15,Processing,Processing,A_VERIFIER_ETAT,89.98999786376953,Suits & Sport Coats
119032,172810,15327,2024-01-22,Shipped,Shipped,CANDIDATE_CA,25.0,Plus
119032,172811,14740,2024-01-23,Shipped,Shipped,CANDIDATE_CA,34.97999954223633,Maternity
119080,172882,17762,2024-01-19,Returned,Returned,EXCLUE_METIER,45.950000762939446,Fashion Hoodies & Sweatshirts
119201,173060,28044,2024-01-20,Shipped,Shipped,CANDIDATE_CA,48.970001220703125,Swim
119201,173061,23605,2024-01-18,Shipped,Shipped,CANDIDATE_CA,45.950000762939446,Shorts
119318,173226,26133,2024-01-21,Shipped,Shipped,CANDIDATE_CA,18.0,Underwear
119342,173261,1662,2024-01-01,Shipped,Shipped,CANDIDATE_CA,49.950000762939446,Fashion Hoodies & Sweatshirts
119355,173278,73,2024-01-26,Cancelled,Cancelled,EXCLUE_METIER,88.0,Tops & Tees
119355,173279,4625,2024-01-26,Cancelled,Cancelled,EXCLUE_METIER,159.0,Jeans
119371,173301,24819,2024-01-01,Processing,Processing,A_VERIFIER_ETAT,10.890000343322754,Socks
119373,173303,19903,2024-01-02,Processing,Processing,A_VERIFIER_ETAT,36.180000305175774,Suits & Sport Coats
119451,173410,5857,2024-01-12,Returned,Returned,EXCLUE_METIER,6.989999771118164,Leggings
119451,173411,8073,2024-01-09,Returned,Returned,EXCLUE_METIER,59.11000061035156,Suits
119451,173412,7983,2024-01-10,Returned,Returned,EXCLUE_METIER,29.0,Blazers & Jackets
119451,173413,13645,2024-01-09,Returned,Returned,EXCLUE_METIER,43.9900016784668,Accessories
119547,173557,9265,2024-01-14,Shipped,Shipped,CANDIDATE_CA,9.989999771118164,Socks & Hosiery
119547,173558,7337,2024-01-18,Shipped,Shipped,CANDIDATE_CA,29.950000762939453,Skirts
119601,173632,1506,2024-01-07,Cancelled,Cancelled,EXCLUE_METIER,34.9900016784668,Sweaters
119601,173633,4598,2024-01-08,Cancelled,Cancelled,EXCLUE_METIER,50.09000015258789,Jeans
119601,173634,12863,2024-01-07,Cancelled,Cancelled,EXCLUE_METIER,19.989999771118164,Swim
119601,173635,15418,2024-01-07,Cancelled,Cancelled,EXCLUE_METIER,16.5,Plus
119605,173643,26421,2024-01-27,Shipped,Shipped,CANDIDATE_CA,35.0,Underwear
119618,173663,14846,2024-01-25,Processing,Processing,A_VERIFIER_ETAT,44.25,Maternity
119619,173664,194,2024-01-02,Shipped,Shipped,CANDIDATE_CA,27.989999771118164,Tops & Tees
119629,173680,11578,2024-01-13,Complete,Complete,CANDIDATE_CA,49.950000762939446,Intimates
119809,173950,25032,2024-01-30,Cancelled,Cancelled,EXCLUE_METIER,9.989999771118164,Socks
119896,174073,5148,2024-01-13,Complete,Complete,CANDIDATE_CA,32.9900016784668,Pants & Capris
119896,174074,4549,2024-01-16,Complete,Complete,CANDIDATE_CA,158.0,Jeans
119922,174124,9856,2024-01-05,Shipped,Shipped,CANDIDATE_CA,80.0,Sleep & Lounge
119922,174125,9379,2024-01-02,Shipped,Shipped,CANDIDATE_CA,7.989999771118163,Socks & Hosiery
119953,174165,20138,2024-01-30,Processing,Processing,A_VERIFIER_ETAT,89.98999786376953,Suits & Sport Coats
119959,174171,26798,2024-01-07,Cancelled,Cancelled,EXCLUE_METIER,45.0,Sleep & Lounge
120061,174304,11359,2024-01-22,Complete,Complete,CANDIDATE_CA,38.0,Intimates
120086,174334,18091,2024-01-06,Shipped,Shipped,CANDIDATE_CA,65.0,Active
120206,174511,1267,2024-01-09,Shipped,Shipped,CANDIDATE_CA,79.94999694824217,Sweaters
120217,174528,13496,2024-01-12,Complete,Complete,CANDIDATE_CA,144.0,Swim
120217,174529,8149,2024-01-13,Complete,Complete,CANDIDATE_CA,114.98999786376952,Suits
120245,174569,2459,2024-01-11,Complete,Complete,CANDIDATE_CA,24.5,Active
120251,174578,14700,2024-01-26,Returned,Returned,EXCLUE_METIER,198.0,Maternity
120251,174579,3001,2024-01-29,Returned,Returned,EXCLUE_METIER,59.9900016784668,Active
120251,174580,5160,2024-01-27,Returned,Returned,EXCLUE_METIER,9.050000190734863,Pants & Capris
120431,174837,22609,2024-01-09,Cancelled,Cancelled,EXCLUE_METIER,14.989999771118164,Pants
120444,174859,19434,2024-01-19,Processing,Processing,A_VERIFIER_ETAT,39.880001068115234,Sweaters
120444,174860,16555,2024-01-19,Processing,Processing,A_VERIFIER_ETAT,32.0,Tops & Tees
120474,174901,1519,2024-01-05,Complete,Complete,CANDIDATE_CA,29.0,Sweaters
120488,174920,10285,2024-01-28,Shipped,Shipped,CANDIDATE_CA,170.0,Sleep & Lounge
120516,174958,15913,2024-01-18,Complete,Complete,CANDIDATE_CA,33.97999954223633,Plus
120537,174991,1521,2024-01-15,Shipped,Shipped,CANDIDATE_CA,44.9900016784668,Sweaters
120561,175031,2102,2024-01-28,Shipped,Shipped,CANDIDATE_CA,25.0,Fashion Hoodies & Sweatshirts
120579,175052,25750,2024-01-22,Shipped,Shipped,CANDIDATE_CA,29.5,Underwear
120579,175053,16087,2024-01-23,Shipped,Shipped,CANDIDATE_CA,50.0,Tops & Tees
120683,175207,23515,2024-01-05,Returned,Returned,EXCLUE_METIER,33.75,Shorts
120688,175214,19564,2024-01-15,Returned,Returned,EXCLUE_METIER,22.540000915527344,Sweaters
120688,175215,28421,2024-01-14,Returned,Returned,EXCLUE_METIER,19.5,Accessories
120817,175399,19120,2024-01-29,Complete,Complete,CANDIDATE_CA,77.0,Sweaters
121113,175810,13543,2024-01-07,Cancelled,Cancelled,EXCLUE_METIER,86.0,Swim
121272,176040,24852,2024-01-05,Returned,Returned,EXCLUE_METIER,17.979999542236328,Socks
121406,176234,2,2024-01-19,Processing,Processing,A_VERIFIER_ETAT,69.5,Tops & Tees
121406,176235,7,2024-01-21,Processing,Processing,A_VERIFIER_ETAT,39.5,Tops & Tees
121612,176528,19114,2024-01-01,Processing,Processing,A_VERIFIER_ETAT,110.59999847412108,Sweaters
121623,176543,8562,2024-01-15,Processing,Processing,A_VERIFIER_ETAT,89.5,Outerwear & Coats
121623,176544,7755,2024-01-13,Processing,Processing,A_VERIFIER_ETAT,44.77999877929688,Blazers & Jackets
121623,176545,12531,2024-01-15,Processing,Processing,A_VERIFIER_ETAT,8.0,Intimates
121650,176582,26356,2024-01-27,Shipped,Shipped,CANDIDATE_CA,17.799999237060547,Underwear
121650,176583,25269,2024-01-30,Shipped,Shipped,CANDIDATE_CA,22.0,Socks
121909,176969,19831,2024-01-14,Cancelled,Cancelled,EXCLUE_METIER,169.5,Suits & Sport Coats
122050,177176,14198,2024-01-30,Complete,Complete,CANDIDATE_CA,23.950000762939453,Accessories
122050,177177,7319,2024-01-28,Complete,Complete,CANDIDATE_CA,149.97999572753906,Skirts
122050,177178,1604,2024-01-30,Complete,Complete,CANDIDATE_CA,118.0,Fashion Hoodies & Sweatshirts
122124,177298,20766,2024-01-04,Shipped,Shipped,CANDIDATE_CA,193.94999694824216,Jeans
122382,177668,11608,2024-01-11,Complete,Complete,CANDIDATE_CA,10.979999542236328,Intimates
122382,177669,14428,2024-01-10,Complete,Complete,CANDIDATE_CA,7.980000019073486,Maternity
122382,177670,2495,2024-01-14,Complete,Complete,CANDIDATE_CA,22.0,Active
122446,177760,20083,2024-01-07,Cancelled,Cancelled,EXCLUE_METIER,105.26000213623048,Suits & Sport Coats
122553,177923,3427,2024-01-02,Cancelled,Cancelled,EXCLUE_METIER,46.9900016784668,Dresses
122553,177924,9765,2024-01-02,Cancelled,Cancelled,EXCLUE_METIER,19.989999771118164,Sleep & Lounge
122631,178032,6460,2024-01-27,Processing,Processing,A_VERIFIER_ETAT,25.0,Shorts
122711,178168,7254,2024-01-02,Complete,Complete,CANDIDATE_CA,84.08999633789062,Skirts
122860,178381,26424,2024-01-01,Complete,Complete,CANDIDATE_CA,29.0,Underwear
123040,178645,25866,2024-01-01,Shipped,Shipped,CANDIDATE_CA,48.0,Underwear
123046,178653,17832,2024-01-03,Shipped,Shipped,CANDIDATE_CA,51.959999084472656,Fashion Hoodies & Sweatshirts
123156,178810,17298,2024-01-04,Complete,Complete,CANDIDATE_CA,78.0,Fashion Hoodies & Sweatshirts
123211,178892,23400,2024-01-13,Processing,Processing,A_VERIFIER_ETAT,42.9900016784668,Shorts
123414,179182,19582,2024-01-15,Shipped,Shipped,CANDIDATE_CA,50.0,Sweaters
123414,179183,29019,2024-01-16,Shipped,Shipped,CANDIDATE_CA,34.95000076293945,Accessories
123414,179184,28461,2024-01-16,Shipped,Shipped,CANDIDATE_CA,38.450000762939446,Accessories
123424,179200,9638,2024-01-04,Complete,Complete,CANDIDATE_CA,12.989999771118164,Sleep & Lounge
123444,179230,3013,2024-01-04,Shipped,Shipped,CANDIDATE_CA,45.5,Active
123462,179255,2395,2024-01-02,Returned,Returned,EXCLUE_METIER,75.0,Fashion Hoodies & Sweatshirts
123470,179268,25356,2024-01-27,Complete,Complete,CANDIDATE_CA,12.0,Socks
123470,179269,25498,2024-01-28,Complete,Complete,CANDIDATE_CA,24.0,Underwear
123513,179327,27790,2024-01-07,Processing,Processing,A_VERIFIER_ETAT,65.0,Swim
123623,179481,15274,2024-01-21,Shipped,Shipped,CANDIDATE_CA,18.0,Plus
123623,179482,482,2024-01-20,Shipped,Shipped,CANDIDATE_CA,19.989999771118164,Tops & Tees
123655,179525,9423,2024-01-20,Processing,Processing,A_VERIFIER_ETAT,8.0,Socks & Hosiery
123655,179526,12558,2024-01-23,Processing,Processing,A_VERIFIER_ETAT,39.9900016784668,Intimates
123881,179855,6555,2024-01-07,Shipped,Shipped,CANDIDATE_CA,163.8000030517578,Shorts
123907,179888,24124,2024-01-13,Processing,Processing,A_VERIFIER_ETAT,19.950000762939453,Outerwear & Coats
123907,179889,24198,2024-01-13,Processing,Processing,A_VERIFIER_ETAT,129.99000549316406,Outerwear & Coats
123997,180031,27530,2024-01-17,Returned,Returned,EXCLUE_METIER,65.0,Swim
123997,180032,20362,2024-01-16,Returned,Returned,EXCLUE_METIER,171.0,Suits & Sport Coats
123997,180033,25262,2024-01-19,Returned,Returned,EXCLUE_METIER,14.0,Socks
124037,180095,21888,2024-01-16,Processing,Processing,A_VERIFIER_ETAT,89.98999786376953,Pants
124037,180096,23249,2024-01-16,Processing,Processing,A_VERIFIER_ETAT,29.8799991607666,Shorts
124037,180097,23237,2024-01-17,Processing,Processing,A_VERIFIER_ETAT,62.0,Shorts
124037,180098,17280,2024-01-17,Processing,Processing,A_VERIFIER_ETAT,38.0,Fashion Hoodies & Sweatshirts
124174,180298,137,2024-01-05,Processing,Processing,A_VERIFIER_ETAT,12.989999771118164,Tops & Tees
124210,180352,16719,2024-01-10,Processing,Processing,A_VERIFIER_ETAT,14.5,Tops & Tees
124228,180375,15604,2024-01-14,Complete,Complete,CANDIDATE_CA,25.989999771118164,Plus
124349,180548,16998,2024-01-18,Processing,Processing,A_VERIFIER_ETAT,9.989999771118164,Tops & Tees
124367,180572,25024,2024-01-10,Returned,Returned,EXCLUE_METIER,25.0,Socks
124694,181044,22459,2024-01-10,Shipped,Shipped,CANDIDATE_CA,160.0,Pants
124989,181468,23247,2024-01-10,Returned,Returned,EXCLUE_METIER,54.0,Shorts
125034,181526,23661,2024-01-07,Processing,Processing,A_VERIFIER_ETAT,45.0,Outerwear & Coats
125037,181530,27102,2024-01-09,Cancelled,Cancelled,EXCLUE_METIER,87.5,Sleep & Lounge
125068,181577,23528,2024-01-27,Cancelled,Cancelled,EXCLUE_METIER,33.54999923706055,Shorts
125093,181614,9795,2024-01-24,Returned,Returned,EXCLUE_METIER,360.0,Sleep & Lounge
